RUN1 START 14:53:29
2026-06-01 14:53:31 [28528] INFO  AutomationFramework - === Global Test Setup Started ===
2026-06-01 14:53:31 [28528] INFO  AutomationFramework - Workers: 1
2026-06-01 14:53:31 [28528] INFO  AutomationFramework - Projects: 7
2026-06-01 14:53:31 [28528] INFO  AutomationFramework - Created report directory: reports/allure-results
2026-06-01 14:53:31 [28528] INFO  AutomationFramework - Created report directory: reports/html-report
2026-06-01 14:53:31 [28528] INFO  AutomationFramework - Created report directory: reports/test-results
2026-06-01 14:53:31 [28528] INFO  AutomationFramework - Created report directory: reports/diagnostics
2026-06-01 14:53:32 [28528] INFO  AutomationFramework - Loading credentials from env source
2026-06-01 14:53:32 [28528] INFO  AutomationFramework - [OK] Credentials loaded for: s-prd-clickauto@psav.com
2026-06-01 14:53:32 [28528] INFO  AutomationFramework - === Global Test Setup Completed ===

Running 370 tests using 1 worker

[auth.setup] existing state stale -> refresh under lock
2026-06-01 14:53:41 [12556] INFO  AutomationFramework - Loading credentials from env source
2026-06-01 14:53:41 [12556] INFO  AutomationFramework - [OK] Credentials loaded for: s-prd-clickauto@psav.com
2026-06-01 14:53:46 [12556] INFO  AutomationFramework - LoginPage constructed for Navigator Cloud
2026-06-01 14:53:46 [12556] INFO  AutomationFramework - Starting Microsoft SSO login for s-prd-clickauto@psav.com
2026-06-01 14:53:46 [12556] INFO  AutomationFramework - Waiting for Navigator Cloud sign-in page...
2026-06-01 14:53:46 [12556] INFO  AutomationFramework - [OK] Clicked "Continue Now" on Navigator Cloud sign-in page
2026-06-01 14:53:46 [12556] INFO  AutomationFramework - Waiting for Microsoft login page...
2026-06-01 14:54:00 [12556] INFO  AutomationFramework - [OK] Microsoft login page loaded
2026-06-01 14:54:00 [12556] INFO  AutomationFramework - Entering email...
2026-06-01 14:54:01 [12556] INFO  AutomationFramework - Waiting for password field...
2026-06-01 14:54:01 [12556] INFO  AutomationFramework - Entering password...
2026-06-01 14:54:02 [12556] INFO  AutomationFramework - "Stay signed in?" prompt detected, clicking Yes...
2026-06-01 14:54:03 [12556] INFO  AutomationFramework - [OK] "Stay signed in" accepted
2026-06-01 14:54:03 [12556] INFO  AutomationFramework - Waiting for redirect to Navigator Cloud...
2026-06-01 14:54:06 [12556] INFO  AutomationFramework - [wait] Waiting for domcontentloaded after redirect...
2026-06-01 14:54:06 [12556] INFO  AutomationFramework - [wait] Waiting for full page load...
2026-06-01 14:54:06 [12556] INFO  AutomationFramework - [OK] Page load complete after redirect
2026-06-01 14:54:08 [12556] INFO  AutomationFramework - Authentication check: [OK] Authenticated -- URL: https://cloudapps-e2e.encoreglobal.com/navigator/locations/1121/home
2026-06-01 14:54:08 [12556] INFO  AutomationFramework - [OK] Microsoft SSO login successful
[auth.setup] login succeeded on attempt 1/3
[auth.setup] state saved -> C:\Users\rutvi\projects\encore_framework\clients\encore\.auth\encore-state.json
[auth.setup] state file validates -> session+csrf cookies present, not expired
  ok   1 [setup] › src\infra\auth.setup.ts:25:6 › acquire shared auth state (36.6s)
2026-06-01 14:54:10 [14804] INFO  AutomationFramework - Loading credentials from env source
2026-06-01 14:54:10 [14804] INFO  AutomationFramework - [OK] Credentials loaded for: s-prd-clickauto@psav.com
2026-06-01 14:54:17 [14804] INFO  AutomationFramework - [OK] Authenticated session ready via shared storageState
2026-06-01 14:54:17 [14804] INFO  AutomationFramework - Navigating to: https://cloudapps-e2e.encoreglobal.com/navigator/locations/1604/settings/local-office
2026-06-01 14:54:18 [14804] INFO  AutomationFramework - [OK] Navigation successful: https://cloudapps-e2e.encoreglobal.com/navigator/locations/1604/settings/local-office
2026-06-01 14:54:23 [14804] INFO  AutomationFramework - [OK] Tab active: tabBasicInformation
2026-06-01 14:54:25 [14804] INFO  AutomationFramework - Text content from lblEctLocationName: 1604 - Parker Palm Springs...
  ok   2 [encore-local-office] › specs\local-office\local-office-ect.spec.ts:27:7 › Local Office Settings — ECT Settings @locations @local-office-ect › TC-LOS-ECT-001: ECT tab — location name, commission link, currency selector (7.8s)
  ok   3 [encore-local-office] › specs\local-office\local-office-ect.spec.ts:46:7 › Local Office Settings — ECT Settings @locations @local-office-ect › TC-LOS-ECT-002: Currency selector — contains USD (222ms)
2026-06-01 14:54:25 [14804] INFO  AutomationFramework - Text content from lblEventProfitTarget: Event Profit Target...
  ok   4 [encore-local-office] › specs\local-office\local-office-ect.spec.ts:52:7 › Local Office Settings — ECT Settings @locations @local-office-ect › TC-LOS-ECT-003: Event Profit Target — label visible, read-only (29ms)
  ok   5 [encore-local-office] › specs\local-office\local-office-ect.spec.ts:58:7 › Local Office Settings — ECT Settings @locations @local-office-ect › TC-LOS-ECT-004: Fixed cost display fields — 7 correct values (181ms)
2026-06-01 14:54:26 [14804] INFO  AutomationFramework - [OK] Save button disabled (btnSaveFixedCosts) — save complete, form pristine
2026-06-01 14:54:30 [14804] INFO  AutomationFramework - [OK] Save button disabled (btnSaveFixedCosts) — save complete, form pristine
  ok   6 [encore-local-office] › specs\local-office\local-office-ect.spec.ts:66:7 › Local Office Settings — ECT Settings @locations @local-office-ect › TC-LOS-ECT-005: Benefits Multiplier — edit, save, persist (4.2s)
2026-06-01 14:54:30 [14804] INFO  AutomationFramework - Navigating to: https://cloudapps-e2e.encoreglobal.com/navigator/locations/1604/settings/local-office
2026-06-01 14:54:30 [14804] INFO  AutomationFramework - [fixture] Auto-accepting beforeunload dialog
2026-06-01 14:54:30 [14804] INFO  AutomationFramework - [dialog] Auto-accepting beforeunload dialog during safe navigation
2026-06-01 14:54:30 [14804] INFO  AutomationFramework - [dialog] Beforeunload dialog already handled by another listener
2026-06-01 14:54:30 [14804] INFO  AutomationFramework - [OK] Navigation successful: https://cloudapps-e2e.encoreglobal.com/navigator/locations/1604/settings/local-office
  ok   7 [encore-local-office] › specs\local-office\local-office-ect.spec.ts:82:7 › Local Office Settings — ECT Settings @locations @local-office-ect › TC-LOS-ECT-006: Historical Subrental % — editable (5.4s)
2026-06-01 14:54:35 [14804] INFO  AutomationFramework - [OK] Tab active: tabBasicInformation
2026-06-01 14:54:37 [14804] INFO  AutomationFramework - Navigating to: https://cloudapps-e2e.encoreglobal.com/navigator/locations/1604/settings/local-office
2026-06-01 14:54:37 [14804] INFO  AutomationFramework - [fixture] Auto-accepting beforeunload dialog
2026-06-01 14:54:37 [14804] INFO  AutomationFramework - [dialog] Auto-accepting beforeunload dialog during safe navigation
2026-06-01 14:54:37 [14804] INFO  AutomationFramework - [dialog] Beforeunload dialog already handled by another listener
2026-06-01 14:54:38 [14804] INFO  AutomationFramework - [OK] Navigation successful: https://cloudapps-e2e.encoreglobal.com/navigator/locations/1604/settings/local-office
  ok   8 [encore-local-office] › specs\local-office\local-office-ect.spec.ts:96:7 › Local Office Settings — ECT Settings @locations @local-office-ect › TC-LOS-ECT-007: Two independent Save buttons (6.5s)
2026-06-01 14:54:41 [14804] INFO  AutomationFramework - Text content from lblLaborCostAssumptions: Labor Cost Assumptions...
  ok   9 [encore-local-office] › specs\local-office\local-office-ect.spec.ts:114:7 › Local Office Settings — ECT Settings @locations @local-office-ect › TC-LOS-ECT-008: Labor Cost Assumptions — class read-only, cost editable (67ms)
2026-06-01 14:54:42 [14804] INFO  AutomationFramework - [OK] Tab active: tabBasicInformation
2026-06-01 14:54:44 [14804] INFO  AutomationFramework - [OK] Save button disabled (btnSaveLaborCosts) — save complete, form pristine
2026-06-01 14:54:48 [14804] INFO  AutomationFramework - [OK] Save button disabled (btnSaveLaborCosts) — save complete, form pristine
  ok  10 [encore-local-office] › specs\local-office\local-office-ect.spec.ts:123:7 › Local Office Settings — ECT Settings @locations @local-office-ect › TC-LOS-ECT-009: Labor cost — edit, save, persist (6.0s)
  ok  11 [encore-local-office] › specs\local-office\local-office-ect.spec.ts:145:7 › Local Office Settings — ECT Settings @locations @local-office-ect › TC-LOS-ECT-010: Labor cost — non-numeric reverts silently (261ms)
2026-06-01 14:54:48 [14804] INFO  AutomationFramework - Text content from lblSubRentalMatrix: SubRental Matrix...
  ok  12 [encore-local-office] › specs\local-office\local-office-ect.spec.ts:153:7 › Local Office Settings — ECT Settings @locations @local-office-ect › TC-LOS-ECT-011: SubRental Matrix — label visible, read-only (50ms)
2026-06-01 14:54:49 [14804] INFO  AutomationFramework - [OK] Save button disabled (btnSaveFixedCosts) — save complete, form pristine
2026-06-01 14:54:49 [14804] INFO  AutomationFramework - Dismissed "Unsaved changes" alertdialog
2026-06-01 14:54:52 [14804] INFO  AutomationFramework - [OK] Save button disabled (btnSaveFixedCosts) — save complete, form pristine
  ok  13 [encore-local-office] › specs\local-office\local-office-ect.spec.ts:159:7 › Local Office Settings — ECT Settings @locations @local-office-ect › TC-LOS-ECT-012: ECT Save — no confirmation dialog, no unsaved dialog after (4.3s)
2026-06-01 14:54:53 [14804] INFO  AutomationFramework - [OK] Save button disabled (btnSaveFixedCosts) — save complete, form pristine
2026-06-01 14:54:56 [14804] INFO  AutomationFramework - [OK] Save button disabled (btnSaveFixedCosts) — save complete, form pristine
  ok  14 [encore-local-office] › specs\local-office\local-office-ect.spec.ts:174:7 › Local Office Settings — ECT Settings @locations @local-office-ect › TC-LOS-ECT-013: Historical Subrental % — edit, save, persist (4.1s)
2026-06-01 14:54:57 [14804] INFO  AutomationFramework - [OK] Tab active: tabBasicInformation
2026-06-01 14:54:59 [14804] INFO  AutomationFramework - [OK] Save button disabled (btnSaveLaborCosts) — save complete, form pristine
2026-06-01 14:55:02 [14804] INFO  AutomationFramework - [OK] Save button disabled (btnSaveLaborCosts) — save complete, form pristine
  ok  15 [encore-local-office] › specs\local-office\local-office-ect.spec.ts:195:9 › Local Office Settings — ECT Settings @locations @local-office-ect › TC-LOS-ECT-014: Labor cost Middle row (index 33) — persistence (5.9s)
2026-06-01 14:55:03 [14804] INFO  AutomationFramework - [OK] Tab active: tabBasicInformation
2026-06-01 14:55:05 [14804] INFO  AutomationFramework - [OK] Save button disabled (btnSaveLaborCosts) — save complete, form pristine
2026-06-01 14:55:08 [14804] INFO  AutomationFramework - [OK] Save button disabled (btnSaveLaborCosts) — save complete, form pristine
  ok  16 [encore-local-office] › specs\local-office\local-office-ect.spec.ts:195:9 › Local Office Settings — ECT Settings @locations @local-office-ect › TC-LOS-ECT-015: Labor cost Last row (index 65) — persistence (6.0s)
2026-06-01 14:55:09 [14804] INFO  AutomationFramework - [OK] Tab active: tabBasicInformation
2026-06-01 14:55:11 [14804] INFO  AutomationFramework - [OK] Save button disabled (btnSaveFixedCosts) — save complete, form pristine
2026-06-01 14:55:11 [14804] INFO  AutomationFramework - Navigating to: https://cloudapps-e2e.encoreglobal.com/navigator/locations/1604/settings/local-office
2026-06-01 14:55:12 [14804] INFO  AutomationFramework - [OK] Navigation successful: https://cloudapps-e2e.encoreglobal.com/navigator/locations/1604/settings/local-office
2026-06-01 14:55:18 [14804] INFO  AutomationFramework - [OK] Save button disabled (btnSaveFixedCosts) — save complete, form pristine
  ok  17 [encore-local-office] › specs\local-office\local-office-ect.spec.ts:217:7 › Local Office Settings — ECT Settings @locations @local-office-ect › TC-LOS-ECT-016: Multi-field Fixed Costs — single save persists both BM and HS (9.3s)
2026-06-01 14:55:18 [14804] INFO  AutomationFramework - [OK] Tab active: tabBasicInformation
  ok  18 [encore-local-office] › specs\local-office\local-office-ect.spec.ts:249:7 › Local Office Settings — ECT Settings @locations @local-office-ect › TC-LOS-ECT-017: Discard unsaved changes — no persistence (4.5s)
2026-06-01 14:55:22 [14804] INFO  AutomationFramework - [OK] Tab active: tabBasicInformation
  ok  19 [encore-local-office] › specs\local-office\local-office-history.spec.ts:17:7 › Local Office Settings — History Tab @locations @local-office-history › TC-LOS-HIS-001: History tab — type selector and table visible (4.3s)
  ok  20 [encore-local-office] › specs\local-office\local-office-history.spec.ts:28:7 › Local Office Settings — History Tab @locations @local-office-history › TC-LOS-HIS-002: History table has column headers (42ms)
  ok  21 [encore-local-office] › specs\local-office\local-office-history.spec.ts:35:7 › Local Office Settings — History Tab @locations @local-office-history › TC-LOS-HIS-003: History table has data for office 1604 (38ms)
  ok  22 [encore-local-office] › specs\local-office\local-office-history.spec.ts:40:7 › Local Office Settings — History Tab @locations @local-office-history › TC-LOS-HIS-004: History type selector — 2 options (237ms)
  ok  23 [encore-local-office] › specs\local-office\local-office-history.spec.ts:49:7 › Local Office Settings — History Tab @locations @local-office-history › TC-LOS-HIS-005: Pagination controls present (47ms)
  x   24 [encore-local-office] › specs\local-office\local-office-history.spec.ts:55:7 › Local Office Settings — History Tab @locations @local-office-history › TC-LOS-HIS-006: History tab is read-only — no Save, no editable fields (197ms)
2026-06-01 14:55:29 [12476] INFO  AutomationFramework - Loading credentials from env source
2026-06-01 14:55:29 [12476] INFO  AutomationFramework - [OK] Credentials loaded for: s-prd-clickauto@psav.com
2026-06-01 14:55:35 [12476] INFO  AutomationFramework - [OK] Authenticated session ready via shared storageState
2026-06-01 14:55:35 [12476] INFO  AutomationFramework - Navigating to: https://cloudapps-e2e.encoreglobal.com/navigator/locations/1604/settings/local-office
2026-06-01 14:55:37 [12476] INFO  AutomationFramework - [OK] Navigation successful: https://cloudapps-e2e.encoreglobal.com/navigator/locations/1604/settings/local-office
  x   25 [encore-local-office] › specs\local-office\local-office-history.spec.ts:55:7 › Local Office Settings — History Tab @locations @local-office-history › TC-LOS-HIS-006: History tab is read-only — no Save, no editable fields (retry #1) (6.1s)
2026-06-01 14:55:43 [35040] INFO  AutomationFramework - Loading credentials from env source
2026-06-01 14:55:43 [35040] INFO  AutomationFramework - [OK] Credentials loaded for: s-prd-clickauto@psav.com
2026-06-01 14:55:49 [35040] INFO  AutomationFramework - [OK] Authenticated session ready via shared storageState
2026-06-01 14:55:49 [35040] INFO  AutomationFramework - Navigating to: https://cloudapps-e2e.encoreglobal.com/navigator/locations/1604/settings/local-office
2026-06-01 14:55:49 [35040] INFO  AutomationFramework - [OK] Navigation successful: https://cloudapps-e2e.encoreglobal.com/navigator/locations/1604/settings/local-office
  ok  26 [encore-local-office] › specs\local-office\local-office-history.spec.ts:60:7 › Local Office Settings — History Tab @locations @local-office-history › TC-LOS-HIS-007: Sort buttons present (4.9s)
2026-06-01 14:55:54 [35040] INFO  AutomationFramework - [OK] Tab active: tabBasicInformation
  ok  27 [encore-local-office] › specs\local-office\local-office-settings.spec.ts:39:7 › Local Office Settings — Basic Information @locations @local-office-settings › TC-LOS-BAS-001: Page load — title, 3 tabs, Basic Info active, Save disabled (532ms)
  ok  28 [encore-local-office] › specs\local-office\local-office-settings.spec.ts:102:7 › Local Office Settings — Basic Information @locations @local-office-settings › TC-LOS-BAS-002: Default date offsets — all 6 match expected values (90ms)
  ok  29 [encore-local-office] › specs\local-office\local-office-settings.spec.ts:109:7 › Local Office Settings — Basic Information @locations @local-office-settings › TC-LOS-BAS-003: Save button disabled on fresh load (21ms)
  ok  30 [encore-local-office] › specs\local-office\local-office-settings.spec.ts:114:7 › Local Office Settings — Basic Information @locations @local-office-settings › TC-LOS-BAS-004: Editing date offset enables Save (410ms)
2026-06-01 14:55:55 [35040] INFO  AutomationFramework - [OK] Save button enabled
2026-06-01 14:55:55 [35040] INFO  AutomationFramework - Save confirmation dialog appeared -- confirming
2026-06-01 14:55:58 [35040] INFO  AutomationFramework - [OK] Save complete (btnSave)
2026-06-01 14:55:58 [35040] INFO  AutomationFramework - Navigating to: https://cloudapps-e2e.encoreglobal.com/navigator/locations/1604/settings/local-office
2026-06-01 14:55:58 [35040] INFO  AutomationFramework - [OK] Navigation successful: https://cloudapps-e2e.encoreglobal.com/navigator/locations/1604/settings/local-office
2026-06-01 14:56:00 [35040] INFO  AutomationFramework - [OK] Save button enabled
2026-06-01 14:56:00 [35040] INFO  AutomationFramework - Save confirmation dialog appeared -- confirming
2026-06-01 14:56:01 [35040] INFO  AutomationFramework - [OK] Save complete (btnSave)
  ok  31 [encore-local-office] › specs\local-office\local-office-settings.spec.ts:122:7 › Local Office Settings — Basic Information @locations @local-office-settings › TC-LOS-BAS-005: Date offset — edit, save, persist after reload (6.5s)
2026-06-01 14:56:02 [35040] INFO  AutomationFramework - Navigating to: https://cloudapps-e2e.encoreglobal.com/navigator/locations/1604/settings/local-office
2026-06-01 14:56:02 [35040] INFO  AutomationFramework - [OK] Navigation successful: https://cloudapps-e2e.encoreglobal.com/navigator/locations/1604/settings/local-office
  ok  32 [encore-local-office] › specs\local-office\local-office-settings.spec.ts:136:7 › Local Office Settings — Basic Information @locations @local-office-settings › TC-LOS-BAS-006: Non-numeric input triggers aria-invalid, Save disabled (2.6s)
  ok  33 [encore-local-office] › specs\local-office\local-office-settings.spec.ts:145:7 › Local Office Settings — Basic Information @locations @local-office-settings › TC-LOS-BAS-007: NM-1264 — Delivery < Prep triggers aria-invalid on Delivery (336ms)
  ok  34 [encore-local-office] › specs\local-office\local-office-settings.spec.ts:154:7 › Local Office Settings — Basic Information @locations @local-office-settings › TC-LOS-BAS-008: NM-1264 error recovery — correcting value clears error (538ms)
  ok  35 [encore-local-office] › specs\local-office\local-office-settings.spec.ts:166:7 › Local Office Settings — Basic Information @locations @local-office-settings › TC-LOS-BAS-009: Negative value accepted for date offset (470ms)
  ok  36 [encore-local-office] › specs\local-office\local-office-settings.spec.ts:175:7 › Local Office Settings — Basic Information @locations @local-office-settings › TC-LOS-BAS-010: Zero value accepted for date offset (446ms)
  ok  37 [encore-local-office] › specs\local-office\local-office-settings.spec.ts:183:7 › Local Office Settings — Basic Information @locations @local-office-settings › TC-LOS-BAS-011: Checkbox default states — Fulfillment/QC/Labor/Job (226ms)
2026-06-01 14:56:06 [35040] INFO  AutomationFramework - Checked Radix checkbox: chkUseFulfillment
2026-06-01 14:56:07 [35040] INFO  AutomationFramework - Unchecked Radix checkbox: chkUseFulfillment
  ok  38 [encore-local-office] › specs\local-office\local-office-settings.spec.ts:192:7 › Local Office Settings — Basic Information @locations @local-office-settings › TC-LOS-BAS-012: Fulfillment toggle cascades to QC enabled/disabled (403ms)
2026-06-01 14:56:07 [35040] INFO  AutomationFramework - Checked Radix checkbox: chkUseFulfillment
2026-06-01 14:56:07 [35040] INFO  AutomationFramework - Save confirmation dialog appeared -- confirming
2026-06-01 14:56:08 [35040] INFO  AutomationFramework - [OK] Save complete (btnSave)
2026-06-01 14:56:08 [35040] INFO  AutomationFramework - Navigating to: https://cloudapps-e2e.encoreglobal.com/navigator/locations/1604/settings/local-office
2026-06-01 14:56:09 [35040] INFO  AutomationFramework - [OK] Navigation successful: https://cloudapps-e2e.encoreglobal.com/navigator/locations/1604/settings/local-office
2026-06-01 14:56:11 [35040] INFO  AutomationFramework - Unchecked Radix checkbox: chkUseFulfillment
2026-06-01 14:56:11 [35040] INFO  AutomationFramework - Save confirmation dialog appeared -- confirming
2026-06-01 14:56:11 [35040] INFO  AutomationFramework - [OK] Save complete (btnSave)
  ok  39 [encore-local-office] › specs\local-office\local-office-settings.spec.ts:208:7 › Local Office Settings — Basic Information @locations @local-office-settings › TC-LOS-BAS-013: Fulfillment checked + QC cascade persists after save (4.5s)
2026-06-01 14:56:12 [35040] INFO  AutomationFramework - Checked Radix checkbox: chkDefaultLaborToHourly
2026-06-01 14:56:12 [35040] INFO  AutomationFramework - Save confirmation dialog appeared -- confirming
2026-06-01 14:56:12 [35040] INFO  AutomationFramework - [OK] Save complete (btnSave)
2026-06-01 14:56:12 [35040] INFO  AutomationFramework - Navigating to: https://cloudapps-e2e.encoreglobal.com/navigator/locations/1604/settings/local-office
2026-06-01 14:56:13 [35040] INFO  AutomationFramework - [OK] Navigation successful: https://cloudapps-e2e.encoreglobal.com/navigator/locations/1604/settings/local-office
2026-06-01 14:56:15 [35040] INFO  AutomationFramework - Unchecked Radix checkbox: chkDefaultLaborToHourly
2026-06-01 14:56:15 [35040] INFO  AutomationFramework - Save confirmation dialog appeared -- confirming
2026-06-01 14:56:16 [35040] INFO  AutomationFramework - [OK] Save complete (btnSave)
  ok  40 [encore-local-office] › specs\local-office\local-office-settings.spec.ts:228:7 › Local Office Settings — Basic Information @locations @local-office-settings › TC-LOS-BAS-014: Default Labor to Hourly toggle persists after save (4.4s)
2026-06-01 14:56:16 [35040] INFO  AutomationFramework - Navigating to: https://cloudapps-e2e.encoreglobal.com/navigator/locations/1604/settings/local-office
2026-06-01 14:56:17 [35040] INFO  AutomationFramework - [OK] Navigation successful: https://cloudapps-e2e.encoreglobal.com/navigator/locations/1604/settings/local-office
  ok  41 [encore-local-office] › specs\local-office\local-office-settings.spec.ts:241:7 › Local Office Settings — Basic Information @locations @local-office-settings › TC-LOS-BAS-015: Empty Phone 1 triggers aria-invalid, Save disabled (3.7s)
2026-06-01 14:56:20 [35040] INFO  AutomationFramework - Navigating to: https://cloudapps-e2e.encoreglobal.com/navigator/locations/1604/settings/local-office
2026-06-01 14:56:21 [35040] INFO  AutomationFramework - [OK] Navigation successful: https://cloudapps-e2e.encoreglobal.com/navigator/locations/1604/settings/local-office
  ok  42 [encore-local-office] › specs\local-office\local-office-settings.spec.ts:251:7 › Local Office Settings — Basic Information @locations @local-office-settings › TC-LOS-BAS-016: Phone 1 accepts non-phone format — no format validation (3.3s)
2026-06-01 14:56:23 [35040] INFO  AutomationFramework - [OK] Save button enabled
2026-06-01 14:56:23 [35040] INFO  AutomationFramework - Save confirmation dialog appeared -- confirming
2026-06-01 14:56:23 [35040] INFO  AutomationFramework - [OK] Save complete (btnSave)
2026-06-01 14:56:23 [35040] INFO  AutomationFramework - Navigating to: https://cloudapps-e2e.encoreglobal.com/navigator/locations/1604/settings/local-office
2026-06-01 14:56:24 [35040] INFO  AutomationFramework - [OK] Navigation successful: https://cloudapps-e2e.encoreglobal.com/navigator/locations/1604/settings/local-office
2026-06-01 14:56:27 [35040] INFO  AutomationFramework - [OK] Save button enabled
2026-06-01 14:56:27 [35040] INFO  AutomationFramework - Save confirmation dialog appeared -- confirming
2026-06-01 14:56:27 [35040] INFO  AutomationFramework - [OK] Save complete (btnSave)
  ok  43 [encore-local-office] › specs\local-office\local-office-settings.spec.ts:261:7 › Local Office Settings — Basic Information @locations @local-office-settings › TC-LOS-BAS-017: Valid phone persists after save and reload (4.7s)
2026-06-01 14:56:27 [35040] INFO  AutomationFramework - Navigating to: https://cloudapps-e2e.encoreglobal.com/navigator/locations/1604/settings/local-office
2026-06-01 14:56:28 [35040] INFO  AutomationFramework - [OK] Navigation successful: https://cloudapps-e2e.encoreglobal.com/navigator/locations/1604/settings/local-office
  ok  44 [encore-local-office] › specs\local-office\local-office-settings.spec.ts:275:7 › Local Office Settings — Basic Information @locations @local-office-settings › TC-LOS-BAS-018: Phone 1 error recovery — valid phone clears aria-invalid (3.0s)
  ok  45 [encore-local-office] › specs\local-office\local-office-settings.spec.ts:287:7 › Local Office Settings — Basic Information @locations @local-office-settings › TC-LOS-BAS-019: Phone 2 optional — empty does not trigger validation (190ms)
2026-06-01 14:56:31 [35040] INFO  AutomationFramework - Checked Radix checkbox: chkDefaultJobOneDayEvent
2026-06-01 14:56:31 [35040] INFO  AutomationFramework - Checked Radix checkbox: chkDefaultJobOneDayOutside
2026-06-01 14:56:31 [35040] INFO  AutomationFramework - Checked Radix checkbox: chkDefaultJobOneDayInternal
2026-06-01 14:56:31 [35040] INFO  AutomationFramework - Unchecked Radix checkbox: chkDefaultJobOneDayEvent
2026-06-01 14:56:31 [35040] INFO  AutomationFramework - Unchecked Radix checkbox: chkDefaultJobOneDayOutside
2026-06-01 14:56:31 [35040] INFO  AutomationFramework - Unchecked Radix checkbox: chkDefaultJobOneDayInternal
  ok  46 [encore-local-office] › specs\local-office\local-office-settings.spec.ts:293:7 › Local Office Settings — Basic Information @locations @local-office-settings › TC-LOS-BAS-020: Default New Job 1 Day — 3 sub-checkboxes toggle independently (768ms)
  ok  47 [encore-local-office] › specs\local-office\local-office-settings.spec.ts:306:7 › Local Office Settings — Basic Information @locations @local-office-settings › TC-LOS-BAS-021: Default Order Type — 2 options (Event, Outside) (227ms)
2026-06-01 14:56:32 [35040] INFO  AutomationFramework - [OK] Selected combobox option "Outside" for drpDefaultOrderType
2026-06-01 14:56:32 [35040] INFO  AutomationFramework - Save confirmation dialog appeared -- confirming
2026-06-01 14:56:33 [35040] INFO  AutomationFramework - [OK] Save complete (btnSave)
2026-06-01 14:56:33 [35040] INFO  AutomationFramework - Navigating to: https://cloudapps-e2e.encoreglobal.com/navigator/locations/1604/settings/local-office
2026-06-01 14:56:34 [35040] INFO  AutomationFramework - [OK] Navigation successful: https://cloudapps-e2e.encoreglobal.com/navigator/locations/1604/settings/local-office
2026-06-01 14:56:38 [35040] INFO  AutomationFramework - [OK] Selected combobox option "Event" for drpDefaultOrderType
2026-06-01 14:56:38 [35040] INFO  AutomationFramework - Save confirmation dialog appeared -- confirming
2026-06-01 14:56:39 [35040] INFO  AutomationFramework - [OK] Save complete (btnSave)
  ok  48 [encore-local-office] › specs\local-office\local-office-settings.spec.ts:318:7 › Local Office Settings — Basic Information @locations @local-office-settings › TC-LOS-BAS-022: Default Order Type — selection persists after save (7.2s)
2026-06-01 14:56:39 [35040] INFO  AutomationFramework - Navigating to: https://cloudapps-e2e.encoreglobal.com/navigator/locations/1604/settings/local-office
2026-06-01 14:56:39 [35040] INFO  AutomationFramework - [OK] Navigation successful: https://cloudapps-e2e.encoreglobal.com/navigator/locations/1604/settings/local-office
2026-06-01 14:56:41 [35040] INFO  AutomationFramework - [OK] Save button enabled
2026-06-01 14:56:42 [35040] INFO  AutomationFramework - Save confirmation dialog appeared -- confirming
2026-06-01 14:56:43 [35040] INFO  AutomationFramework - [OK] Save complete (btnSave)
2026-06-01 14:56:43 [35040] INFO  AutomationFramework - Navigating to: https://cloudapps-e2e.encoreglobal.com/navigator/locations/1604/settings/local-office
2026-06-01 14:56:43 [35040] INFO  AutomationFramework - [OK] Navigation successful: https://cloudapps-e2e.encoreglobal.com/navigator/locations/1604/settings/local-office
2026-06-01 14:56:45 [35040] INFO  AutomationFramework - [OK] Save button enabled
2026-06-01 14:56:45 [35040] INFO  AutomationFramework - Save confirmation dialog appeared -- confirming
2026-06-01 14:56:46 [35040] INFO  AutomationFramework - [OK] Save complete (btnSave)
  ok  49 [encore-local-office] › specs\local-office\local-office-settings.spec.ts:337:7 › Local Office Settings — Basic Information @locations @local-office-settings › TC-LOS-BAS-023: PO Number persists after save and reload (7.5s)
2026-06-01 14:56:46 [35040] INFO  AutomationFramework - Navigating to: https://cloudapps-e2e.encoreglobal.com/navigator/locations/1604/settings/local-office
2026-06-01 14:56:47 [35040] INFO  AutomationFramework - [OK] Navigation successful: https://cloudapps-e2e.encoreglobal.com/navigator/locations/1604/settings/local-office
2026-06-01 14:56:49 [35040] INFO  AutomationFramework - [OK] Save button enabled
2026-06-01 14:56:50 [35040] INFO  AutomationFramework - Save confirmation dialog appeared -- confirming
2026-06-01 14:56:50 [35040] INFO  AutomationFramework - [OK] Save complete (btnSave)
2026-06-01 14:56:50 [35040] INFO  AutomationFramework - Navigating to: https://cloudapps-e2e.encoreglobal.com/navigator/locations/1604/settings/local-office
2026-06-01 14:56:51 [35040] INFO  AutomationFramework - [OK] Navigation successful: https://cloudapps-e2e.encoreglobal.com/navigator/locations/1604/settings/local-office
2026-06-01 14:56:53 [35040] INFO  AutomationFramework - [OK] Save button enabled
2026-06-01 14:56:53 [35040] INFO  AutomationFramework - Save confirmation dialog appeared -- confirming
2026-06-01 14:56:54 [35040] INFO  AutomationFramework - [OK] Save complete (btnSave)
  ok  50 [encore-local-office] › specs\local-office\local-office-settings.spec.ts:354:7 › Local Office Settings — Basic Information @locations @local-office-settings › TC-LOS-BAS-024: PO Number Label persists after save and reload (8.0s)
  ok  51 [encore-local-office] › specs\local-office\local-office-settings.spec.ts:370:7 › Local Office Settings — Basic Information @locations @local-office-settings › TC-LOS-BAS-025: Section Configuration — correct active sections (198ms)
2026-06-01 14:56:55 [35040] INFO  AutomationFramework - Navigating to: https://cloudapps-e2e.encoreglobal.com/navigator/locations/1604/settings/local-office
2026-06-01 14:56:55 [35040] INFO  AutomationFramework - [OK] Navigation successful: https://cloudapps-e2e.encoreglobal.com/navigator/locations/1604/settings/local-office
2026-06-01 14:56:58 [35040] INFO  AutomationFramework - Navigating to: https://cloudapps-e2e.encoreglobal.com/navigator/locations/1604/settings/local-office
2026-06-01 14:56:58 [35040] INFO  AutomationFramework - [fixture] Auto-accepting beforeunload dialog
2026-06-01 14:56:58 [35040] INFO  AutomationFramework - [dialog] Auto-accepting beforeunload dialog during safe navigation
2026-06-01 14:56:58 [35040] INFO  AutomationFramework - [dialog] Beforeunload dialog already handled by another listener
2026-06-01 14:56:58 [35040] INFO  AutomationFramework - [OK] Navigation successful: https://cloudapps-e2e.encoreglobal.com/navigator/locations/1604/settings/local-office
  ok  52 [encore-local-office] › specs\local-office\local-office-settings.spec.ts:379:7 › Local Office Settings — Basic Information @locations @local-office-settings › TC-LOS-BAS-026: Section toggle — checkmark disappears/reappears (5.8s)
2026-06-01 14:57:00 [35040] INFO  AutomationFramework - Navigating to: https://cloudapps-e2e.encoreglobal.com/navigator/locations/1604/settings/local-office
2026-06-01 14:57:02 [35040] INFO  AutomationFramework - [OK] Navigation successful: https://cloudapps-e2e.encoreglobal.com/navigator/locations/1604/settings/local-office
  ok  53 [encore-local-office] › specs\local-office\local-office-settings.spec.ts:393:7 › Local Office Settings — Basic Information @locations @local-office-settings › TC-LOS-BAS-027: Section name edit enables Save (3.4s)
2026-06-01 14:57:04 [35040] INFO  AutomationFramework - Navigating to: https://cloudapps-e2e.encoreglobal.com/navigator/locations/1604/settings/local-office
2026-06-01 14:57:04 [35040] INFO  AutomationFramework - [fixture] Auto-accepting beforeunload dialog
2026-06-01 14:57:04 [35040] INFO  AutomationFramework - [dialog] Auto-accepting beforeunload dialog during safe navigation
2026-06-01 14:57:04 [35040] INFO  AutomationFramework - [dialog] Beforeunload dialog already handled by another listener
2026-06-01 14:57:05 [35040] INFO  AutomationFramework - [OK] Navigation successful: https://cloudapps-e2e.encoreglobal.com/navigator/locations/1604/settings/local-office
  ok  54 [encore-local-office] › specs\local-office\local-office-settings.spec.ts:407:7 › Local Office Settings — Basic Information @locations @local-office-settings › TC-LOS-BAS-028: Add new section row (3.3s)
2026-06-01 14:57:07 [35040] INFO  AutomationFramework - Clicking element: btnDefaultSection
2026-06-01 14:57:07 [35040] INFO  AutomationFramework - [OK] Click successful: btnDefaultSection
2026-06-01 14:57:07 [35040] INFO  AutomationFramework - Navigating to: https://cloudapps-e2e.encoreglobal.com/navigator/locations/1604/settings/local-office
2026-06-01 14:57:07 [35040] INFO  AutomationFramework - [fixture] Auto-accepting beforeunload dialog
2026-06-01 14:57:07 [35040] INFO  AutomationFramework - [dialog] Auto-accepting beforeunload dialog during safe navigation
2026-06-01 14:57:07 [35040] INFO  AutomationFramework - [dialog] Beforeunload dialog already handled by another listener
2026-06-01 14:57:08 [35040] INFO  AutomationFramework - [OK] Navigation successful: https://cloudapps-e2e.encoreglobal.com/navigator/locations/1604/settings/local-office
  ok  55 [encore-local-office] › specs\local-office\local-office-settings.spec.ts:415:7 › Local Office Settings — Basic Information @locations @local-office-settings › TC-LOS-BAS-029: Default button resets sections (3.8s)
  ok  56 [encore-local-office] › specs\local-office\local-office-settings.spec.ts:424:7 › Local Office Settings — Basic Information @locations @local-office-settings › TC-LOS-BAS-030: Room Configuration — table structure and baseline (36ms)
2026-06-01 14:57:11 [35040] INFO  AutomationFramework - Navigating to: https://cloudapps-e2e.encoreglobal.com/navigator/locations/1604/settings/local-office
2026-06-01 14:57:11 [35040] INFO  AutomationFramework - [fixture] Auto-accepting beforeunload dialog
2026-06-01 14:57:11 [35040] INFO  AutomationFramework - [dialog] Auto-accepting beforeunload dialog during safe navigation
2026-06-01 14:57:11 [35040] INFO  AutomationFramework - [dialog] Beforeunload dialog already handled by another listener
2026-06-01 14:57:12 [35040] INFO  AutomationFramework - [OK] Navigation successful: https://cloudapps-e2e.encoreglobal.com/navigator/locations/1604/settings/local-office
  ok  57 [encore-local-office] › specs\local-office\local-office-settings.spec.ts:433:7 › Local Office Settings — Basic Information @locations @local-office-settings › TC-LOS-BAS-031: Add room row (4.0s)
  ok  58 [encore-local-office] › specs\local-office\local-office-settings.spec.ts:441:7 › Local Office Settings — Basic Information @locations @local-office-settings › TC-LOS-BAS-032: Logo checkbox default states (55ms)
  ok  59 [encore-local-office] › specs\local-office\local-office-settings.spec.ts:450:7 › Local Office Settings — Basic Information @locations @local-office-settings › TC-LOS-BAS-033: Company Logo combobox — has options (2.0s)
2026-06-01 14:57:18 [35040] INFO  AutomationFramework - [OK] Selected combobox option "Header with Dust Ears and Text" for drpCompanyLogo
2026-06-01 14:57:20 [35040] INFO  AutomationFramework - [OK] Selected combobox option "SAVLogoNew" for drpCompanyLogo
  ok  60 [encore-local-office] › specs\local-office\local-office-settings.spec.ts:456:7 › Local Office Settings — Basic Information @locations @local-office-settings › TC-LOS-BAS-034: Company Logo — preview updates on selection (2.9s)
  ok  61 [encore-local-office] › specs\local-office\local-office-settings.spec.ts:469:7 › Local Office Settings — Basic Information @locations @local-office-settings › TC-LOS-BAS-035: Discount exemption toggles independently (167ms)
2026-06-01 14:57:20 [35040] INFO  AutomationFramework - [OK] Save button enabled
2026-06-01 14:57:21 [35040] INFO  AutomationFramework - Navigating to: https://cloudapps-e2e.encoreglobal.com/navigator/locations/1604/settings/local-office
2026-06-01 14:57:21 [35040] INFO  AutomationFramework - [fixture] Auto-accepting beforeunload dialog
2026-06-01 14:57:21 [35040] INFO  AutomationFramework - [dialog] Auto-accepting beforeunload dialog during safe navigation
2026-06-01 14:57:21 [35040] INFO  AutomationFramework - [dialog] Beforeunload dialog already handled by another listener
2026-06-01 14:57:21 [35040] INFO  AutomationFramework - [OK] Navigation successful: https://cloudapps-e2e.encoreglobal.com/navigator/locations/1604/settings/local-office
  ok  62 [encore-local-office] › specs\local-office\local-office-settings.spec.ts:479:7 › Local Office Settings — Basic Information @locations @local-office-settings › TC-LOS-BAS-036: Save dialog — exact text and No cancels (3.0s)
2026-06-01 14:57:23 [35040] INFO  AutomationFramework - [OK] Save button enabled
2026-06-01 14:57:24 [35040] INFO  AutomationFramework - Navigating to: https://cloudapps-e2e.encoreglobal.com/navigator/locations/1604/settings/local-office
2026-06-01 14:57:24 [35040] INFO  AutomationFramework - [fixture] Auto-accepting beforeunload dialog
2026-06-01 14:57:24 [35040] INFO  AutomationFramework - [dialog] Auto-accepting beforeunload dialog during safe navigation
2026-06-01 14:57:24 [35040] INFO  AutomationFramework - [dialog] Beforeunload dialog already handled by another listener
2026-06-01 14:57:25 [35040] INFO  AutomationFramework - [OK] Navigation successful: https://cloudapps-e2e.encoreglobal.com/navigator/locations/1604/settings/local-office
  ok  63 [encore-local-office] › specs\local-office\local-office-settings.spec.ts:491:7 › Local Office Settings — Basic Information @locations @local-office-settings › TC-LOS-BAS-037: Unsaved changes — Stay keeps changes (3.4s)
2026-06-01 14:57:27 [35040] INFO  AutomationFramework - [OK] Save button enabled
  ok  64 [encore-local-office] › specs\local-office\local-office-settings.spec.ts:504:7 › Local Office Settings — Basic Information @locations @local-office-settings › TC-LOS-BAS-038: Unsaved changes — Discard navigates away (1.1s)
2026-06-01 14:57:28 [35040] INFO  AutomationFramework - Save confirmation dialog appeared -- confirming
2026-06-01 14:57:29 [35040] INFO  AutomationFramework - [OK] Save complete (btnSave)
2026-06-01 14:57:29 [35040] INFO  AutomationFramework - Navigating to: https://cloudapps-e2e.encoreglobal.com/navigator/locations/1604/settings/local-office
2026-06-01 14:57:30 [35040] INFO  AutomationFramework - [OK] Navigation successful: https://cloudapps-e2e.encoreglobal.com/navigator/locations/1604/settings/local-office
2026-06-01 14:57:32 [35040] INFO  AutomationFramework - Save confirmation dialog appeared -- confirming
2026-06-01 14:57:32 [35040] INFO  AutomationFramework - [OK] Save complete (btnSave)
  ok  65 [encore-local-office] › specs\local-office\local-office-settings.spec.ts:518:7 › Local Office Settings — Basic Information @locations @local-office-settings › TC-LOS-BAS-039: XSS in PO Number — stored as plain text, never executed (4.4s)
2026-06-01 14:57:32 [35040] INFO  AutomationFramework - Navigating to: https://cloudapps-e2e.encoreglobal.com/navigator/locations/1604/settings/local-office
2026-06-01 14:57:33 [35040] INFO  AutomationFramework - [OK] Navigation successful: https://cloudapps-e2e.encoreglobal.com/navigator/locations/1604/settings/local-office
2026-06-01 14:57:36 [35040] INFO  AutomationFramework - Navigating to: https://cloudapps-e2e.encoreglobal.com/navigator/locations/1604/settings/local-office
2026-06-01 14:57:36 [35040] INFO  AutomationFramework - [OK] Navigation successful: https://cloudapps-e2e.encoreglobal.com/navigator/locations/1604/settings/local-office
  ok  66 [encore-local-office] › specs\local-office\local-office-settings.spec.ts:541:7 › Local Office Settings — Basic Information @locations @local-office-settings › TC-LOS-BAS-047: Section edit → Escape does NOT revert (no cancel-on-Escape in live app) (5.9s)
2026-06-01 14:57:38 [35040] INFO  AutomationFramework - Navigating to: https://cloudapps-e2e.encoreglobal.com/navigator/locations/1604/settings/local-office
2026-06-01 14:57:40 [35040] INFO  AutomationFramework - [OK] Navigation successful: https://cloudapps-e2e.encoreglobal.com/navigator/locations/1604/settings/local-office
2026-06-01 14:57:44 [35040] INFO  AutomationFramework - Navigating to: https://cloudapps-e2e.encoreglobal.com/navigator/locations/1604/settings/local-office
2026-06-01 14:57:45 [35040] INFO  AutomationFramework - [OK] Navigation successful: https://cloudapps-e2e.encoreglobal.com/navigator/locations/1604/settings/local-office
  ok  67 [encore-local-office] › specs\local-office\local-office-settings.spec.ts:561:7 › Local Office Settings — Basic Information @locations @local-office-settings › TC-LOS-BAS-053: Positive value in "relative to start" fields → aria-invalid (8.9s)
2026-06-01 14:57:48 [35040] INFO  AutomationFramework - Navigating to: https://cloudapps-e2e.encoreglobal.com/navigator/locations/1604/settings/local-office
2026-06-01 14:57:49 [35040] INFO  AutomationFramework - [OK] Navigation successful: https://cloudapps-e2e.encoreglobal.com/navigator/locations/1604/settings/local-office
  ok  68 [encore-local-office] › specs\local-office\local-office-settings.spec.ts:578:7 › Local Office Settings — Basic Information @locations @local-office-settings › TC-LOS-BAS-054: Negative value in "relative to end" fields → aria-invalid (4.2s)
2026-06-01 14:57:51 [35040] INFO  AutomationFramework - Navigating to: https://cloudapps-e2e.encoreglobal.com/navigator/locations/1604/settings/local-office
2026-06-01 14:57:51 [35040] INFO  AutomationFramework - [fixture] Auto-accepting beforeunload dialog
2026-06-01 14:57:51 [35040] INFO  AutomationFramework - [dialog] Auto-accepting beforeunload dialog during safe navigation
2026-06-01 14:57:51 [35040] INFO  AutomationFramework - [dialog] Beforeunload dialog already handled by another listener
2026-06-01 14:57:52 [35040] INFO  AutomationFramework - [OK] Navigation successful: https://cloudapps-e2e.encoreglobal.com/navigator/locations/1604/settings/local-office
  ok  69 [encore-local-office] › specs\local-office\local-office-settings.spec.ts:592:7 › Local Office Settings — Basic Information @locations @local-office-settings › TC-LOS-BAS-055: Non-numeric input on Return field triggers aria-invalid (3.5s)
2026-06-01 14:57:55 [35040] INFO  AutomationFramework - Navigating to: https://cloudapps-e2e.encoreglobal.com/navigator/locations/1604/settings/local-office
2026-06-01 14:57:55 [35040] INFO  AutomationFramework - [fixture] Auto-accepting beforeunload dialog
2026-06-01 14:57:55 [35040] INFO  AutomationFramework - [dialog] Auto-accepting beforeunload dialog during safe navigation
2026-06-01 14:57:55 [35040] INFO  AutomationFramework - [dialog] Beforeunload dialog already handled by another listener
2026-06-01 14:57:55 [35040] INFO  AutomationFramework - [OK] Navigation successful: https://cloudapps-e2e.encoreglobal.com/navigator/locations/1604/settings/local-office
  ok  70 [encore-local-office] › specs\local-office\local-office-settings.spec.ts:606:7 › Local Office Settings — Basic Information @locations @local-office-settings › TC-LOS-BAS-056: Non-numeric input on Delivery field triggers aria-invalid (3.1s)
2026-06-01 14:57:58 [35040] INFO  AutomationFramework - Navigating to: https://cloudapps-e2e.encoreglobal.com/navigator/locations/1604/settings/local-office
2026-06-01 14:57:59 [35040] INFO  AutomationFramework - [OK] Navigation successful: https://cloudapps-e2e.encoreglobal.com/navigator/locations/1604/settings/local-office
  ok  71 [encore-local-office] › specs\local-office\local-office-settings.spec.ts:619:7 › Local Office Settings — Basic Information @locations @local-office-settings › TC-LOS-BAS-061: MaxLen boundary — 3-char field rejects 4+ chars (2.8s)
2026-06-01 14:58:01 [35040] INFO  AutomationFramework - Navigating to: https://cloudapps-e2e.encoreglobal.com/navigator/locations/1604/settings/local-office
2026-06-01 14:58:02 [35040] INFO  AutomationFramework - [OK] Navigation successful: https://cloudapps-e2e.encoreglobal.com/navigator/locations/1604/settings/local-office
  ok  72 [encore-local-office] › specs\local-office\local-office-settings.spec.ts:636:7 › Local Office Settings — Basic Information @locations @local-office-settings › TC-LOS-BAS-062: MaxLen boundary — 4-char field accepts value at limit (3.0s)
2026-06-01 14:58:04 [35040] INFO  AutomationFramework - Navigating to: https://cloudapps-e2e.encoreglobal.com/navigator/locations/1604/settings/local-office
2026-06-01 14:58:05 [35040] INFO  AutomationFramework - [OK] Navigation successful: https://cloudapps-e2e.encoreglobal.com/navigator/locations/1604/settings/local-office
  ok  73 [encore-local-office] › specs\local-office\local-office-settings.spec.ts:654:7 › Local Office Settings — Basic Information @locations @local-office-settings › TC-LOS-BAS-063: Multi-field error recovery — cross-validation clears after correction (3.5s)
2026-06-01 14:58:07 [35040] INFO  AutomationFramework - Navigating to: https://cloudapps-e2e.encoreglobal.com/navigator/locations/1604/settings/local-office
2026-06-01 14:58:08 [35040] INFO  AutomationFramework - [OK] Navigation successful: https://cloudapps-e2e.encoreglobal.com/navigator/locations/1604/settings/local-office
  ok  74 [encore-local-office] › specs\local-office\local-office-settings.spec.ts:682:7 › Local Office Settings — Basic Information @locations @local-office-settings › TC-LOS-BAS-040: Empty section name — reverts to previous value on blur (2.8s)
2026-06-01 14:58:10 [35040] INFO  AutomationFramework - Navigating to: https://cloudapps-e2e.encoreglobal.com/navigator/locations/1604/settings/local-office
2026-06-01 14:58:12 [35040] INFO  AutomationFramework - [OK] Navigation successful: https://cloudapps-e2e.encoreglobal.com/navigator/locations/1604/settings/local-office
  ok  75 [encore-local-office] › specs\local-office\local-office-settings.spec.ts:695:7 › Local Office Settings — Basic Information @locations @local-office-settings › TC-LOS-BAS-041: Whitespace-only section name — accepted as new content (4.6s)
  ok  76 [encore-local-office] › specs\local-office\local-office-settings.spec.ts:713:7 › Local Office Settings — Basic Information @locations @local-office-settings › TC-LOS-BAS-044: Add new section with empty name — rejected (77ms)
  ok  77 [encore-local-office] › specs\local-office\local-office-settings.spec.ts:722:7 › Local Office Settings — Basic Information @locations @local-office-settings › TC-LOS-BAS-045: Add new section with duplicate name — silently rejected (116ms)
2026-06-01 14:58:15 [35040] INFO  AutomationFramework - Navigating to: https://cloudapps-e2e.encoreglobal.com/navigator/locations/1604/settings/local-office
2026-06-01 14:58:16 [35040] INFO  AutomationFramework - [OK] Navigation successful: https://cloudapps-e2e.encoreglobal.com/navigator/locations/1604/settings/local-office
2026-06-01 14:58:19 [35040] INFO  AutomationFramework - Navigating to: https://cloudapps-e2e.encoreglobal.com/navigator/locations/1604/settings/local-office
2026-06-01 14:58:19 [35040] INFO  AutomationFramework - [fixture] Auto-accepting beforeunload dialog
2026-06-01 14:58:19 [35040] INFO  AutomationFramework - [dialog] Auto-accepting beforeunload dialog during safe navigation
2026-06-01 14:58:19 [35040] INFO  AutomationFramework - [dialog] Beforeunload dialog already handled by another listener
2026-06-01 14:58:19 [35040] INFO  AutomationFramework - [OK] Navigation successful: https://cloudapps-e2e.encoreglobal.com/navigator/locations/1604/settings/local-office
  ok  78 [encore-local-office] › specs\local-office\local-office-settings.spec.ts:737:7 › Local Office Settings — Basic Information @locations @local-office-settings › TC-LOS-BAS-050: Empty room name — revert behavior (6.7s)
2026-06-01 14:58:22 [35040] INFO  AutomationFramework - Navigating to: https://cloudapps-e2e.encoreglobal.com/navigator/locations/1604/settings/local-office
2026-06-01 14:58:22 [35040] INFO  AutomationFramework - [fixture] Auto-accepting beforeunload dialog
2026-06-01 14:58:22 [35040] INFO  AutomationFramework - [dialog] Auto-accepting beforeunload dialog during safe navigation
2026-06-01 14:58:22 [35040] INFO  AutomationFramework - [dialog] Beforeunload dialog already handled by another listener
2026-06-01 14:58:22 [35040] INFO  AutomationFramework - [OK] Navigation successful: https://cloudapps-e2e.encoreglobal.com/navigator/locations/1604/settings/local-office
  ok  79 [encore-local-office] › specs\local-office\local-office-settings.spec.ts:756:7 › Local Office Settings — Basic Information @locations @local-office-settings › TC-LOS-BAS-051: Duplicate room name via Add New — silently rejected (2.7s)
  -   80 [encore-local-office] › specs\local-office\local-office-settings.spec.ts:773:8 › Local Office Settings — Basic Information @locations @local-office-settings › TC-LOS-BAS-048: Room toggle round-trip — toggle inactive → save → reload → verify
2026-06-01 14:58:24 [35040] INFO  AutomationFramework - Navigating to: https://cloudapps-e2e.encoreglobal.com/navigator/locations/1604/settings/local-office
2026-06-01 14:58:25 [35040] INFO  AutomationFramework - [OK] Navigation successful: https://cloudapps-e2e.encoreglobal.com/navigator/locations/1604/settings/local-office
2026-06-01 14:58:29 [35040] INFO  AutomationFramework - [OK] Save button enabled
2026-06-01 14:58:29 [35040] INFO  AutomationFramework - Save confirmation dialog appeared -- confirming
2026-06-01 14:58:30 [35040] INFO  AutomationFramework - [OK] Save complete (btnSave)
2026-06-01 14:58:30 [35040] INFO  AutomationFramework - Navigating to: https://cloudapps-e2e.encoreglobal.com/navigator/locations/1604/settings/local-office
2026-06-01 14:58:30 [35040] INFO  AutomationFramework - [OK] Navigation successful: https://cloudapps-e2e.encoreglobal.com/navigator/locations/1604/settings/local-office
2026-06-01 14:58:32 [35040] INFO  AutomationFramework - [OK] Save button enabled
2026-06-01 14:58:32 [35040] INFO  AutomationFramework - Save confirmation dialog appeared -- confirming
2026-06-01 14:58:33 [35040] INFO  AutomationFramework - [OK] Save complete (btnSave)
  ok  81 [encore-local-office] › specs\local-office\local-office-settings.spec.ts:812:7 › Local Office Settings — Basic Information @locations @local-office-settings › TC-LOS-BAS-049: Room edit name round-trip — rename → save → reload → verify (9.2s)
2026-06-01 14:58:34 [35040] INFO  AutomationFramework - Navigating to: https://cloudapps-e2e.encoreglobal.com/navigator/locations/1604/settings/local-office
2026-06-01 14:58:34 [35040] INFO  AutomationFramework - [OK] Navigation successful: https://cloudapps-e2e.encoreglobal.com/navigator/locations/1604/settings/local-office
2026-06-01 14:58:36 [35040] INFO  AutomationFramework - [OK] Save button enabled
2026-06-01 14:58:36 [35040] INFO  AutomationFramework - Save confirmation dialog appeared -- confirming
2026-06-01 14:58:37 [35040] INFO  AutomationFramework - [OK] Save complete (btnSave)
2026-06-01 14:58:37 [35040] INFO  AutomationFramework - Navigating to: https://cloudapps-e2e.encoreglobal.com/navigator/locations/1604/settings/local-office
2026-06-01 14:58:38 [35040] INFO  AutomationFramework - [OK] Navigation successful: https://cloudapps-e2e.encoreglobal.com/navigator/locations/1604/settings/local-office
2026-06-01 14:58:41 [35040] INFO  AutomationFramework - [OK] Save button enabled
2026-06-01 14:58:41 [35040] INFO  AutomationFramework - Save confirmation dialog appeared -- confirming
2026-06-01 14:58:42 [35040] INFO  AutomationFramework - [OK] Save complete (btnSave)
  ok  82 [encore-local-office] › specs\local-office\local-office-settings.spec.ts:861:7 › Local Office Settings — Basic Information @locations @local-office-settings › TC-LOS-BAS-064: Clear Prep offset → save → reload → verify empty (not "0") (8.3s)
2026-06-01 14:58:52 [35040] INFO  AutomationFramework - [WARN] Save button did not enable within timeout
2026-06-01 14:58:52 [35040] INFO  AutomationFramework - Save button disabled (btnSave) -- skipping click
2026-06-01 14:58:52 [35040] INFO  AutomationFramework - Navigating to: https://cloudapps-e2e.encoreglobal.com/navigator/locations/1604/settings/local-office
2026-06-01 14:58:53 [35040] INFO  AutomationFramework - [OK] Navigation successful: https://cloudapps-e2e.encoreglobal.com/navigator/locations/1604/settings/local-office
  ok  83 [encore-local-office] › specs\local-office\local-office-settings.spec.ts:878:7 › Local Office Settings — Basic Information @locations @local-office-settings › TC-LOS-BAS-065: Clear Return offset → save → reload → app re-applies default 1 (12.6s)
2026-06-01 14:58:54 [35040] INFO  AutomationFramework - Navigating to: https://cloudapps-e2e.encoreglobal.com/navigator/locations/1604/settings/local-office
2026-06-01 14:58:56 [35040] INFO  AutomationFramework - [OK] Navigation successful: https://cloudapps-e2e.encoreglobal.com/navigator/locations/1604/settings/local-office
2026-06-01 14:58:59 [35040] INFO  AutomationFramework - Navigating to: https://cloudapps-e2e.encoreglobal.com/navigator/locations/1604/settings/local-office
2026-06-01 14:58:59 [35040] INFO  AutomationFramework - [fixture] Auto-accepting beforeunload dialog
2026-06-01 14:58:59 [35040] INFO  AutomationFramework - [dialog] Auto-accepting beforeunload dialog during safe navigation
2026-06-01 14:58:59 [35040] INFO  AutomationFramework - [dialog] Beforeunload dialog already handled by another listener
2026-06-01 14:58:59 [35040] INFO  AutomationFramework - [OK] Navigation successful: https://cloudapps-e2e.encoreglobal.com/navigator/locations/1604/settings/local-office
  ok  84 [encore-local-office] › specs\local-office\local-office-settings.spec.ts:893:7 › Local Office Settings — Basic Information @locations @local-office-settings › TC-LOS-BAS-066: Clear Prep but keep Delivery → no cross-validation error (6.9s)
2026-06-01 14:59:01 [35040] INFO  AutomationFramework - Navigating to: https://cloudapps-e2e.encoreglobal.com/navigator/locations/1604/settings/local-office
2026-06-01 14:59:02 [35040] INFO  AutomationFramework - [OK] Navigation successful: https://cloudapps-e2e.encoreglobal.com/navigator/locations/1604/settings/local-office
2026-06-01 14:59:06 [35040] INFO  AutomationFramework - [OK] Save button enabled
2026-06-01 14:59:06 [35040] INFO  AutomationFramework - Save confirmation dialog appeared -- confirming
2026-06-01 14:59:06 [35040] INFO  AutomationFramework - [OK] Save complete (btnSave)
2026-06-01 14:59:06 [35040] INFO  AutomationFramework - Navigating to: https://cloudapps-e2e.encoreglobal.com/navigator/locations/1604/settings/local-office
2026-06-01 14:59:07 [35040] INFO  AutomationFramework - [OK] Navigation successful: https://cloudapps-e2e.encoreglobal.com/navigator/locations/1604/settings/local-office
2026-06-01 14:59:09 [35040] INFO  AutomationFramework - [OK] Save button enabled
2026-06-01 14:59:09 [35040] INFO  AutomationFramework - Save confirmation dialog appeared -- confirming
2026-06-01 14:59:10 [35040] INFO  AutomationFramework - [OK] Save complete (btnSave)
  ok  85 [encore-local-office] › specs\local-office\local-office-settings.spec.ts:910:7 › Local Office Settings — Basic Information @locations @local-office-settings › TC-LOS-BAS-067: Clear all 6 offsets → save → reload → all empty (8.5s)
2026-06-01 14:59:11 [6716] INFO  AutomationFramework - Loading credentials from env source
2026-06-01 14:59:11 [6716] INFO  AutomationFramework - [OK] Credentials loaded for: s-prd-clickauto@psav.com
2026-06-01 14:59:19 [6716] INFO  AutomationFramework - [OK] Authenticated session ready via shared storageState
2026-06-01 14:59:19 [6716] INFO  AutomationFramework - LocationNotesPage initialized
2026-06-01 14:59:19 [6716] INFO  AutomationFramework - Navigating to locations/1604/settings/location
2026-06-01 14:59:19 [6716] INFO  AutomationFramework - Navigating to: https://cloudapps-e2e.encoreglobal.com/navigator/locations/1604/settings/location
2026-06-01 14:59:19 [6716] INFO  AutomationFramework - [OK] Navigation successful: https://cloudapps-e2e.encoreglobal.com/navigator/locations/1604/settings/location
2026-06-01 14:59:22 [6716] INFO  AutomationFramework - [OK] Tab active: tabNotes
2026-06-01 14:59:24 [6716] INFO  AutomationFramework - Clicking element: tabNotes
2026-06-01 14:59:25 [6716] INFO  AutomationFramework - [OK] Click successful: tabNotes
2026-06-01 14:59:25 [6716] INFO  AutomationFramework - [OK] Notes ensured empty (DB clean)
2026-06-01 14:59:25 [6716] INFO  AutomationFramework - Clicking element: btnNotesAdd
2026-06-01 14:59:25 [6716] INFO  AutomationFramework - [OK] Click successful: btnNotesAdd
2026-06-01 14:59:25 [6716] INFO  AutomationFramework - [OK] Filled note row 0 with 5 chars
2026-06-01 14:59:25 [6716] INFO  AutomationFramework - Save confirmation dialog appeared -- confirming
2026-06-01 14:59:26 [6716] INFO  AutomationFramework - [OK] Save complete (btnSaveNotes)
  x   86 [encore-locations] › specs\locations\history\location-hist-notes.spec.ts:157:7 › Location Management HIST — Notes col 69 @locations @management-history @notes-hist › TC-LOC-NTS-028: HIST col 69 — empty to "hello" save (25.7s)
2026-06-01 14:59:46 [35460] INFO  AutomationFramework - Loading credentials from env source
2026-06-01 14:59:46 [35460] INFO  AutomationFramework - [OK] Credentials loaded for: s-prd-clickauto@psav.com
2026-06-01 14:59:53 [35460] INFO  AutomationFramework - [OK] Authenticated session ready via shared storageState
2026-06-01 14:59:53 [35460] INFO  AutomationFramework - LocationNotesPage initialized
2026-06-01 14:59:53 [35460] INFO  AutomationFramework - Navigating to locations/1604/settings/location
2026-06-01 14:59:53 [35460] INFO  AutomationFramework - Navigating to: https://cloudapps-e2e.encoreglobal.com/navigator/locations/1604/settings/location
2026-06-01 14:59:54 [35460] INFO  AutomationFramework - [OK] Navigation successful: https://cloudapps-e2e.encoreglobal.com/navigator/locations/1604/settings/location
2026-06-01 14:59:56 [35460] INFO  AutomationFramework - [OK] Tab active: tabNotes
2026-06-01 14:59:57 [35460] INFO  AutomationFramework - [OK] All note rows deleted
2026-06-01 14:59:57 [35460] INFO  AutomationFramework - Save confirmation dialog appeared -- confirming
2026-06-01 14:59:57 [35460] INFO  AutomationFramework - [OK] Save complete (btnSaveNotes)
2026-06-01 14:59:59 [35460] INFO  AutomationFramework - Clicking element: tabNotes
2026-06-01 15:00:00 [35460] INFO  AutomationFramework - [OK] Click successful: tabNotes
2026-06-01 15:00:00 [35460] INFO  AutomationFramework - [OK] Notes ensured empty (DB clean)
2026-06-01 15:00:00 [35460] INFO  AutomationFramework - Clicking element: btnNotesAdd
2026-06-01 15:00:00 [35460] INFO  AutomationFramework - [OK] Click successful: btnNotesAdd
2026-06-01 15:00:00 [35460] INFO  AutomationFramework - [OK] Filled note row 0 with 5 chars
2026-06-01 15:00:01 [35460] INFO  AutomationFramework - Save confirmation dialog appeared -- confirming
2026-06-01 15:00:01 [35460] INFO  AutomationFramework - [OK] Save complete (btnSaveNotes)
[col69-no-match] sinceMs=1780325995856 validForms=["06/01/2026 - hello","06/01/2026 - hello | 06/01/2026 -"] rows=[{"modifiedOn":"06/01/2026 02:59:58 PM","notesLen":0,"notesHead":""}]
  x   87 [encore-locations] › specs\locations\history\location-hist-notes.spec.ts:157:7 › Location Management HIST — Notes col 69 @locations @management-history @notes-hist › TC-LOC-NTS-028: HIST col 69 — empty to "hello" save (retry #1) (22.3s)
2026-06-01 15:00:16 [27580] INFO  AutomationFramework - Loading credentials from env source
2026-06-01 15:00:16 [27580] INFO  AutomationFramework - [OK] Credentials loaded for: s-prd-clickauto@psav.com
2026-06-01 15:00:23 [27580] INFO  AutomationFramework - [OK] Authenticated session ready via shared storageState
2026-06-01 15:00:23 [27580] INFO  AutomationFramework - LocationNotesPage initialized
2026-06-01 15:00:23 [27580] INFO  AutomationFramework - Navigating to locations/1604/settings/location
2026-06-01 15:00:23 [27580] INFO  AutomationFramework - Navigating to: https://cloudapps-e2e.encoreglobal.com/navigator/locations/1604/settings/location
2026-06-01 15:00:24 [27580] INFO  AutomationFramework - [OK] Navigation successful: https://cloudapps-e2e.encoreglobal.com/navigator/locations/1604/settings/location
2026-06-01 15:00:26 [27580] INFO  AutomationFramework - [OK] Tab active: tabNotes
2026-06-01 15:00:27 [27580] INFO  AutomationFramework - [OK] All note rows deleted
2026-06-01 15:00:27 [27580] INFO  AutomationFramework - Save confirmation dialog appeared -- confirming
2026-06-01 15:00:28 [27580] INFO  AutomationFramework - [OK] Save complete (btnSaveNotes)
2026-06-01 15:00:28 [27580] INFO  AutomationFramework - Clicking element: tabNotes
2026-06-01 15:00:30 [27580] INFO  AutomationFramework - [OK] Click successful: tabNotes
2026-06-01 15:00:30 [27580] INFO  AutomationFramework - [OK] Notes ensured empty (DB clean)
2026-06-01 15:00:30 [27580] INFO  AutomationFramework - Clicking element: btnNotesAdd
2026-06-01 15:00:30 [27580] INFO  AutomationFramework - [OK] Click successful: btnNotesAdd
2026-06-01 15:00:30 [27580] INFO  AutomationFramework - [OK] Filled note row 0 with 4000 chars
2026-06-01 15:00:30 [27580] INFO  AutomationFramework - Save confirmation dialog appeared -- confirming
2026-06-01 15:00:30 [27580] INFO  AutomationFramework - [OK] Save complete (btnSaveNotes)
  ok  88 [encore-locations] › specs\locations\history\location-hist-notes.spec.ts:165:7 › Location Management HIST — Notes col 69 @locations @management-history @notes-hist › TC-LOC-NTS-029: HIST col 69 — long text 4000 chars (boundary) (10.5s)
2026-06-01 15:00:34 [27580] INFO  AutomationFramework - LocationNotesPage initialized
2026-06-01 15:00:34 [27580] INFO  AutomationFramework - Clicking element: tabNotes
2026-06-01 15:00:34 [27580] INFO  AutomationFramework - [OK] Click successful: tabNotes
2026-06-01 15:00:35 [27580] INFO  AutomationFramework - [OK] All note rows deleted
2026-06-01 15:00:35 [27580] INFO  AutomationFramework - Save confirmation dialog appeared -- confirming
2026-06-01 15:00:36 [27580] INFO  AutomationFramework - [OK] Save complete (btnSaveNotes)
2026-06-01 15:00:37 [27580] INFO  AutomationFramework - Clicking element: tabNotes
2026-06-01 15:00:38 [27580] INFO  AutomationFramework - [OK] Click successful: tabNotes
2026-06-01 15:00:38 [27580] INFO  AutomationFramework - [OK] Notes ensured empty (DB clean)
2026-06-01 15:00:38 [27580] INFO  AutomationFramework - Clicking element: btnNotesAdd
2026-06-01 15:00:38 [27580] INFO  AutomationFramework - [OK] Click successful: btnNotesAdd
2026-06-01 15:00:38 [27580] INFO  AutomationFramework - [OK] Filled note row 0 with 56 chars
2026-06-01 15:00:38 [27580] INFO  AutomationFramework - Save confirmation dialog appeared -- confirming
2026-06-01 15:00:39 [27580] INFO  AutomationFramework - [OK] Save complete (btnSaveNotes)
  ok  89 [encore-locations] › specs\locations\history\location-hist-notes.spec.ts:173:7 › Location Management HIST — Notes col 69 @locations @management-history @notes-hist › TC-LOC-NTS-030: HIST col 69 — special chars (HTML-like, quotes, backticks) (7.4s)
2026-06-01 15:00:41 [27580] INFO  AutomationFramework - LocationNotesPage initialized
2026-06-01 15:00:41 [27580] INFO  AutomationFramework - Clicking element: tabNotes
2026-06-01 15:00:41 [27580] INFO  AutomationFramework - [OK] Click successful: tabNotes
2026-06-01 15:00:42 [27580] INFO  AutomationFramework - [OK] All note rows deleted
2026-06-01 15:00:42 [27580] INFO  AutomationFramework - Save confirmation dialog appeared -- confirming
2026-06-01 15:00:44 [27580] INFO  AutomationFramework - [OK] Save complete (btnSaveNotes)
2026-06-01 15:00:44 [27580] INFO  AutomationFramework - Clicking element: tabNotes
2026-06-01 15:00:46 [27580] INFO  AutomationFramework - [OK] Click successful: tabNotes
2026-06-01 15:00:46 [27580] INFO  AutomationFramework - [OK] Notes ensured empty (DB clean)
2026-06-01 15:00:46 [27580] INFO  AutomationFramework - Clicking element: btnNotesAdd
2026-06-01 15:00:46 [27580] INFO  AutomationFramework - [OK] Click successful: btnNotesAdd
2026-06-01 15:00:46 [27580] INFO  AutomationFramework - [OK] Pasted 17 chars into note row 0
2026-06-01 15:00:47 [27580] INFO  AutomationFramework - Save confirmation dialog appeared -- confirming
2026-06-01 15:00:47 [27580] INFO  AutomationFramework - [OK] Save complete (btnSaveNotes)
[col69-no-match] sinceMs=1780326041742 validForms=["06/01/2026 - line1\nline2\nline3","06/01/2026 - line1\nline2\nline3 | 06/01/2026 -"] rows=[{"modifiedOn":"06/01/2026 03:00:43 PM","notesLen":0,"notesHead":""}]
  x   90 [encore-locations] › specs\locations\history\location-hist-notes.spec.ts:181:7 › Location Management HIST — Notes col 69 @locations @management-history @notes-hist › TC-LOC-NTS-031: HIST col 69 — newlines and multi-line content (8.5s)
2026-06-01 15:00:51 [1012] INFO  AutomationFramework - Loading credentials from env source
2026-06-01 15:00:51 [1012] INFO  AutomationFramework - [OK] Credentials loaded for: s-prd-clickauto@psav.com
2026-06-01 15:00:58 [1012] INFO  AutomationFramework - [OK] Authenticated session ready via shared storageState
2026-06-01 15:00:58 [1012] INFO  AutomationFramework - LocationNotesPage initialized
2026-06-01 15:00:58 [1012] INFO  AutomationFramework - Navigating to locations/1604/settings/location
2026-06-01 15:00:58 [1012] INFO  AutomationFramework - Navigating to: https://cloudapps-e2e.encoreglobal.com/navigator/locations/1604/settings/location
2026-06-01 15:00:59 [1012] INFO  AutomationFramework - [OK] Navigation successful: https://cloudapps-e2e.encoreglobal.com/navigator/locations/1604/settings/location
2026-06-01 15:01:02 [1012] INFO  AutomationFramework - [OK] Tab active: tabNotes
2026-06-01 15:01:03 [1012] INFO  AutomationFramework - [OK] All note rows deleted
2026-06-01 15:01:03 [1012] INFO  AutomationFramework - Save confirmation dialog appeared -- confirming
2026-06-01 15:01:03 [1012] INFO  AutomationFramework - [OK] Save complete (btnSaveNotes)
2026-06-01 15:01:04 [1012] INFO  AutomationFramework - Clicking element: tabNotes
2026-06-01 15:01:05 [1012] INFO  AutomationFramework - [OK] Click successful: tabNotes
2026-06-01 15:01:05 [1012] INFO  AutomationFramework - [OK] Notes ensured empty (DB clean)
2026-06-01 15:01:05 [1012] INFO  AutomationFramework - Clicking element: btnNotesAdd
2026-06-01 15:01:05 [1012] INFO  AutomationFramework - [OK] Click successful: btnNotesAdd
2026-06-01 15:01:05 [1012] INFO  AutomationFramework - [OK] Pasted 17 chars into note row 0
2026-06-01 15:01:06 [1012] INFO  AutomationFramework - Save confirmation dialog appeared -- confirming
2026-06-01 15:01:06 [1012] INFO  AutomationFramework - [OK] Save complete (btnSaveNotes)
  ok  91 [encore-locations] › specs\locations\history\location-hist-notes.spec.ts:181:7 › Location Management HIST — Notes col 69 @locations @management-history @notes-hist › TC-LOC-NTS-031: HIST col 69 — newlines and multi-line content (retry #1) (11.5s)
2026-06-01 15:01:10 [1012] INFO  AutomationFramework - LocationNotesPage initialized
2026-06-01 15:01:10 [1012] INFO  AutomationFramework - Clicking element: tabNotes
2026-06-01 15:01:10 [1012] INFO  AutomationFramework - [OK] Click successful: tabNotes
2026-06-01 15:01:11 [1012] INFO  AutomationFramework - [OK] All note rows deleted
2026-06-01 15:01:11 [1012] INFO  AutomationFramework - Save confirmation dialog appeared -- confirming
2026-06-01 15:01:12 [1012] INFO  AutomationFramework - [OK] Save complete (btnSaveNotes)
2026-06-01 15:01:13 [1012] INFO  AutomationFramework - Clicking element: tabNotes
2026-06-01 15:01:14 [1012] INFO  AutomationFramework - [OK] Click successful: tabNotes
2026-06-01 15:01:14 [1012] INFO  AutomationFramework - [OK] Notes ensured empty (DB clean)
2026-06-01 15:01:14 [1012] INFO  AutomationFramework - Clicking element: btnNotesAdd
2026-06-01 15:01:14 [1012] INFO  AutomationFramework - [OK] Click successful: btnNotesAdd
2026-06-01 15:01:14 [1012] INFO  AutomationFramework - [OK] Filled note row 0 with 16 chars
2026-06-01 15:01:14 [1012] INFO  AutomationFramework - Save confirmation dialog appeared -- confirming
2026-06-01 15:01:15 [1012] INFO  AutomationFramework - [OK] Save complete (btnSaveNotes)
2026-06-01 15:01:18 [1012] INFO  AutomationFramework - Clicking element: tabNotes
2026-06-01 15:01:18 [1012] INFO  AutomationFramework - [OK] Click successful: tabNotes
2026-06-01 15:01:18 [1012] INFO  AutomationFramework - [OK] All note rows deleted
2026-06-01 15:01:19 [1012] INFO  AutomationFramework - Save confirmation dialog appeared -- confirming
2026-06-01 15:01:20 [1012] INFO  AutomationFramework - [OK] Save complete (btnSaveNotes)
2026-06-01 15:01:20 [1012] INFO  AutomationFramework - Clicking element: tabNotes
2026-06-01 15:01:22 [1012] INFO  AutomationFramework - [OK] Click successful: tabNotes
2026-06-01 15:01:22 [1012] INFO  AutomationFramework - [OK] Notes ensured empty (DB clean)
  ok  92 [encore-locations] › specs\locations\history\location-hist-notes.spec.ts:189:7 › Location Management HIST — Notes col 69 @locations @management-history @notes-hist › TC-LOC-NTS-032: HIST col 69 — unicode (Latin diacritic + CJK + dingbat) (12.3s)
2026-06-01 15:01:22 [1012] INFO  AutomationFramework - LocationNotesPage initialized
2026-06-01 15:01:22 [1012] INFO  AutomationFramework - Clicking element: tabNotes
2026-06-01 15:01:22 [1012] INFO  AutomationFramework - [OK] Click successful: tabNotes
2026-06-01 15:01:23 [1012] INFO  AutomationFramework - Clicking element: tabNotes
2026-06-01 15:01:25 [1012] INFO  AutomationFramework - [OK] Click successful: tabNotes
2026-06-01 15:01:25 [1012] INFO  AutomationFramework - [OK] Notes ensured empty (DB clean)
2026-06-01 15:01:25 [1012] INFO  AutomationFramework - Clicking element: btnNotesAdd
2026-06-01 15:01:25 [1012] INFO  AutomationFramework - [OK] Click successful: btnNotesAdd
2026-06-01 15:01:25 [1012] INFO  AutomationFramework - [OK] Filled note row 0 with 10 chars
2026-06-01 15:01:25 [1012] INFO  AutomationFramework - Save confirmation dialog appeared -- confirming
2026-06-01 15:01:25 [1012] INFO  AutomationFramework - [OK] Save complete (btnSaveNotes)
2026-06-01 15:01:27 [1012] INFO  AutomationFramework - Clicking element: tabNotes
2026-06-01 15:01:28 [1012] INFO  AutomationFramework - [OK] Click successful: tabNotes
2026-06-01 15:01:29 [1012] INFO  AutomationFramework - [OK] Filled note row 0 with 10 chars
2026-06-01 15:01:29 [1012] INFO  AutomationFramework - Save confirmation dialog appeared -- confirming
2026-06-01 15:01:29 [1012] INFO  AutomationFramework - [OK] Save complete (btnSaveNotes)
2026-06-01 15:01:43 [1012] INFO  AutomationFramework - Clicking element: tabNotes
2026-06-01 15:01:43 [1012] INFO  AutomationFramework - [OK] Click successful: tabNotes
2026-06-01 15:01:43 [1012] INFO  AutomationFramework - [OK] All note rows deleted
2026-06-01 15:01:44 [1012] INFO  AutomationFramework - Save confirmation dialog appeared -- confirming
2026-06-01 15:01:45 [1012] INFO  AutomationFramework - [OK] Save complete (btnSaveNotes)
2026-06-01 15:01:45 [1012] INFO  AutomationFramework - Clicking element: tabNotes
2026-06-01 15:01:47 [1012] INFO  AutomationFramework - [OK] Click successful: tabNotes
2026-06-01 15:01:47 [1012] INFO  AutomationFramework - [OK] Notes ensured empty (DB clean)
  ok  93 [encore-locations] › specs\locations\history\location-hist-notes.spec.ts:225:7 › Location Management HIST — Notes col 69 @locations @management-history @notes-hist › TC-LOC-NTS-038: HIST col 69 — sequential save (A then B) produces 2 distinct history rows (24.6s)
  -   94 [encore-locations] › specs\locations\location-account-address.spec.ts:42:8 › Location Account and Address @locations @account-address › TC-LOC-ACC-029: Phone 2 cleared value persists empty after reload
2026-06-01 15:01:47 [1012] INFO  AutomationFramework - LocationAccountAddressPage initialized
2026-06-01 15:01:47 [1012] INFO  AutomationFramework - [OK] Tab active: tabAccountAndAddress
2026-06-01 15:01:56 [1012] INFO  AutomationFramework - Clicking element: btnAccName
2026-06-01 15:01:57 [1012] INFO  AutomationFramework - [OK] Click successful: btnAccName
2026-06-01 15:01:57 [1012] INFO  AutomationFramework - Waiting for element: dlgAccountList
2026-06-01 15:01:57 [1012] INFO  AutomationFramework - [OK] Element visible: dlgAccountList
2026-06-01 15:01:57 [1012] INFO  AutomationFramework - [OK] Account List dialog opened
2026-06-01 15:01:57 [1012] INFO  AutomationFramework - Filling element: txtAccListAccountNumber with value: AC000107...
2026-06-01 15:01:57 [1012] INFO  AutomationFramework - [OK] Fill successful: txtAccListAccountNumber
2026-06-01 15:01:57 [1012] INFO  AutomationFramework - Clicking element: btnAccListSearch
2026-06-01 15:01:57 [1012] INFO  AutomationFramework - [OK] Click successful: btnAccListSearch
  x   95 [encore-locations] › specs\locations\location-account-address.spec.ts:70:7 › Location Account and Address @locations @account-address › TC-LOC-ACC-030: Account List Account Number filter returns matching account (25.1s)
2026-06-01 15:02:15 [21728] INFO  AutomationFramework - Loading credentials from env source
2026-06-01 15:02:15 [21728] INFO  AutomationFramework - [OK] Credentials loaded for: s-prd-clickauto@psav.com
2026-06-01 15:02:22 [21728] INFO  AutomationFramework - [OK] Authenticated session ready via shared storageState
2026-06-01 15:02:22 [21728] INFO  AutomationFramework - LocationAccountAddressPage initialized
2026-06-01 15:02:22 [21728] INFO  AutomationFramework - Navigating to locations/1604/settings/location
2026-06-01 15:02:22 [21728] INFO  AutomationFramework - Navigating to: https://cloudapps-e2e.encoreglobal.com/navigator/locations/1604/settings/location
2026-06-01 15:02:23 [21728] INFO  AutomationFramework - [OK] Navigation successful: https://cloudapps-e2e.encoreglobal.com/navigator/locations/1604/settings/location
2026-06-01 15:02:25 [21728] INFO  AutomationFramework - [OK] Tab active: tabAccountAndAddress
2026-06-01 15:02:31 [21728] INFO  AutomationFramework - Clicking element: btnAccName
2026-06-01 15:02:31 [21728] INFO  AutomationFramework - [OK] Click successful: btnAccName
2026-06-01 15:02:31 [21728] INFO  AutomationFramework - Waiting for element: dlgAccountList
2026-06-01 15:02:31 [21728] INFO  AutomationFramework - [OK] Element visible: dlgAccountList
2026-06-01 15:02:31 [21728] INFO  AutomationFramework - [OK] Account List dialog opened
2026-06-01 15:02:31 [21728] INFO  AutomationFramework - Filling element: txtAccListAccountNumber with value: AC000107...
2026-06-01 15:02:31 [21728] INFO  AutomationFramework - [OK] Fill successful: txtAccListAccountNumber
2026-06-01 15:02:31 [21728] INFO  AutomationFramework - Clicking element: btnAccListSearch
2026-06-01 15:02:32 [21728] INFO  AutomationFramework - [OK] Click successful: btnAccListSearch
2026-06-01 15:02:33 [21728] INFO  AutomationFramework - Searched account by number: AC000107
2026-06-01 15:02:33 [21728] INFO  AutomationFramework - Clicking element: btnAccListCancel
2026-06-01 15:02:33 [21728] INFO  AutomationFramework - [OK] Click successful: btnAccListCancel
2026-06-01 15:02:33 [21728] INFO  AutomationFramework - Cancelled Account List dialog
  ok  96 [encore-locations] › specs\locations\location-account-address.spec.ts:70:7 › Location Account and Address @locations @account-address › TC-LOC-ACC-030: Account List Account Number filter returns matching account (retry #1) (11.4s)
2026-06-01 15:02:33 [21728] INFO  AutomationFramework - LocationAccountAddressPage initialized
2026-06-01 15:02:33 [21728] INFO  AutomationFramework - Clicking element: btnAccVenueAddress
2026-06-01 15:02:33 [21728] INFO  AutomationFramework - [OK] Click successful: btnAccVenueAddress
2026-06-01 15:02:33 [21728] INFO  AutomationFramework - Waiting for element: dlgSelectAddress
2026-06-01 15:02:33 [21728] INFO  AutomationFramework - [OK] Element visible: dlgSelectAddress
2026-06-01 15:02:33 [21728] INFO  AutomationFramework - [OK] Select Customer Address dialog opened (venue)
2026-06-01 15:02:33 [21728] INFO  AutomationFramework - Filling element: txtAddrSearch with value: Beverly...
2026-06-01 15:02:33 [21728] INFO  AutomationFramework - [OK] Fill successful: txtAddrSearch
2026-06-01 15:02:34 [21728] INFO  AutomationFramework - Filtered addresses: Beverly
2026-06-01 15:02:34 [21728] INFO  AutomationFramework - Filling element: txtAddrSearch with value: ...
2026-06-01 15:02:34 [21728] INFO  AutomationFramework - [OK] Fill successful: txtAddrSearch
2026-06-01 15:02:34 [21728] INFO  AutomationFramework - Filtered addresses: 
2026-06-01 15:02:34 [21728] INFO  AutomationFramework - Clicking element: btnAddrCancel
2026-06-01 15:02:34 [21728] INFO  AutomationFramework - [OK] Click successful: btnAddrCancel
2026-06-01 15:02:34 [21728] INFO  AutomationFramework - Cancelled Address dialog
  ok  97 [encore-locations] › specs\locations\location-account-address.spec.ts:82:7 › Location Account and Address @locations @account-address › TC-LOC-ACC-031: Address dialog search filter then clear restores full set (748ms)
2026-06-01 15:02:34 [21728] INFO  AutomationFramework - LocationAccountAddressPage initialized
2026-06-01 15:02:34 [21728] INFO  AutomationFramework - [OK] Tab active: tabAccountAndAddress
  ok  98 [encore-locations] › specs\locations\location-account-address.spec.ts:96:7 › Location Account and Address @locations @account-address › TC-LOC-ACC-001: Navigate to Account and Address tab; two-card layout visible (59ms)
2026-06-01 15:02:34 [21728] INFO  AutomationFramework - LocationAccountAddressPage initialized
  ok  99 [encore-locations] › specs\locations\location-account-address.spec.ts:104:7 › Location Account and Address @locations @account-address › TC-LOC-ACC-002: Venue Name field is disabled with correct value (45ms)
2026-06-01 15:02:34 [21728] INFO  AutomationFramework - LocationAccountAddressPage initialized
2026-06-01 15:02:34 [21728] INFO  AutomationFramework - Clicking element: btnAccName
2026-06-01 15:02:34 [21728] INFO  AutomationFramework - [OK] Click successful: btnAccName
2026-06-01 15:02:34 [21728] INFO  AutomationFramework - Waiting for element: dlgAccountList
2026-06-01 15:02:34 [21728] INFO  AutomationFramework - [OK] Element visible: dlgAccountList
2026-06-01 15:02:34 [21728] INFO  AutomationFramework - [OK] Account List dialog opened
2026-06-01 15:02:34 [21728] INFO  AutomationFramework - Clicking element: btnAccListCancel
2026-06-01 15:02:35 [21728] INFO  AutomationFramework - [OK] Click successful: btnAccListCancel
2026-06-01 15:02:35 [21728] INFO  AutomationFramework - Cancelled Account List dialog
  ok 100 [encore-locations] › specs\locations\location-account-address.spec.ts:110:7 › Location Account and Address @locations @account-address › TC-LOC-ACC-003: Name button opens Account List dialog (649ms)
2026-06-01 15:02:35 [21728] INFO  AutomationFramework - LocationAccountAddressPage initialized
2026-06-01 15:02:35 [21728] INFO  AutomationFramework - Clicking element: btnAccName
2026-06-01 15:02:35 [21728] INFO  AutomationFramework - [OK] Click successful: btnAccName
2026-06-01 15:02:35 [21728] INFO  AutomationFramework - Waiting for element: dlgAccountList
2026-06-01 15:02:35 [21728] INFO  AutomationFramework - [OK] Element visible: dlgAccountList
2026-06-01 15:02:35 [21728] INFO  AutomationFramework - [OK] Account List dialog opened
2026-06-01 15:02:35 [21728] INFO  AutomationFramework - Filling element: txtAccListAccountName with value: Parker...
2026-06-01 15:02:35 [21728] INFO  AutomationFramework - [OK] Fill successful: txtAccListAccountName
2026-06-01 15:02:35 [21728] INFO  AutomationFramework - Clicking element: btnAccListSearch
2026-06-01 15:02:35 [21728] INFO  AutomationFramework - [OK] Click successful: btnAccListSearch
  x  101 [encore-locations] › specs\locations\location-account-address.spec.ts:120:7 › Location Account and Address @locations @account-address › TC-LOC-ACC-004: Account List search returns results (15.6s)
2026-06-01 15:02:52 [31328] INFO  AutomationFramework - Loading credentials from env source
2026-06-01 15:02:52 [31328] INFO  AutomationFramework - [OK] Credentials loaded for: s-prd-clickauto@psav.com
2026-06-01 15:02:58 [31328] INFO  AutomationFramework - [OK] Authenticated session ready via shared storageState
2026-06-01 15:02:58 [31328] INFO  AutomationFramework - LocationAccountAddressPage initialized
2026-06-01 15:02:58 [31328] INFO  AutomationFramework - Navigating to locations/1604/settings/location
2026-06-01 15:02:58 [31328] INFO  AutomationFramework - Navigating to: https://cloudapps-e2e.encoreglobal.com/navigator/locations/1604/settings/location
2026-06-01 15:02:59 [31328] INFO  AutomationFramework - [OK] Navigation successful: https://cloudapps-e2e.encoreglobal.com/navigator/locations/1604/settings/location
2026-06-01 15:03:02 [31328] INFO  AutomationFramework - [OK] Tab active: tabAccountAndAddress
2026-06-01 15:03:06 [31328] INFO  AutomationFramework - Clicking element: btnAccName
2026-06-01 15:03:06 [31328] INFO  AutomationFramework - [OK] Click successful: btnAccName
2026-06-01 15:03:06 [31328] INFO  AutomationFramework - Waiting for element: dlgAccountList
2026-06-01 15:03:06 [31328] INFO  AutomationFramework - [OK] Element visible: dlgAccountList
2026-06-01 15:03:06 [31328] INFO  AutomationFramework - [OK] Account List dialog opened
2026-06-01 15:03:06 [31328] INFO  AutomationFramework - Filling element: txtAccListAccountName with value: Parker...
2026-06-01 15:03:07 [31328] INFO  AutomationFramework - [OK] Fill successful: txtAccListAccountName
2026-06-01 15:03:07 [31328] INFO  AutomationFramework - Clicking element: btnAccListSearch
2026-06-01 15:03:07 [31328] INFO  AutomationFramework - [OK] Click successful: btnAccListSearch
2026-06-01 15:03:08 [31328] INFO  AutomationFramework - Searched account by name: Parker
2026-06-01 15:03:08 [31328] INFO  AutomationFramework - Clicking element: btnAccListCancel
2026-06-01 15:03:08 [31328] INFO  AutomationFramework - [OK] Click successful: btnAccListCancel
2026-06-01 15:03:08 [31328] INFO  AutomationFramework - Cancelled Account List dialog
  ok 102 [encore-locations] › specs\locations\location-account-address.spec.ts:120:7 › Location Account and Address @locations @account-address › TC-LOC-ACC-004: Account List search returns results (retry #1) (10.0s)
2026-06-01 15:03:08 [31328] INFO  AutomationFramework - LocationAccountAddressPage initialized
2026-06-01 15:03:08 [31328] INFO  AutomationFramework - Clicking element: btnAccName
2026-06-01 15:03:08 [31328] INFO  AutomationFramework - [OK] Click successful: btnAccName
2026-06-01 15:03:08 [31328] INFO  AutomationFramework - Waiting for element: dlgAccountList
2026-06-01 15:03:08 [31328] INFO  AutomationFramework - [OK] Element visible: dlgAccountList
2026-06-01 15:03:08 [31328] INFO  AutomationFramework - [OK] Account List dialog opened
2026-06-01 15:03:08 [31328] INFO  AutomationFramework - Filling element: txtAccListAccountName with value: Parker...
2026-06-01 15:03:08 [31328] INFO  AutomationFramework - [OK] Fill successful: txtAccListAccountName
2026-06-01 15:03:08 [31328] INFO  AutomationFramework - Clicking element: btnAccListSearch
2026-06-01 15:03:08 [31328] INFO  AutomationFramework - [OK] Click successful: btnAccListSearch
2026-06-01 15:03:09 [31328] INFO  AutomationFramework - Searched account by name: Parker
2026-06-01 15:03:10 [31328] INFO  AutomationFramework - Clicking element: chkAccListRowSelect
2026-06-01 15:03:10 [31328] INFO  AutomationFramework - [OK] Click successful: chkAccListRowSelect
2026-06-01 15:03:10 [31328] INFO  AutomationFramework - Checked first row in Account List
2026-06-01 15:03:10 [31328] INFO  AutomationFramework - Clicking element: btnAccListCancel
2026-06-01 15:03:10 [31328] INFO  AutomationFramework - [OK] Click successful: btnAccListCancel
2026-06-01 15:03:10 [31328] INFO  AutomationFramework - Cancelled Account List dialog
  ok 103 [encore-locations] › specs\locations\location-account-address.spec.ts:133:7 › Location Account and Address @locations @account-address › TC-LOC-ACC-005: Account List Select button disabled until row checked (1.9s)
2026-06-01 15:03:10 [31328] INFO  AutomationFramework - LocationAccountAddressPage initialized
2026-06-01 15:03:10 [31328] INFO  AutomationFramework - Clicking element: btnAccName
2026-06-01 15:03:10 [31328] INFO  AutomationFramework - [OK] Click successful: btnAccName
2026-06-01 15:03:10 [31328] INFO  AutomationFramework - Waiting for element: dlgAccountList
2026-06-01 15:03:10 [31328] INFO  AutomationFramework - [OK] Element visible: dlgAccountList
2026-06-01 15:03:10 [31328] INFO  AutomationFramework - [OK] Account List dialog opened
2026-06-01 15:03:10 [31328] INFO  AutomationFramework - Filling element: txtAccListAccountName with value: Parker...
2026-06-01 15:03:10 [31328] INFO  AutomationFramework - [OK] Fill successful: txtAccListAccountName
2026-06-01 15:03:10 [31328] INFO  AutomationFramework - Clicking element: btnAccListSearch
2026-06-01 15:03:11 [31328] INFO  AutomationFramework - [OK] Click successful: btnAccListSearch
2026-06-01 15:03:11 [31328] INFO  AutomationFramework - Searched account by name: Parker
2026-06-01 15:03:11 [31328] INFO  AutomationFramework - Clicking element: chkAccListRowSelect
2026-06-01 15:03:12 [31328] INFO  AutomationFramework - [OK] Click successful: chkAccListRowSelect
2026-06-01 15:03:12 [31328] INFO  AutomationFramework - Checked first row in Account List
2026-06-01 15:03:12 [31328] INFO  AutomationFramework - Clicking element: btnAccListCancel
2026-06-01 15:03:12 [31328] INFO  AutomationFramework - [OK] Click successful: btnAccListCancel
2026-06-01 15:03:12 [31328] INFO  AutomationFramework - Cancelled Account List dialog
  ok 104 [encore-locations] › specs\locations\location-account-address.spec.ts:143:7 › Location Account and Address @locations @account-address › TC-LOC-ACC-006: Account List Cancel closes without changes (1.9s)
2026-06-01 15:03:12 [31328] INFO  AutomationFramework - LocationAccountAddressPage initialized
2026-06-01 15:03:12 [31328] INFO  AutomationFramework - Clicking element: btnAccName
2026-06-01 15:03:12 [31328] INFO  AutomationFramework - [OK] Click successful: btnAccName
2026-06-01 15:03:12 [31328] INFO  AutomationFramework - Waiting for element: dlgAccountList
2026-06-01 15:03:12 [31328] INFO  AutomationFramework - [OK] Element visible: dlgAccountList
2026-06-01 15:03:12 [31328] INFO  AutomationFramework - [OK] Account List dialog opened
2026-06-01 15:03:12 [31328] INFO  AutomationFramework - Filling element: txtAccListAccountName with value: Parker...
2026-06-01 15:03:12 [31328] INFO  AutomationFramework - [OK] Fill successful: txtAccListAccountName
2026-06-01 15:03:12 [31328] INFO  AutomationFramework - Clicking element: btnAccListSearch
2026-06-01 15:03:12 [31328] INFO  AutomationFramework - [OK] Click successful: btnAccListSearch
2026-06-01 15:03:13 [31328] INFO  AutomationFramework - Searched account by name: Parker
2026-06-01 15:03:13 [31328] INFO  AutomationFramework - Clicking element: btnAccListReset
2026-06-01 15:03:13 [31328] INFO  AutomationFramework - [OK] Click successful: btnAccListReset
2026-06-01 15:03:13 [31328] INFO  AutomationFramework - Reset Account List search
2026-06-01 15:03:13 [31328] INFO  AutomationFramework - Clicking element: btnAccListCancel
2026-06-01 15:03:14 [31328] INFO  AutomationFramework - [OK] Click successful: btnAccListCancel
2026-06-01 15:03:14 [31328] INFO  AutomationFramework - Cancelled Account List dialog
2026-06-01 15:03:14 [31328] INFO  AutomationFramework - [fixture] Auto-accepting beforeunload dialog
2026-06-01 15:03:16 [31328] INFO  AutomationFramework - [OK] Tab active: tabAccountAndAddress
2026-06-01 15:03:22 [31328] INFO  AutomationFramework - [OK] Reloaded and navigated to Account and Address tab
  ok 105 [encore-locations] › specs\locations\location-account-address.spec.ts:152:7 › Location Account and Address @locations @account-address › TC-LOC-ACC-007: Account List Reset clears search fields (10.2s)
2026-06-01 15:03:22 [31328] INFO  AutomationFramework - LocationAccountAddressPage initialized
2026-06-01 15:03:22 [31328] INFO  AutomationFramework - Clicking element: btnAccVenueAddress
2026-06-01 15:03:22 [31328] INFO  AutomationFramework - [OK] Click successful: btnAccVenueAddress
2026-06-01 15:03:22 [31328] INFO  AutomationFramework - Waiting for element: dlgSelectAddress
2026-06-01 15:03:22 [31328] INFO  AutomationFramework - [OK] Element visible: dlgSelectAddress
2026-06-01 15:03:22 [31328] INFO  AutomationFramework - [OK] Select Customer Address dialog opened (venue)
2026-06-01 15:03:22 [31328] INFO  AutomationFramework - Clicking element: btnAddrCancel
2026-06-01 15:03:23 [31328] INFO  AutomationFramework - [OK] Click successful: btnAddrCancel
2026-06-01 15:03:23 [31328] INFO  AutomationFramework - Cancelled Address dialog
  ok 106 [encore-locations] › specs\locations\location-account-address.spec.ts:165:7 › Location Account and Address @locations @account-address › TC-LOC-ACC-008: Venue Address button opens Select Customer Address dialog (376ms)
2026-06-01 15:03:23 [31328] INFO  AutomationFramework - LocationAccountAddressPage initialized
2026-06-01 15:03:23 [31328] INFO  AutomationFramework - Clicking element: btnAccVenueAddress
2026-06-01 15:03:23 [31328] INFO  AutomationFramework - [OK] Click successful: btnAccVenueAddress
2026-06-01 15:03:23 [31328] INFO  AutomationFramework - Waiting for element: dlgSelectAddress
2026-06-01 15:03:23 [31328] INFO  AutomationFramework - [OK] Element visible: dlgSelectAddress
2026-06-01 15:03:23 [31328] INFO  AutomationFramework - [OK] Select Customer Address dialog opened (venue)
2026-06-01 15:03:23 [31328] INFO  AutomationFramework - Clicking element: chkAddrRow
2026-06-01 15:03:23 [31328] INFO  AutomationFramework - [OK] Click successful: chkAddrRow
2026-06-01 15:03:23 [31328] INFO  AutomationFramework - Checked first row in Address dialog
2026-06-01 15:03:23 [31328] INFO  AutomationFramework - Clicking element: btnAddrCancel
2026-06-01 15:03:23 [31328] INFO  AutomationFramework - [OK] Click successful: btnAddrCancel
2026-06-01 15:03:23 [31328] INFO  AutomationFramework - Cancelled Address dialog
  ok 107 [encore-locations] › specs\locations\location-account-address.spec.ts:174:7 › Location Account and Address @locations @account-address › TC-LOC-ACC-009: Address dialog Select button disabled until row checked (568ms)
2026-06-01 15:03:23 [31328] INFO  AutomationFramework - LocationAccountAddressPage initialized
2026-06-01 15:03:23 [31328] INFO  AutomationFramework - Clicking element: btnAccVenueAddress
2026-06-01 15:03:23 [31328] INFO  AutomationFramework - [OK] Click successful: btnAccVenueAddress
2026-06-01 15:03:23 [31328] INFO  AutomationFramework - Waiting for element: dlgSelectAddress
2026-06-01 15:03:23 [31328] INFO  AutomationFramework - [OK] Element visible: dlgSelectAddress
2026-06-01 15:03:23 [31328] INFO  AutomationFramework - [OK] Select Customer Address dialog opened (venue)
2026-06-01 15:03:23 [31328] INFO  AutomationFramework - Filling element: txtAddrSearch with value: Beverly...
2026-06-01 15:03:23 [31328] INFO  AutomationFramework - [OK] Fill successful: txtAddrSearch
2026-06-01 15:03:24 [31328] INFO  AutomationFramework - Filtered addresses: Beverly
2026-06-01 15:03:24 [31328] INFO  AutomationFramework - Clicking element: btnAddrCancel
2026-06-01 15:03:24 [31328] INFO  AutomationFramework - [OK] Click successful: btnAddrCancel
2026-06-01 15:03:24 [31328] INFO  AutomationFramework - Cancelled Address dialog
  ok 108 [encore-locations] › specs\locations\location-account-address.spec.ts:183:7 › Location Account and Address @locations @account-address › TC-LOC-ACC-010: Address dialog search bar filters results client-side (583ms)
2026-06-01 15:03:24 [31328] INFO  AutomationFramework - LocationAccountAddressPage initialized
2026-06-01 15:03:24 [31328] INFO  AutomationFramework - Clicking element: btnAccVenueAddress
2026-06-01 15:03:24 [31328] INFO  AutomationFramework - [OK] Click successful: btnAccVenueAddress
2026-06-01 15:03:24 [31328] INFO  AutomationFramework - Waiting for element: dlgSelectAddress
2026-06-01 15:03:24 [31328] INFO  AutomationFramework - [OK] Element visible: dlgSelectAddress
2026-06-01 15:03:24 [31328] INFO  AutomationFramework - [OK] Select Customer Address dialog opened (venue)
2026-06-01 15:03:24 [31328] INFO  AutomationFramework - Clicking element: chkAddrRow
2026-06-01 15:03:24 [31328] INFO  AutomationFramework - [OK] Click successful: chkAddrRow
2026-06-01 15:03:24 [31328] INFO  AutomationFramework - Checked first row in Address dialog
2026-06-01 15:03:24 [31328] INFO  AutomationFramework - Clicking element: btnAddrCancel
2026-06-01 15:03:24 [31328] INFO  AutomationFramework - [OK] Click successful: btnAddrCancel
2026-06-01 15:03:24 [31328] INFO  AutomationFramework - Cancelled Address dialog
  ok 109 [encore-locations] › specs\locations\location-account-address.spec.ts:194:7 › Location Account and Address @locations @account-address › TC-LOC-ACC-011: Address dialog Save button always disabled (674ms)
2026-06-01 15:03:24 [31328] INFO  AutomationFramework - LocationAccountAddressPage initialized
2026-06-01 15:03:25 [31328] INFO  AutomationFramework - Clicking element: btnAccMasterAddress
2026-06-01 15:03:25 [31328] INFO  AutomationFramework - [OK] Click successful: btnAccMasterAddress
2026-06-01 15:03:25 [31328] INFO  AutomationFramework - Waiting for element: dlgSelectAddress
2026-06-01 15:03:25 [31328] INFO  AutomationFramework - [OK] Element visible: dlgSelectAddress
2026-06-01 15:03:25 [31328] INFO  AutomationFramework - [OK] Select Customer Address dialog opened (master)
2026-06-01 15:03:25 [31328] INFO  AutomationFramework - Clicking element: btnAddrCancel
2026-06-01 15:03:25 [31328] INFO  AutomationFramework - [OK] Click successful: btnAddrCancel
2026-06-01 15:03:25 [31328] INFO  AutomationFramework - Cancelled Address dialog
  ok 110 [encore-locations] › specs\locations\location-account-address.spec.ts:203:7 › Location Account and Address @locations @account-address › TC-LOC-ACC-012: Master Address button opens same Select Customer Address dialog (520ms)
2026-06-01 15:03:25 [31328] INFO  AutomationFramework - LocationAccountAddressPage initialized
  ok 111 [encore-locations] › specs\locations\location-account-address.spec.ts:211:7 › Location Account and Address @locations @account-address › TC-LOC-ACC-013: Venue address display fields are read-only (130ms)
2026-06-01 15:03:25 [31328] INFO  AutomationFramework - LocationAccountAddressPage initialized
  ok 112 [encore-locations] › specs\locations\location-account-address.spec.ts:219:7 › Location Account and Address @locations @account-address › TC-LOC-ACC-014: Master address display fields are read-only (115ms)
2026-06-01 15:03:25 [31328] INFO  AutomationFramework - LocationAccountAddressPage initialized
2026-06-01 15:03:25 [31328] INFO  AutomationFramework - Cleared Phone 1 and blurred
2026-06-01 15:03:26 [31328] INFO  AutomationFramework - Filling element: txtAccPhone1 with value: 760-883-1957...
2026-06-01 15:03:26 [31328] INFO  AutomationFramework - [OK] Fill successful: txtAccPhone1
2026-06-01 15:03:26 [31328] INFO  AutomationFramework - Save button disabled (btnSaveAccountAddress) -- skipping click
  ok 113 [encore-locations] › specs\locations\location-account-address.spec.ts:227:7 › Location Account and Address @locations @account-address › TC-LOC-ACC-015: Phone 1 required field shows inline error when cleared (395ms)
2026-06-01 15:03:26 [31328] INFO  AutomationFramework - LocationAccountAddressPage initialized
  ok 114 [encore-locations] › specs\locations\location-account-address.spec.ts:237:7 › Location Account and Address @locations @account-address › TC-LOC-ACC-016: Phone 2 optional, no validation error when empty (55ms)
2026-06-01 15:03:26 [31328] INFO  AutomationFramework - LocationAccountAddressPage initialized
2026-06-01 15:03:26 [31328] INFO  AutomationFramework - Left-panel Save enabled: false
  ok 115 [encore-locations] › specs\locations\location-account-address.spec.ts:242:7 › Location Account and Address @locations @account-address › TC-LOC-ACC-017: Save button disabled when no pending changes (52ms)
2026-06-01 15:03:26 [31328] INFO  AutomationFramework - LocationAccountAddressPage initialized
2026-06-01 15:03:26 [31328] INFO  AutomationFramework - Left-panel Save enabled: false
2026-06-01 15:03:26 [31328] INFO  AutomationFramework - Filling element: txtAccPhone2 with value: 111-222-3333...
2026-06-01 15:03:26 [31328] INFO  AutomationFramework - [OK] Fill successful: txtAccPhone2
2026-06-01 15:03:26 [31328] INFO  AutomationFramework - Left-panel Save enabled: true
2026-06-01 15:03:26 [31328] INFO  AutomationFramework - [fixture] Auto-accepting beforeunload dialog
2026-06-01 15:03:28 [31328] INFO  AutomationFramework - [OK] Tab active: tabAccountAndAddress
2026-06-01 15:03:35 [31328] INFO  AutomationFramework - [OK] Reloaded and navigated to Account and Address tab
  ok 116 [encore-locations] › specs\locations\location-account-address.spec.ts:247:7 › Location Account and Address @locations @account-address › TC-LOC-ACC-018: Save button enables on field change (8.9s)
2026-06-01 15:03:35 [31328] INFO  AutomationFramework - LocationAccountAddressPage initialized
2026-06-01 15:03:35 [31328] INFO  AutomationFramework - Filling element: txtAccPhone2 with value: 555-000-0001...
2026-06-01 15:03:35 [31328] INFO  AutomationFramework - [OK] Fill successful: txtAccPhone2
2026-06-01 15:03:35 [31328] INFO  AutomationFramework - Left-panel Save enabled: true
2026-06-01 15:03:35 [31328] INFO  AutomationFramework - Save confirmation dialog appeared -- confirming
2026-06-01 15:03:37 [31328] INFO  AutomationFramework - [OK] Save complete (btnSaveAccountAddress)
2026-06-01 15:03:37 [31328] INFO  AutomationFramework - Left-panel Save enabled: false
  ok 117 [encore-locations] › specs\locations\location-account-address.spec.ts:265:7 › Location Account and Address @locations @account-address › TC-LOC-ACC-019: Save flow -- confirmation dialog then success (1.9s)
2026-06-01 15:03:37 [31328] INFO  AutomationFramework - LocationAccountAddressPage initialized
2026-06-01 15:03:39 [31328] INFO  AutomationFramework - [OK] Tab active: tabAccountAndAddress
2026-06-01 15:03:44 [31328] INFO  AutomationFramework - [OK] Reloaded and navigated to Account and Address tab
  x  118 [encore-locations] › specs\locations\location-account-address.spec.ts:273:7 › Location Account and Address @locations @account-address › TC-LOC-ACC-020: Save changes persist after page reload (11.0s)
2026-06-01 15:03:49 [15548] INFO  AutomationFramework - Loading credentials from env source
2026-06-01 15:03:49 [15548] INFO  AutomationFramework - [OK] Credentials loaded for: s-prd-clickauto@psav.com
2026-06-01 15:03:56 [15548] INFO  AutomationFramework - [OK] Authenticated session ready via shared storageState
2026-06-01 15:03:56 [15548] INFO  AutomationFramework - LocationAccountAddressPage initialized
2026-06-01 15:03:56 [15548] INFO  AutomationFramework - Navigating to locations/1604/settings/location
2026-06-01 15:03:56 [15548] INFO  AutomationFramework - Navigating to: https://cloudapps-e2e.encoreglobal.com/navigator/locations/1604/settings/location
2026-06-01 15:03:57 [15548] INFO  AutomationFramework - [OK] Navigation successful: https://cloudapps-e2e.encoreglobal.com/navigator/locations/1604/settings/location
2026-06-01 15:03:59 [15548] INFO  AutomationFramework - [OK] Tab active: tabAccountAndAddress
2026-06-01 15:04:06 [15548] INFO  AutomationFramework - [OK] Tab active: tabAccountAndAddress
2026-06-01 15:04:12 [15548] INFO  AutomationFramework - [OK] Reloaded and navigated to Account and Address tab
2026-06-01 15:04:12 [15548] INFO  AutomationFramework - Left-panel Save enabled: false
2026-06-01 15:04:12 [15548] INFO  AutomationFramework - Filling element: txtAccPhone2 with value: ...
2026-06-01 15:04:12 [15548] INFO  AutomationFramework - [OK] Fill successful: txtAccPhone2
2026-06-01 15:04:13 [15548] INFO  AutomationFramework - Save confirmation dialog appeared -- confirming
2026-06-01 15:04:14 [15548] INFO  AutomationFramework - [OK] Save complete (btnSaveAccountAddress)
  ok 119 [encore-locations] › specs\locations\location-account-address.spec.ts:273:7 › Location Account and Address @locations @account-address › TC-LOC-ACC-020: Save changes persist after page reload (retry #1) (17.9s)
2026-06-01 15:04:14 [15548] INFO  AutomationFramework - LocationAccountAddressPage initialized
2026-06-01 15:04:14 [15548] INFO  AutomationFramework - Filling element: txtAccPhone2 with value: 111-222-3333...
2026-06-01 15:04:14 [15548] INFO  AutomationFramework - [OK] Fill successful: txtAccPhone2
2026-06-01 15:04:14 [15548] INFO  AutomationFramework - Left-panel Save enabled: true
2026-06-01 15:04:14 [15548] INFO  AutomationFramework - Clicking element: btnSaveAccountAddress
2026-06-01 15:04:14 [15548] INFO  AutomationFramework - [OK] Click successful: btnSaveAccountAddress
2026-06-01 15:04:14 [15548] INFO  AutomationFramework - Waiting for element: dlgSaveChanges
2026-06-01 15:04:14 [15548] INFO  AutomationFramework - [OK] Element visible: dlgSaveChanges
2026-06-01 15:04:14 [15548] INFO  AutomationFramework - [OK] Save Changes dialog opened (not confirmed)
2026-06-01 15:04:14 [15548] INFO  AutomationFramework - Clicking element: btnSaveChangesCancel
2026-06-01 15:04:14 [15548] INFO  AutomationFramework - [OK] Click successful: btnSaveChangesCancel
2026-06-01 15:04:14 [15548] INFO  AutomationFramework - Cancelled Save Changes dialog
2026-06-01 15:04:14 [15548] INFO  AutomationFramework - Left-panel Save enabled: true
2026-06-01 15:04:14 [15548] INFO  AutomationFramework - [fixture] Auto-accepting beforeunload dialog
2026-06-01 15:04:16 [15548] INFO  AutomationFramework - [OK] Tab active: tabAccountAndAddress
2026-06-01 15:04:22 [15548] INFO  AutomationFramework - [OK] Reloaded and navigated to Account and Address tab
  ok 120 [encore-locations] › specs\locations\location-account-address.spec.ts:291:7 › Location Account and Address @locations @account-address › TC-LOC-ACC-022: Cancel Save dialog discards save without persisting (7.9s)
2026-06-01 15:04:22 [15548] INFO  AutomationFramework - LocationAccountAddressPage initialized
2026-06-01 15:04:22 [15548] INFO  AutomationFramework - Cleared Phone 1 and blurred
2026-06-01 15:04:22 [15548] INFO  AutomationFramework - Left-panel Save enabled: true
2026-06-01 15:04:22 [15548] INFO  AutomationFramework - [fixture] Auto-accepting beforeunload dialog
2026-06-01 15:04:24 [15548] INFO  AutomationFramework - [OK] Tab active: tabAccountAndAddress
2026-06-01 15:04:29 [15548] INFO  AutomationFramework - [OK] Reloaded and navigated to Account and Address tab
  ok 121 [encore-locations] › specs\locations\location-account-address.spec.ts:306:7 › Location Account and Address @locations @account-address › TC-LOC-ACC-023: Phone 1 cleared shows invalid state and error icon (7.5s)
2026-06-01 15:04:29 [15548] INFO  AutomationFramework - LocationAccountAddressPage initialized
2026-06-01 15:04:29 [15548] INFO  AutomationFramework - Clicking element: btnAccName
2026-06-01 15:04:29 [15548] INFO  AutomationFramework - [OK] Click successful: btnAccName
2026-06-01 15:04:29 [15548] INFO  AutomationFramework - Waiting for element: dlgAccountList
2026-06-01 15:04:29 [15548] INFO  AutomationFramework - [OK] Element visible: dlgAccountList
2026-06-01 15:04:29 [15548] INFO  AutomationFramework - [OK] Account List dialog opened
2026-06-01 15:04:29 [15548] INFO  AutomationFramework - Filling element: txtAccListAddress with value: Beverly...
2026-06-01 15:04:30 [15548] INFO  AutomationFramework - [OK] Fill successful: txtAccListAddress
2026-06-01 15:04:30 [15548] INFO  AutomationFramework - Clicking element: btnAccListSearch
2026-06-01 15:04:30 [15548] INFO  AutomationFramework - [OK] Click successful: btnAccListSearch
2026-06-01 15:04:38 [15548] INFO  AutomationFramework - Searched account by address: Beverly
2026-06-01 15:04:38 [15548] INFO  AutomationFramework - Clicking element: btnAccListCancel
2026-06-01 15:04:38 [15548] INFO  AutomationFramework - [OK] Click successful: btnAccListCancel
2026-06-01 15:04:38 [15548] INFO  AutomationFramework - Cancelled Account List dialog
  ok 122 [encore-locations] › specs\locations\location-account-address.spec.ts:319:7 › Location Account and Address @locations @account-address › TC-LOC-ACC-025: Account List Address filter returns matching results (8.8s)
2026-06-01 15:04:38 [15548] INFO  AutomationFramework - LocationAccountAddressPage initialized
2026-06-01 15:04:38 [15548] INFO  AutomationFramework - Clicking element: btnAccName
2026-06-01 15:04:38 [15548] INFO  AutomationFramework - [OK] Click successful: btnAccName
2026-06-01 15:04:38 [15548] INFO  AutomationFramework - Waiting for element: dlgAccountList
2026-06-01 15:04:38 [15548] INFO  AutomationFramework - [OK] Element visible: dlgAccountList
2026-06-01 15:04:38 [15548] INFO  AutomationFramework - [OK] Account List dialog opened
2026-06-01 15:04:38 [15548] INFO  AutomationFramework - Filling element: txtAccListCity with value: LOS ANGELES...
2026-06-01 15:04:38 [15548] INFO  AutomationFramework - [OK] Fill successful: txtAccListCity
2026-06-01 15:04:38 [15548] INFO  AutomationFramework - Clicking element: btnAccListSearch
2026-06-01 15:04:39 [15548] INFO  AutomationFramework - [OK] Click successful: btnAccListSearch
2026-06-01 15:04:42 [15548] INFO  AutomationFramework - Searched account by city: LOS ANGELES
2026-06-01 15:04:42 [15548] INFO  AutomationFramework - Clicking element: btnAccListCancel
2026-06-01 15:04:42 [15548] INFO  AutomationFramework - [OK] Click successful: btnAccListCancel
2026-06-01 15:04:42 [15548] INFO  AutomationFramework - Cancelled Account List dialog
  ok 123 [encore-locations] › specs\locations\location-account-address.spec.ts:331:7 › Location Account and Address @locations @account-address › TC-LOC-ACC-026: Account List City filter returns matching results (4.3s)
2026-06-01 15:04:42 [15548] INFO  AutomationFramework - LocationAccountAddressPage initialized
2026-06-01 15:04:42 [15548] INFO  AutomationFramework - Clicking element: btnAccVenueAddress
2026-06-01 15:04:43 [15548] INFO  AutomationFramework - [OK] Click successful: btnAccVenueAddress
2026-06-01 15:04:43 [15548] INFO  AutomationFramework - Waiting for element: dlgSelectAddress
2026-06-01 15:04:43 [15548] INFO  AutomationFramework - [OK] Element visible: dlgSelectAddress
2026-06-01 15:04:43 [15548] INFO  AutomationFramework - [OK] Select Customer Address dialog opened (venue)
2026-06-01 15:04:43 [15548] INFO  AutomationFramework - Clicking element: btnAddrSelect
2026-06-01 15:04:43 [15548] INFO  AutomationFramework - [OK] Click successful: btnAddrSelect
2026-06-01 15:04:43 [15548] INFO  AutomationFramework - [OK] Selected address row: 4200 E Palm Canyon Dr
2026-06-01 15:04:43 [15548] INFO  AutomationFramework - Left-panel Save enabled: true
2026-06-01 15:04:43 [15548] INFO  AutomationFramework - [fixture] Auto-accepting beforeunload dialog
2026-06-01 15:04:46 [15548] INFO  AutomationFramework - [OK] Tab active: tabAccountAndAddress
2026-06-01 15:04:52 [15548] INFO  AutomationFramework - [OK] Reloaded and navigated to Account and Address tab
  ok 124 [encore-locations] › specs\locations\location-account-address.spec.ts:343:7 › Location Account and Address @locations @account-address › TC-LOC-ACC-027: Address selection changes venue display fields (9.6s)
2026-06-01 15:04:52 [15548] INFO  AutomationFramework - LocationAccountAddressPage initialized
2026-06-01 15:04:52 [15548] INFO  AutomationFramework - Clicking element: btnAccName
2026-06-01 15:04:52 [15548] INFO  AutomationFramework - [OK] Click successful: btnAccName
2026-06-01 15:04:52 [15548] INFO  AutomationFramework - Waiting for element: dlgAccountList
2026-06-01 15:04:52 [15548] INFO  AutomationFramework - [OK] Element visible: dlgAccountList
2026-06-01 15:04:52 [15548] INFO  AutomationFramework - [OK] Account List dialog opened
2026-06-01 15:04:52 [15548] INFO  AutomationFramework - Filling element: txtAccListAccountName with value: Parker...
2026-06-01 15:04:52 [15548] INFO  AutomationFramework - [OK] Fill successful: txtAccListAccountName
2026-06-01 15:04:52 [15548] INFO  AutomationFramework - Clicking element: btnAccListSearch
2026-06-01 15:04:52 [15548] INFO  AutomationFramework - [OK] Click successful: btnAccListSearch
2026-06-01 15:04:53 [15548] INFO  AutomationFramework - Searched account by name: Parker
2026-06-01 15:04:53 [15548] INFO  AutomationFramework - Clicking element: chkAccListRowSelect
2026-06-01 15:04:53 [15548] INFO  AutomationFramework - [OK] Click successful: chkAccListRowSelect
2026-06-01 15:04:53 [15548] INFO  AutomationFramework - Clicking element: btnAccListSelect
2026-06-01 15:04:54 [15548] INFO  AutomationFramework - [OK] Click successful: btnAccListSelect
2026-06-01 15:04:54 [15548] INFO  AutomationFramework - [OK] Selected first account row and applied
2026-06-01 15:04:54 [15548] INFO  AutomationFramework - Left-panel Save enabled: false
2026-06-01 15:04:54 [15548] INFO  AutomationFramework - Left-panel Save enabled: false
2026-06-01 15:04:54 [15548] INFO  AutomationFramework - Left-panel Save enabled: false
2026-06-01 15:04:55 [15548] INFO  AutomationFramework - Left-panel Save enabled: true
2026-06-01 15:04:55 [15548] INFO  AutomationFramework - Save confirmation dialog appeared -- confirming
2026-06-01 15:04:56 [15548] INFO  AutomationFramework - [OK] Save complete (btnSaveAccountAddress)
2026-06-01 15:04:56 [15548] INFO  AutomationFramework - Left-panel Save enabled: false
2026-06-01 15:04:59 [15548] INFO  AutomationFramework - [OK] Tab active: tabAccountAndAddress
2026-06-01 15:05:05 [15548] INFO  AutomationFramework - [OK] Reloaded and navigated to Account and Address tab
  ok 125 [encore-locations] › specs\locations\location-account-address.spec.ts:362:7 › Location Account and Address @locations @account-address › TC-LOC-ACC-028: Account selection changes venue name and persists (13.0s)
2026-06-01 15:05:05 [15548] INFO  AutomationFramework - LocationAutoAddonPage initialized
2026-06-01 15:05:06 [15548] INFO  AutomationFramework - [OK] Tab active: tabAutoAddon
2026-06-01 15:05:06 [15548] INFO  AutomationFramework - [OK] Tab active: tabAutoAddon
  ok 126 [encore-locations] › specs\locations\location-auto-addon.spec.ts:15:7 › Location Auto Add-On @locations @auto-addon › TC-LOC-AAO-001: Navigate to Auto Add-On Tab (970ms)
2026-06-01 15:05:06 [15548] INFO  AutomationFramework - LocationAutoAddonPage initialized
  ok 127 [encore-locations] › specs\locations\location-auto-addon.spec.ts:38:7 › Location Auto Add-On @locations @auto-addon › TC-LOC-AAO-002: Default State of Checkbox Items (location 1604) (74ms)
2026-06-01 15:05:06 [15548] INFO  AutomationFramework - LocationAutoAddonPage initialized
  ok 128 [encore-locations] › specs\locations\location-auto-addon.spec.ts:47:7 › Location Auto Add-On @locations @auto-addon › TC-LOC-AAO-003: Toggle Checked Item to Unchecked -- Save Enables (185ms)
2026-06-01 15:05:06 [15548] INFO  AutomationFramework - LocationAutoAddonPage initialized
  ok 129 [encore-locations] › specs\locations\location-auto-addon.spec.ts:57:7 › Location Auto Add-On @locations @auto-addon › TC-LOC-AAO-004: Toggle Unchecked Item to Checked -- Save Enables (225ms)
2026-06-01 15:05:07 [15548] INFO  AutomationFramework - LocationAutoAddonPage initialized
  ok 130 [encore-locations] › specs\locations\location-auto-addon.spec.ts:67:7 › Location Auto Add-On @locations @auto-addon › TC-LOC-AAO-005: Revert Toggle Re-Disables Save (Smart Form Diff) (191ms)
2026-06-01 15:05:07 [15548] INFO  AutomationFramework - LocationAutoAddonPage initialized
  ok 131 [encore-locations] › specs\locations\location-auto-addon.spec.ts:76:7 › Location Auto Add-On @locations @auto-addon › TC-LOC-AAO-006: Save Dialog Appears on Save Click (640ms)
2026-06-01 15:05:07 [15548] INFO  AutomationFramework - LocationAutoAddonPage initialized
  ok 132 [encore-locations] › specs\locations\location-auto-addon.spec.ts:88:7 › Location Auto Add-On @locations @auto-addon › TC-LOC-AAO-007: Save Dialog Cancel -- Dismisses Without Saving (628ms)
2026-06-01 15:05:08 [15548] INFO  AutomationFramework - LocationAutoAddonPage initialized
2026-06-01 15:05:10 [15548] INFO  AutomationFramework - Save button disabled -- skipping click
  ok 133 [encore-locations] › specs\locations\location-auto-addon.spec.ts:99:7 › Location Auto Add-On @locations @auto-addon › TC-LOC-AAO-008: Save Dialog Ok -- Saves Successfully with Toast (1.4s)
2026-06-01 15:05:10 [15548] INFO  AutomationFramework - LocationAutoAddonPage initialized
2026-06-01 15:05:11 [15548] INFO  AutomationFramework - Navigating to: about:blank
2026-06-01 15:05:11 [15548] INFO  AutomationFramework - [OK] Navigation successful: about:blank
2026-06-01 15:05:11 [15548] INFO  AutomationFramework - Navigating to: https://cloudapps-e2e.encoreglobal.com/navigator/locations/1604/settings/location
2026-06-01 15:05:12 [15548] INFO  AutomationFramework - [OK] Navigation successful: https://cloudapps-e2e.encoreglobal.com/navigator/locations/1604/settings/location
2026-06-01 15:05:14 [15548] INFO  AutomationFramework - [OK] Tab active: tabAutoAddon
  ok 134 [encore-locations] › specs\locations\location-auto-addon.spec.ts:111:7 › Location Auto Add-On @locations @auto-addon › TC-LOC-AAO-009: Toggle Persists After Page Reload (6.5s)
2026-06-01 15:05:16 [15548] INFO  AutomationFramework - LocationAutoAddonPage initialized
2026-06-01 15:05:16 [15548] INFO  AutomationFramework - Navigating to: about:blank
2026-06-01 15:05:16 [15548] INFO  AutomationFramework - [OK] Navigation successful: about:blank
2026-06-01 15:05:16 [15548] INFO  AutomationFramework - Navigating to: https://cloudapps-e2e.encoreglobal.com/navigator/locations/1604/settings/location
2026-06-01 15:05:17 [15548] INFO  AutomationFramework - [OK] Navigation successful: https://cloudapps-e2e.encoreglobal.com/navigator/locations/1604/settings/location
2026-06-01 15:05:19 [15548] INFO  AutomationFramework - [OK] Tab active: tabAutoAddon
  ok 135 [encore-locations] › specs\locations\location-auto-addon.spec.ts:123:7 › Location Auto Add-On @locations @auto-addon › TC-LOC-AAO-010: Save Button Disabled on Fresh Load (No Changes) (3.3s)
2026-06-01 15:05:19 [15548] INFO  AutomationFramework - LocationAutoAddonPage initialized
2026-06-01 15:05:19 [15548] INFO  AutomationFramework - Navigating to: about:blank
2026-06-01 15:05:19 [15548] INFO  AutomationFramework - [OK] Navigation successful: about:blank
2026-06-01 15:05:19 [15548] INFO  AutomationFramework - Navigating to: https://cloudapps-e2e.encoreglobal.com/navigator/locations/1604/settings/location
2026-06-01 15:05:20 [15548] INFO  AutomationFramework - [OK] Navigation successful: https://cloudapps-e2e.encoreglobal.com/navigator/locations/1604/settings/location
2026-06-01 15:05:23 [15548] INFO  AutomationFramework - [OK] Tab active: tabAutoAddon
2026-06-01 15:05:23 [15548] INFO  AutomationFramework - Checked Radix checkbox: chkAutoAddonExpressContentDesignSession
2026-06-01 15:05:23 [15548] INFO  AutomationFramework - Unchecked Radix checkbox: chkAutoAddonEncoreMusic
2026-06-01 15:05:25 [15548] INFO  AutomationFramework - Navigating to: about:blank
2026-06-01 15:05:25 [15548] INFO  AutomationFramework - [OK] Navigation successful: about:blank
2026-06-01 15:05:25 [15548] INFO  AutomationFramework - Navigating to: https://cloudapps-e2e.encoreglobal.com/navigator/locations/1604/settings/location
2026-06-01 15:05:25 [15548] INFO  AutomationFramework - [OK] Navigation successful: https://cloudapps-e2e.encoreglobal.com/navigator/locations/1604/settings/location
2026-06-01 15:05:28 [15548] INFO  AutomationFramework - [OK] Tab active: tabAutoAddon
2026-06-01 15:05:28 [15548] INFO  AutomationFramework - Unchecked Radix checkbox: chkAutoAddonExpressContentDesignSession
2026-06-01 15:05:28 [15548] INFO  AutomationFramework - Checked Radix checkbox: chkAutoAddonEncoreMusic
  ok 136 [encore-locations] › specs\locations\location-auto-addon.spec.ts:129:7 › Location Auto Add-On @locations @auto-addon › TC-LOC-AAO-011: Multiple Toggles Saved Together (10.4s)
2026-06-01 15:05:30 [15548] INFO  AutomationFramework - LocationAutoAddonPage initialized
2026-06-01 15:05:31 [15548] INFO  AutomationFramework - [OK] Tab active: tabAutoAddon
  ok 137 [encore-locations] › specs\locations\location-auto-addon.spec.ts:147:7 › Location Auto Add-On @locations @auto-addon › TC-LOC-AAO-012: Sub-Tab Switch with Unsaved Changes -- No Dialog (1.3s)
2026-06-01 15:05:31 [15548] INFO  AutomationFramework - LocationAutoAddonPage initialized
2026-06-01 15:05:31 [15548] INFO  AutomationFramework - Navigating to: about:blank
2026-06-01 15:05:31 [15548] INFO  AutomationFramework - [OK] Navigation successful: about:blank
2026-06-01 15:05:31 [15548] INFO  AutomationFramework - Navigating to: https://cloudapps-e2e.encoreglobal.com/navigator/locations/1604/settings/location
2026-06-01 15:05:32 [15548] INFO  AutomationFramework - [OK] Navigation successful: https://cloudapps-e2e.encoreglobal.com/navigator/locations/1604/settings/location
2026-06-01 15:05:35 [15548] INFO  AutomationFramework - [OK] Tab active: tabAutoAddon
  ok 138 [encore-locations] › specs\locations\location-auto-addon.spec.ts:159:7 › Location Auto Add-On @locations @auto-addon › TC-LOC-AAO-013: Unsaved Changes Dialog Appears on Page Navigation Away (4.6s)
2026-06-01 15:05:36 [15548] INFO  AutomationFramework - LocationAutoAddonPage initialized
2026-06-01 15:05:36 [15548] INFO  AutomationFramework - Navigating to: about:blank
2026-06-01 15:05:36 [15548] INFO  AutomationFramework - [OK] Navigation successful: about:blank
2026-06-01 15:05:36 [15548] INFO  AutomationFramework - Navigating to: https://cloudapps-e2e.encoreglobal.com/navigator/locations/1604/settings/location
2026-06-01 15:05:36 [15548] INFO  AutomationFramework - [OK] Navigation successful: https://cloudapps-e2e.encoreglobal.com/navigator/locations/1604/settings/location
2026-06-01 15:05:40 [15548] INFO  AutomationFramework - [OK] Tab active: tabAutoAddon
  ok 139 [encore-locations] › specs\locations\location-auto-addon.spec.ts:174:7 › Location Auto Add-On @locations @auto-addon › TC-LOC-AAO-014: Unsaved Changes -- Stay Button Keeps User on Page (4.8s)
2026-06-01 15:05:40 [15548] INFO  AutomationFramework - LocationAutoAddonPage initialized
2026-06-01 15:05:40 [15548] INFO  AutomationFramework - Navigating to: about:blank
2026-06-01 15:05:40 [15548] INFO  AutomationFramework - [OK] Navigation successful: about:blank
2026-06-01 15:05:40 [15548] INFO  AutomationFramework - Navigating to: https://cloudapps-e2e.encoreglobal.com/navigator/locations/1604/settings/location
2026-06-01 15:05:41 [15548] INFO  AutomationFramework - [OK] Navigation successful: https://cloudapps-e2e.encoreglobal.com/navigator/locations/1604/settings/location
2026-06-01 15:05:44 [15548] INFO  AutomationFramework - [OK] Tab active: tabAutoAddon
2026-06-01 15:05:46 [15548] INFO  AutomationFramework - Navigating to: about:blank
2026-06-01 15:05:46 [15548] INFO  AutomationFramework - [OK] Navigation successful: about:blank
2026-06-01 15:05:46 [15548] INFO  AutomationFramework - Navigating to: https://cloudapps-e2e.encoreglobal.com/navigator/locations/1604/settings/location
2026-06-01 15:05:47 [15548] INFO  AutomationFramework - [OK] Navigation successful: https://cloudapps-e2e.encoreglobal.com/navigator/locations/1604/settings/location
2026-06-01 15:05:50 [15548] INFO  AutomationFramework - [OK] Tab active: tabAutoAddon
  ok 140 [encore-locations] › specs\locations\location-auto-addon.spec.ts:188:7 › Location Auto Add-On @locations @auto-addon › TC-LOC-AAO-015: Unsaved Changes -- Discard Button Navigates Away (10.0s)
2026-06-01 15:05:50 [15548] INFO  AutomationFramework - LocationAutoAddonPage initialized
2026-06-01 15:05:50 [15548] INFO  AutomationFramework - Navigating to: about:blank
2026-06-01 15:05:51 [15548] INFO  AutomationFramework - [OK] Navigation successful: about:blank
2026-06-01 15:05:51 [15548] INFO  AutomationFramework - Navigating to: https://cloudapps-e2e.encoreglobal.com/navigator/locations/1604/settings/location
2026-06-01 15:05:51 [15548] INFO  AutomationFramework - [OK] Navigation successful: https://cloudapps-e2e.encoreglobal.com/navigator/locations/1604/settings/location
2026-06-01 15:05:54 [15548] INFO  AutomationFramework - [OK] Tab active: tabAutoAddon
2026-06-01 15:05:54 [15548] INFO  AutomationFramework - Unchecked Radix checkbox: chkAutoAddonWordly
2026-06-01 15:05:55 [15548] INFO  AutomationFramework - Navigating to: about:blank
2026-06-01 15:05:55 [15548] INFO  AutomationFramework - [OK] Navigation successful: about:blank
2026-06-01 15:05:55 [15548] INFO  AutomationFramework - Navigating to: https://cloudapps-e2e.encoreglobal.com/navigator/locations/1604/settings/location
2026-06-01 15:05:56 [15548] INFO  AutomationFramework - [OK] Navigation successful: https://cloudapps-e2e.encoreglobal.com/navigator/locations/1604/settings/location
2026-06-01 15:05:58 [15548] INFO  AutomationFramework - [OK] Tab active: tabAutoAddon
2026-06-01 15:05:58 [15548] INFO  AutomationFramework - Checked Radix checkbox: chkAutoAddonWordly
  ok 141 [encore-locations] › specs\locations\location-auto-addon.spec.ts:204:9 › Location Auto Add-On @locations @auto-addon › TC-LOC-AAO-017: Wordly Uncheck Persists After Save+Reload (9.2s)
2026-06-01 15:06:00 [15548] INFO  AutomationFramework - LocationAutoAddonPage initialized
2026-06-01 15:06:00 [15548] INFO  AutomationFramework - Navigating to: about:blank
2026-06-01 15:06:00 [15548] INFO  AutomationFramework - [OK] Navigation successful: about:blank
2026-06-01 15:06:00 [15548] INFO  AutomationFramework - Navigating to: https://cloudapps-e2e.encoreglobal.com/navigator/locations/1604/settings/location
2026-06-01 15:06:00 [15548] INFO  AutomationFramework - [OK] Navigation successful: https://cloudapps-e2e.encoreglobal.com/navigator/locations/1604/settings/location
2026-06-01 15:06:04 [15548] INFO  AutomationFramework - [OK] Tab active: tabAutoAddon
2026-06-01 15:06:04 [15548] INFO  AutomationFramework - Unchecked Radix checkbox: chkAutoAddonLabor
2026-06-01 15:06:06 [15548] INFO  AutomationFramework - Navigating to: about:blank
2026-06-01 15:06:06 [15548] INFO  AutomationFramework - [OK] Navigation successful: about:blank
2026-06-01 15:06:06 [15548] INFO  AutomationFramework - Navigating to: https://cloudapps-e2e.encoreglobal.com/navigator/locations/1604/settings/location
2026-06-01 15:06:06 [15548] INFO  AutomationFramework - [OK] Navigation successful: https://cloudapps-e2e.encoreglobal.com/navigator/locations/1604/settings/location
2026-06-01 15:06:09 [15548] INFO  AutomationFramework - [OK] Tab active: tabAutoAddon
2026-06-01 15:06:09 [15548] INFO  AutomationFramework - Checked Radix checkbox: chkAutoAddonLabor
  ok 142 [encore-locations] › specs\locations\location-auto-addon.spec.ts:204:9 › Location Auto Add-On @locations @auto-addon › TC-LOC-AAO-018: Labor Uncheck Persists After Save+Reload (11.2s)
2026-06-01 15:06:11 [15548] INFO  AutomationFramework - LocationAutoAddonPage initialized
2026-06-01 15:06:11 [15548] INFO  AutomationFramework - Navigating to: about:blank
2026-06-01 15:06:11 [15548] INFO  AutomationFramework - [OK] Navigation successful: about:blank
2026-06-01 15:06:11 [15548] INFO  AutomationFramework - Navigating to: https://cloudapps-e2e.encoreglobal.com/navigator/locations/1604/settings/location
2026-06-01 15:06:11 [15548] INFO  AutomationFramework - [OK] Navigation successful: https://cloudapps-e2e.encoreglobal.com/navigator/locations/1604/settings/location
2026-06-01 15:06:14 [15548] INFO  AutomationFramework - [OK] Tab active: tabAutoAddon
2026-06-01 15:06:14 [15548] INFO  AutomationFramework - Navigating to: about:blank
2026-06-01 15:06:14 [15548] INFO  AutomationFramework - [fixture] Auto-accepting beforeunload dialog
2026-06-01 15:06:14 [15548] INFO  AutomationFramework - [dialog] Auto-accepting beforeunload dialog during safe navigation
2026-06-01 15:06:14 [15548] INFO  AutomationFramework - [dialog] Beforeunload dialog already handled by another listener
2026-06-01 15:06:14 [15548] INFO  AutomationFramework - [OK] Navigation successful: about:blank
2026-06-01 15:06:14 [15548] INFO  AutomationFramework - Navigating to: https://cloudapps-e2e.encoreglobal.com/navigator/locations/1604/settings/location
2026-06-01 15:06:15 [15548] INFO  AutomationFramework - [OK] Navigation successful: https://cloudapps-e2e.encoreglobal.com/navigator/locations/1604/settings/location
2026-06-01 15:06:18 [15548] INFO  AutomationFramework - [OK] Tab active: tabAutoAddon
  ok 143 [encore-locations] › specs\locations\location-auto-addon.spec.ts:223:7 › Location Auto Add-On @locations @auto-addon › TC-LOC-AAO-019: Cancel Does Not Persist Toggle (7.0s)
2026-06-01 15:06:18 [15548] INFO  AutomationFramework - LocationAutoAddonPage initialized
2026-06-01 15:06:18 [15548] INFO  AutomationFramework - Navigating to: about:blank
2026-06-01 15:06:18 [15548] INFO  AutomationFramework - [OK] Navigation successful: about:blank
2026-06-01 15:06:18 [15548] INFO  AutomationFramework - Navigating to: https://cloudapps-e2e.encoreglobal.com/navigator/locations/1604/settings/location
2026-06-01 15:06:18 [15548] INFO  AutomationFramework - [OK] Navigation successful: https://cloudapps-e2e.encoreglobal.com/navigator/locations/1604/settings/location
2026-06-01 15:06:22 [15548] INFO  AutomationFramework - [OK] Tab active: tabAutoAddon
2026-06-01 15:06:22 [15548] INFO  AutomationFramework - Unchecked Radix checkbox: chkAutoAddonEncoreMusic
2026-06-01 15:06:22 [15548] INFO  AutomationFramework - Unchecked Radix checkbox: chkAutoAddonWirelessPresenter
2026-06-01 15:06:22 [15548] INFO  AutomationFramework - Checked Radix checkbox: chkAutoAddonExpressContentDesignSession
2026-06-01 15:06:23 [15548] INFO  AutomationFramework - Unchecked Radix checkbox: chkAutoAddonWordly
2026-06-01 15:06:23 [15548] INFO  AutomationFramework - Unchecked Radix checkbox: chkAutoAddonLabor
2026-06-01 15:06:24 [15548] INFO  AutomationFramework - Navigating to: about:blank
2026-06-01 15:06:24 [15548] INFO  AutomationFramework - [OK] Navigation successful: about:blank
2026-06-01 15:06:24 [15548] INFO  AutomationFramework - Navigating to: https://cloudapps-e2e.encoreglobal.com/navigator/locations/1604/settings/location
2026-06-01 15:06:25 [15548] INFO  AutomationFramework - [OK] Navigation successful: https://cloudapps-e2e.encoreglobal.com/navigator/locations/1604/settings/location
2026-06-01 15:06:27 [15548] INFO  AutomationFramework - [OK] Tab active: tabAutoAddon
2026-06-01 15:06:28 [15548] INFO  AutomationFramework - Checked Radix checkbox: chkAutoAddonEncoreMusic
2026-06-01 15:06:28 [15548] INFO  AutomationFramework - Checked Radix checkbox: chkAutoAddonWirelessPresenter
2026-06-01 15:06:28 [15548] INFO  AutomationFramework - Unchecked Radix checkbox: chkAutoAddonExpressContentDesignSession
2026-06-01 15:06:28 [15548] INFO  AutomationFramework - Checked Radix checkbox: chkAutoAddonWordly
2026-06-01 15:06:28 [15548] INFO  AutomationFramework - Checked Radix checkbox: chkAutoAddonLabor
  ok 144 [encore-locations] › specs\locations\location-auto-addon.spec.ts:238:7 › Location Auto Add-On @locations @auto-addon › TC-LOC-AAO-020: Bulk Invert All Checkboxes Persists After Save+Reload (11.5s)
2026-06-01 15:06:30 [15548] INFO  AutomationFramework - LocationCurrencyPage initialized
2026-06-01 15:06:30 [15548] INFO  AutomationFramework - [OK] Tab active: tabCurrency
2026-06-01 15:06:30 [15548] INFO  AutomationFramework - [OK] Tab active: tabCurrency
2026-06-01 15:06:30 [15548] INFO  AutomationFramework - Checked: chkUSDSelected
2026-06-01 15:06:30 [15548] INFO  AutomationFramework - Checked: chkUSDIsDefault
2026-06-01 15:06:30 [15548] INFO  AutomationFramework - Selected merchant option: 316370 - PSAV US/USD
2026-06-01 15:06:30 [15548] INFO  AutomationFramework - Unchecked: chkCADSelected
2026-06-01 15:06:30 [15548] INFO  AutomationFramework - Unchecked: chkMXNSelected
2026-06-01 15:06:30 [15548] INFO  AutomationFramework - Save button disabled (btnSaveCurrency) -- skipping click
2026-06-01 15:06:30 [15548] INFO  AutomationFramework - Currency grid rows: 3
  ok 145 [encore-locations] › specs\locations\location-currency.spec.ts:15:7 › Location Currency @locations @currency › TC-LOC-CUR-001: Navigate to Currency tab; 3 rows, 4 column headers visible (583ms)
2026-06-01 15:06:30 [15548] INFO  AutomationFramework - LocationCurrencyPage initialized
2026-06-01 15:06:30 [15548] INFO  AutomationFramework - [OK] Tab active: tabCurrency
2026-06-01 15:06:30 [15548] INFO  AutomationFramework - chkUSDSelected: checked=true, disabled=false
2026-06-01 15:06:30 [15548] INFO  AutomationFramework - chkUSDIsDefault: checked=true, disabled=false
  ok 146 [encore-locations] › specs\locations\location-currency.spec.ts:33:7 › Location Currency @locations @currency › TC-LOC-CUR-002: USD default -- Selected, Is Default checked; merchant set (89ms)
2026-06-01 15:06:30 [15548] INFO  AutomationFramework - LocationCurrencyPage initialized
2026-06-01 15:06:30 [15548] INFO  AutomationFramework - chkCADSelected: checked=false, disabled=false
2026-06-01 15:06:30 [15548] INFO  AutomationFramework - chkCADIsDefault: checked=false, disabled=true
  ok 147 [encore-locations] › specs\locations\location-currency.spec.ts:45:9 › Location Currency @locations @currency › TC-LOC-CUR-003: CAD default -- unselected, Is Default disabled (44ms)
2026-06-01 15:06:30 [15548] INFO  AutomationFramework - LocationCurrencyPage initialized
2026-06-01 15:06:30 [15548] INFO  AutomationFramework - chkMXNSelected: checked=false, disabled=false
2026-06-01 15:06:30 [15548] INFO  AutomationFramework - chkMXNIsDefault: checked=false, disabled=true
  ok 148 [encore-locations] › specs\locations\location-currency.spec.ts:45:9 › Location Currency @locations @currency › TC-LOC-CUR-004: MXN default -- unselected, Is Default disabled (46ms)
2026-06-01 15:06:30 [15548] INFO  AutomationFramework - LocationCurrencyPage initialized
2026-06-01 15:06:30 [15548] INFO  AutomationFramework - USD code cell editable inputs: 0
  ok 149 [encore-locations] › specs\locations\location-currency.spec.ts:52:7 › Location Currency @locations @currency › TC-LOC-CUR-018: Currency Code column is read-only (35ms)
2026-06-01 15:06:30 [15548] INFO  AutomationFramework - LocationCurrencyPage initialized
2026-06-01 15:06:30 [15548] INFO  AutomationFramework - drpCADMerchant accessible: true
  ok 150 [encore-locations] › specs\locations\location-currency.spec.ts:57:7 › Location Currency @locations @currency › TC-LOC-CUR-019: Merchant dropdown accessible for unselected currency (104ms)
2026-06-01 15:06:30 [15548] INFO  AutomationFramework - LocationCurrencyPage initialized
2026-06-01 15:06:31 [15548] INFO  AutomationFramework - Currency Save enabled: false
2026-06-01 15:06:31 [15548] INFO  AutomationFramework - Checked: chkCADSelected
2026-06-01 15:06:31 [15548] INFO  AutomationFramework - Currency Save enabled: true
2026-06-01 15:06:31 [15548] INFO  AutomationFramework - Unchecked: chkCADSelected
  ok 151 [encore-locations] › specs\locations\location-currency.spec.ts:62:7 › Location Currency @locations @currency › TC-LOC-CUR-015: Save disabled initially; enabled after field change (246ms)
2026-06-01 15:06:31 [15548] INFO  AutomationFramework - LocationCurrencyPage initialized
2026-06-01 15:06:31 [15548] INFO  AutomationFramework - chkCADIsDefault: checked=false, disabled=true
2026-06-01 15:06:31 [15548] INFO  AutomationFramework - Checked: chkCADSelected
2026-06-01 15:06:31 [15548] INFO  AutomationFramework - chkCADIsDefault: checked=false, disabled=false
2026-06-01 15:06:31 [15548] INFO  AutomationFramework - Unchecked: chkCADSelected
  ok 152 [encore-locations] › specs\locations\location-currency.spec.ts:70:7 › Location Currency @locations @currency › TC-LOC-CUR-005: Selecting currency enables its Is Default checkbox (216ms)
2026-06-01 15:06:31 [15548] INFO  AutomationFramework - LocationCurrencyPage initialized
2026-06-01 15:06:31 [15548] INFO  AutomationFramework - Checked: chkCADSelected
2026-06-01 15:06:31 [15548] INFO  AutomationFramework - Checked: chkCADIsDefault
2026-06-01 15:06:31 [15548] INFO  AutomationFramework - Unchecked: chkCADSelected
2026-06-01 15:06:31 [15548] INFO  AutomationFramework - chkCADIsDefault: checked=false, disabled=true
2026-06-01 15:06:31 [15548] INFO  AutomationFramework - Checked: chkUSDIsDefault
2026-06-01 15:06:31 [15548] INFO  AutomationFramework - Save button disabled (btnSaveCurrency) -- skipping click
  ok 153 [encore-locations] › specs\locations\location-currency.spec.ts:82:7 › Location Currency @locations @currency › TC-LOC-CUR-007: Unselecting currency disables and unchecks Is Default (392ms)
2026-06-01 15:06:31 [15548] INFO  AutomationFramework - LocationCurrencyPage initialized
2026-06-01 15:06:31 [15548] INFO  AutomationFramework - chkUSDIsDefault: checked=true, disabled=false
2026-06-01 15:06:32 [15548] INFO  AutomationFramework - Checked: chkCADSelected
2026-06-01 15:06:32 [15548] INFO  AutomationFramework - Checked: chkCADIsDefault
2026-06-01 15:06:32 [15548] INFO  AutomationFramework - chkUSDIsDefault: checked=false, disabled=false
2026-06-01 15:06:32 [15548] INFO  AutomationFramework - Unchecked: chkCADSelected
2026-06-01 15:06:32 [15548] INFO  AutomationFramework - Checked: chkUSDIsDefault
2026-06-01 15:06:32 [15548] INFO  AutomationFramework - Save button disabled (btnSaveCurrency) -- skipping click
  ok 154 [encore-locations] › specs\locations\location-currency.spec.ts:95:7 › Location Currency @locations @currency › TC-LOC-CUR-006: Single default rule -- setting CAD default auto-unchecks USD default (455ms)
2026-06-01 15:06:32 [15548] INFO  AutomationFramework - LocationCurrencyPage initialized
2026-06-01 15:06:32 [15548] INFO  AutomationFramework - Merchant options for drpUSDMerchant: 316370 - PSAV US/USD, 316426 - Encore Bahamas/USD
  ok 155 [encore-locations] › specs\locations\location-currency.spec.ts:107:7 › Location Currency @locations @currency › TC-LOC-CUR-008: USD Merchant dropdown shows 2 options (166ms)
2026-06-01 15:06:32 [15548] INFO  AutomationFramework - LocationCurrencyPage initialized
2026-06-01 15:06:32 [15548] INFO  AutomationFramework - Merchant options for drpCADMerchant: 316446 - PSAV Canada/CAD
  ok 156 [encore-locations] › specs\locations\location-currency.spec.ts:115:7 › Location Currency @locations @currency › TC-LOC-CUR-009: CAD Merchant dropdown shows 1 option (141ms)
2026-06-01 15:06:32 [15548] INFO  AutomationFramework - LocationCurrencyPage initialized
2026-06-01 15:06:32 [15548] INFO  AutomationFramework - Checked: chkMXNSelected
2026-06-01 15:06:32 [15548] INFO  AutomationFramework - chkMXNIsDefault: checked=false, disabled=false
2026-06-01 15:06:32 [15548] INFO  AutomationFramework - Checked: chkMXNIsDefault
2026-06-01 15:06:32 [15548] INFO  AutomationFramework - chkMXNIsDefault: checked=true, disabled=false
2026-06-01 15:06:33 [15548] INFO  AutomationFramework - drpMXNMerchant No Matches Found: true
2026-06-01 15:06:33 [15548] INFO  AutomationFramework - Unchecked: chkMXNSelected
2026-06-01 15:06:33 [15548] INFO  AutomationFramework - Save confirmation dialog appeared -- confirming
2026-06-01 15:06:34 [15548] INFO  AutomationFramework - [OK] Save complete (btnSaveCurrency)
  ok 157 [encore-locations] › specs\locations\location-currency.spec.ts:122:7 › Location Currency @locations @currency › TC-LOC-CUR-010: MXN Merchant dropdown shows No Matches Found (2.0s)
2026-06-01 15:06:34 [15548] INFO  AutomationFramework - LocationCurrencyPage initialized
2026-06-01 15:06:34 [15548] INFO  AutomationFramework - Checked: chkCADSelected
2026-06-01 15:06:35 [15548] INFO  AutomationFramework - Selected merchant option: 316446 - PSAV Canada/CAD
2026-06-01 15:06:35 [15548] INFO  AutomationFramework - Unchecked: chkCADSelected
2026-06-01 15:06:35 [15548] INFO  AutomationFramework - Save button disabled (btnSaveCurrency) -- skipping click
  ok 158 [encore-locations] › specs\locations\location-currency.spec.ts:133:7 › Location Currency @locations @currency › TC-LOC-CUR-011: Select merchant for CAD currency (736ms)
2026-06-01 15:06:35 [15548] INFO  AutomationFramework - LocationCurrencyPage initialized
2026-06-01 15:06:35 [15548] INFO  AutomationFramework - Checked: chkCADSelected
2026-06-01 15:06:35 [15548] INFO  AutomationFramework - Selected merchant option: 316446 - PSAV Canada/CAD
2026-06-01 15:06:36 [15548] INFO  AutomationFramework - Unchecked: chkCADSelected
2026-06-01 15:06:36 [15548] INFO  AutomationFramework - Save button disabled (btnSaveCurrency) -- skipping click
  ok 159 [encore-locations] › specs\locations\location-currency.spec.ts:142:7 › Location Currency @locations @currency › TC-LOC-CUR-012: Merchant value persists when currency is unselected (729ms)
2026-06-01 15:06:36 [15548] INFO  AutomationFramework - LocationCurrencyPage initialized
2026-06-01 15:06:36 [15548] INFO  AutomationFramework - Selected merchant option: 316426 - Encore Bahamas/USD
2026-06-01 15:06:37 [15548] INFO  AutomationFramework - Selected merchant option: 316370 - PSAV US/USD
2026-06-01 15:06:37 [15548] INFO  AutomationFramework - Save button disabled (btnSaveCurrency) -- skipping click
  ok 160 [encore-locations] › specs\locations\location-currency.spec.ts:151:7 › Location Currency @locations @currency › TC-LOC-CUR-016: USD Merchant can be changed to alternate option (838ms)
2026-06-01 15:06:37 [15548] INFO  AutomationFramework - LocationCurrencyPage initialized
2026-06-01 15:06:37 [15548] INFO  AutomationFramework - Unchecked: chkUSDSelected
2026-06-01 15:06:37 [15548] INFO  AutomationFramework - chkUSDIsDefault: checked=false, disabled=true
2026-06-01 15:06:37 [15548] INFO  AutomationFramework - Currency Save enabled: false
2026-06-01 15:06:37 [15548] INFO  AutomationFramework - Checked: chkUSDSelected
2026-06-01 15:06:37 [15548] INFO  AutomationFramework - Checked: chkUSDIsDefault
2026-06-01 15:06:37 [15548] INFO  AutomationFramework - Save confirmation dialog appeared -- confirming
2026-06-01 15:06:39 [15548] INFO  AutomationFramework - [OK] Save complete (btnSaveCurrency)
  ok 161 [encore-locations] › specs\locations\location-currency.spec.ts:160:7 › Location Currency @locations @currency › TC-LOC-CUR-013: Validation -- at least one currency must be selected (2.1s)
2026-06-01 15:06:39 [15548] INFO  AutomationFramework - LocationCurrencyPage initialized
2026-06-01 15:06:39 [15548] INFO  AutomationFramework - Unchecked: chkUSDIsDefault
2026-06-01 15:06:39 [15548] INFO  AutomationFramework - Save Changes dialog appeared
2026-06-01 15:06:39 [15548] INFO  AutomationFramework - Checked: chkUSDIsDefault
2026-06-01 15:06:39 [15548] INFO  AutomationFramework - Save button disabled (btnSaveCurrency) -- skipping click
  ok 162 [encore-locations] › specs\locations\location-currency.spec.ts:174:7 › Location Currency @locations @currency › TC-LOC-CUR-014: Save without default currency shows confirmation dialog (not an error) (681ms)
2026-06-01 15:06:39 [15548] INFO  AutomationFramework - LocationCurrencyPage initialized
2026-06-01 15:06:39 [15548] INFO  AutomationFramework - Checked: chkCADSelected
2026-06-01 15:06:40 [15548] INFO  AutomationFramework - Unchecked: chkUSDIsDefault
2026-06-01 15:06:40 [15548] INFO  AutomationFramework - Save Changes dialog appeared
2026-06-01 15:06:40 [15548] INFO  AutomationFramework - Unchecked: chkCADSelected
2026-06-01 15:06:40 [15548] INFO  AutomationFramework - Checked: chkUSDIsDefault
2026-06-01 15:06:40 [15548] INFO  AutomationFramework - Save button disabled (btnSaveCurrency) -- skipping click
  ok 163 [encore-locations] › specs\locations\location-currency.spec.ts:184:7 › Location Currency @locations @currency › TC-LOC-CUR-017: Multiple currencies selected without default -- save confirmation shown (817ms)
2026-06-01 15:06:40 [15548] INFO  AutomationFramework - LocationCurrencyPage initialized
2026-06-01 15:06:40 [15548] INFO  AutomationFramework - Checked: chkCADSelected
2026-06-01 15:06:40 [15548] INFO  AutomationFramework - Checked: chkMXNSelected
2026-06-01 15:06:40 [15548] INFO  AutomationFramework - chkUSDSelected: checked=true, disabled=false
2026-06-01 15:06:40 [15548] INFO  AutomationFramework - chkCADSelected: checked=true, disabled=false
2026-06-01 15:06:40 [15548] INFO  AutomationFramework - chkMXNSelected: checked=true, disabled=false
2026-06-01 15:06:41 [15548] INFO  AutomationFramework - Unchecked: chkCADSelected
2026-06-01 15:06:41 [15548] INFO  AutomationFramework - Unchecked: chkMXNSelected
2026-06-01 15:06:41 [15548] INFO  AutomationFramework - Save button disabled (btnSaveCurrency) -- skipping click
  ok 164 [encore-locations] › specs\locations\location-currency.spec.ts:196:7 › Location Currency @locations @currency › TC-LOC-CUR-020: All three currencies can be selected simultaneously (437ms)
2026-06-01 15:06:41 [15548] INFO  AutomationFramework - LocationCurrencyPage initialized
2026-06-01 15:06:41 [15548] INFO  AutomationFramework - Clicking element: tabCurrency
2026-06-01 15:06:43 [15548] INFO  AutomationFramework - [OK] Click successful: tabCurrency
2026-06-01 15:06:44 [15548] INFO  AutomationFramework - Checked: chkCADSelected
2026-06-01 15:06:44 [15548] INFO  AutomationFramework - Currency Save enabled: true
2026-06-01 15:06:44 [15548] INFO  AutomationFramework - Save confirmation dialog appeared -- confirming
2026-06-01 15:06:45 [15548] INFO  AutomationFramework - [OK] Save complete (btnSaveCurrency)
2026-06-01 15:06:45 [15548] INFO  AutomationFramework - Currency Save enabled: false
2026-06-01 15:06:46 [15548] INFO  AutomationFramework - Clicking element: tabCurrency
2026-06-01 15:06:47 [15548] INFO  AutomationFramework - [OK] Click successful: tabCurrency
2026-06-01 15:06:48 [15548] INFO  AutomationFramework - chkCADSelected: checked=true, disabled=false
2026-06-01 15:06:48 [15548] INFO  AutomationFramework - Unchecked: chkCADSelected
2026-06-01 15:06:48 [15548] INFO  AutomationFramework - Save confirmation dialog appeared -- confirming
2026-06-01 15:06:49 [15548] INFO  AutomationFramework - [OK] Save complete (btnSaveCurrency)
  ok 165 [encore-locations] › specs\locations\location-currency.spec.ts:212:7 › Location Currency @locations @currency › TC-LOC-CUR-021: Selected currency persists after save and reload (8.1s)
2026-06-01 15:06:49 [15548] INFO  AutomationFramework - LocationCurrencyPage initialized
2026-06-01 15:06:50 [15548] INFO  AutomationFramework - Clicking element: tabCurrency
2026-06-01 15:06:51 [15548] INFO  AutomationFramework - [OK] Click successful: tabCurrency
2026-06-01 15:06:52 [15548] INFO  AutomationFramework - Selected merchant option: 316426 - Encore Bahamas/USD
2026-06-01 15:06:52 [15548] INFO  AutomationFramework - Currency Save enabled: true
2026-06-01 15:06:53 [15548] INFO  AutomationFramework - Save confirmation dialog appeared -- confirming
2026-06-01 15:06:53 [15548] INFO  AutomationFramework - [OK] Save complete (btnSaveCurrency)
2026-06-01 15:06:53 [15548] INFO  AutomationFramework - Currency Save enabled: false
2026-06-01 15:06:54 [15548] INFO  AutomationFramework - Clicking element: tabCurrency
2026-06-01 15:06:56 [15548] INFO  AutomationFramework - [OK] Click successful: tabCurrency
2026-06-01 15:06:56 [15548] INFO  AutomationFramework - Selected merchant option: 316370 - PSAV US/USD
2026-06-01 15:06:56 [15548] INFO  AutomationFramework - Save confirmation dialog appeared -- confirming
2026-06-01 15:06:57 [15548] INFO  AutomationFramework - [OK] Save complete (btnSaveCurrency)
  ok 166 [encore-locations] › specs\locations\location-currency.spec.ts:230:7 › Location Currency @locations @currency › TC-LOC-CUR-022: Merchant change persists after save and reload (7.9s)
2026-06-01 15:06:57 [15548] INFO  AutomationFramework - LocationCurrencyPage initialized
2026-06-01 15:06:57 [15548] INFO  AutomationFramework - Clicking element: tabCurrency
2026-06-01 15:06:59 [15548] INFO  AutomationFramework - [OK] Click successful: tabCurrency
2026-06-01 15:07:01 [15548] INFO  AutomationFramework - Checked: chkCADSelected
2026-06-01 15:07:01 [15548] INFO  AutomationFramework - Checked: chkCADIsDefault
2026-06-01 15:07:01 [15548] INFO  AutomationFramework - chkUSDIsDefault: checked=false, disabled=false
2026-06-01 15:07:01 [15548] INFO  AutomationFramework - Currency Save enabled: true
2026-06-01 15:07:01 [15548] INFO  AutomationFramework - Save confirmation dialog appeared -- confirming
2026-06-01 15:07:02 [15548] INFO  AutomationFramework - [OK] Save complete (btnSaveCurrency)
2026-06-01 15:07:02 [15548] INFO  AutomationFramework - Currency Save enabled: false
2026-06-01 15:07:03 [15548] INFO  AutomationFramework - Clicking element: tabCurrency
2026-06-01 15:07:04 [15548] INFO  AutomationFramework - [OK] Click successful: tabCurrency
2026-06-01 15:07:05 [15548] INFO  AutomationFramework - chkCADIsDefault: checked=true, disabled=false
2026-06-01 15:07:05 [15548] INFO  AutomationFramework - chkUSDIsDefault: checked=false, disabled=false
2026-06-01 15:07:05 [15548] INFO  AutomationFramework - Unchecked: chkCADSelected
2026-06-01 15:07:05 [15548] INFO  AutomationFramework - Checked: chkUSDIsDefault
2026-06-01 15:07:05 [15548] INFO  AutomationFramework - Save confirmation dialog appeared -- confirming
2026-06-01 15:07:06 [15548] INFO  AutomationFramework - [OK] Save complete (btnSaveCurrency)
  ok 167 [encore-locations] › specs\locations\location-currency.spec.ts:249:7 › Location Currency @locations @currency › TC-LOC-CUR-023: IsDefault change persists after save and reload (cascade) (9.1s)
2026-06-01 15:07:06 [15548] INFO  AutomationFramework - LocationCurrencyPage initialized
2026-06-01 15:07:07 [15548] INFO  AutomationFramework - Clicking element: tabCurrency
2026-06-01 15:07:08 [15548] INFO  AutomationFramework - [OK] Click successful: tabCurrency
2026-06-01 15:07:09 [15548] INFO  AutomationFramework - Checked: chkCADSelected
2026-06-01 15:07:09 [15548] INFO  AutomationFramework - Selected merchant option: 316426 - Encore Bahamas/USD
2026-06-01 15:07:09 [15548] INFO  AutomationFramework - Currency Save enabled: true
2026-06-01 15:07:10 [15548] INFO  AutomationFramework - Save confirmation dialog appeared -- confirming
2026-06-01 15:07:11 [15548] INFO  AutomationFramework - [OK] Save complete (btnSaveCurrency)
2026-06-01 15:07:11 [15548] INFO  AutomationFramework - Currency Save enabled: false
2026-06-01 15:07:11 [15548] INFO  AutomationFramework - Clicking element: tabCurrency
2026-06-01 15:07:13 [15548] INFO  AutomationFramework - [OK] Click successful: tabCurrency
2026-06-01 15:07:14 [15548] INFO  AutomationFramework - chkCADSelected: checked=true, disabled=false
2026-06-01 15:07:15 [15548] INFO  AutomationFramework - Unchecked: chkCADSelected
2026-06-01 15:07:15 [15548] INFO  AutomationFramework - Selected merchant option: 316370 - PSAV US/USD
2026-06-01 15:07:15 [15548] INFO  AutomationFramework - Save confirmation dialog appeared -- confirming
2026-06-01 15:07:16 [15548] INFO  AutomationFramework - [OK] Save complete (btnSaveCurrency)
  ok 168 [encore-locations] › specs\locations\location-currency.spec.ts:271:7 › Location Currency @locations @currency › TC-LOC-CUR-024: Combined changes persist after single save and reload (10.1s)
2026-06-01 15:07:16 [15548] INFO  AutomationFramework - LocationCurrencyPage initialized
2026-06-01 15:07:16 [15548] INFO  AutomationFramework - Clicking element: tabCurrency
2026-06-01 15:07:18 [15548] INFO  AutomationFramework - [OK] Click successful: tabCurrency
2026-06-01 15:07:18 [15548] INFO  AutomationFramework - Checked: chkCADSelected
2026-06-01 15:07:18 [15548] INFO  AutomationFramework - Currency Save enabled: true
2026-06-01 15:07:19 [15548] INFO  AutomationFramework - Save Changes dialog appeared
2026-06-01 15:07:19 [15548] INFO  AutomationFramework - [fixture] Auto-accepting beforeunload dialog
2026-06-01 15:07:20 [15548] INFO  AutomationFramework - Clicking element: tabCurrency
2026-06-01 15:07:22 [15548] INFO  AutomationFramework - [OK] Click successful: tabCurrency
2026-06-01 15:07:23 [15548] INFO  AutomationFramework - chkCADSelected: checked=false, disabled=false
  ok 169 [encore-locations] › specs\locations\location-currency.spec.ts:296:7 › Location Currency @locations @currency › TC-LOC-CUR-025: Cancel save discards changes — reload shows original state (6.7s)
2026-06-01 15:07:23 [15548] INFO  AutomationFramework - LocationCurrencyPage initialized
2026-06-01 15:07:23 [15548] INFO  AutomationFramework - Clicking element: tabCurrency
2026-06-01 15:07:25 [15548] INFO  AutomationFramework - [OK] Click successful: tabCurrency
2026-06-01 15:07:25 [15548] INFO  AutomationFramework - Checked: chkCADSelected
2026-06-01 15:07:25 [15548] INFO  AutomationFramework - Currency Save enabled: true
2026-06-01 15:07:25 [15548] INFO  AutomationFramework - [fixture] Auto-accepting beforeunload dialog
2026-06-01 15:07:28 [15548] INFO  AutomationFramework - Clicking element: tabCurrency
2026-06-01 15:07:29 [15548] INFO  AutomationFramework - [OK] Click successful: tabCurrency
  ok 170 [encore-locations] › specs\locations\location-currency.spec.ts:313:7 › Location Currency @locations @currency › TC-LOC-CUR-026: Beforeunload dialog fires when form is dirty (7.1s)
2026-06-01 15:07:30 [15548] INFO  AutomationFramework - LocationCurrencyPage initialized
2026-06-01 15:07:31 [15548] INFO  AutomationFramework - Clicking element: tabCurrency
2026-06-01 15:07:32 [15548] INFO  AutomationFramework - [OK] Click successful: tabCurrency
2026-06-01 15:07:33 [15548] INFO  AutomationFramework - Unchecked: chkUSDIsDefault
2026-06-01 15:07:33 [15548] INFO  AutomationFramework - chkUSDIsDefault: checked=false, disabled=false
2026-06-01 15:07:33 [15548] INFO  AutomationFramework - Currency Save enabled: true
2026-06-01 15:07:34 [15548] INFO  AutomationFramework - Save confirmation dialog appeared -- confirming
2026-06-01 15:07:35 [15548] INFO  AutomationFramework - [OK] Save complete (btnSaveCurrency)
2026-06-01 15:07:35 [15548] INFO  AutomationFramework - Currency Save enabled: false
2026-06-01 15:07:35 [15548] INFO  AutomationFramework - Clicking element: tabCurrency
2026-06-01 15:07:37 [15548] INFO  AutomationFramework - [OK] Click successful: tabCurrency
2026-06-01 15:07:38 [15548] INFO  AutomationFramework - chkUSDIsDefault: checked=false, disabled=false
2026-06-01 15:07:38 [15548] INFO  AutomationFramework - Checked: chkUSDIsDefault
2026-06-01 15:07:38 [15548] INFO  AutomationFramework - Save confirmation dialog appeared -- confirming
2026-06-01 15:07:39 [15548] INFO  AutomationFramework - [OK] Save complete (btnSaveCurrency)
  ok 171 [encore-locations] › specs\locations\location-currency.spec.ts:331:7 › Location Currency @locations @currency › TC-LOC-CUR-027: No-default state persists after save and reload (8.8s)
2026-06-01 15:07:39 [15548] INFO  AutomationFramework - LocationLegalPage initialized
2026-06-01 15:07:39 [15548] INFO  AutomationFramework - [OK] Tab active: tabLegal
2026-06-01 15:07:41 [15548] WARN  AutomationFramework - [RETRY 1/3] Option click failed for "Administrative Fee" on drpLegalServiceCharge0 — Escape and reopen
2026-06-01 15:07:41 [15548] INFO  AutomationFramework - [OK] Selected combobox option "Administrative Fee" for drpLegalServiceCharge0
2026-06-01 15:07:41 [15548] INFO  AutomationFramework - [OK] Save button enabled
2026-06-01 15:07:41 [15548] INFO  AutomationFramework - Save confirmation dialog appeared -- confirming
2026-06-01 15:07:43 [15548] INFO  AutomationFramework - [OK] Save complete (btnSaveLegal)
2026-06-01 15:07:43 [15548] INFO  AutomationFramework - Clicking element: tabLegal
2026-06-01 15:07:45 [15548] INFO  AutomationFramework - [OK] Click successful: tabLegal
2026-06-01 15:07:52 [15548] WARN  AutomationFramework - [RETRY 1/3] Option click failed for "Resort Service Charge" on drpLegalServiceCharge0 — Escape and reopen
2026-06-01 15:07:53 [15548] INFO  AutomationFramework - [OK] Selected combobox option "Resort Service Charge" for drpLegalServiceCharge0
2026-06-01 15:07:53 [15548] INFO  AutomationFramework - [OK] Save button enabled
2026-06-01 15:07:53 [15548] INFO  AutomationFramework - Save confirmation dialog appeared -- confirming
2026-06-01 15:07:55 [15548] INFO  AutomationFramework - [OK] Save complete (btnSaveLegal)
2026-06-01 15:07:56 [15548] INFO  AutomationFramework - Clicking element: tabLegal
2026-06-01 15:07:58 [15548] INFO  AutomationFramework - [OK] Click successful: tabLegal
  ok 172 [encore-locations] › specs\locations\location-legal.spec.ts:65:7 › Location Legal — FCC @locations @legal @fcc › TC-LOC-LGL-019: No UI path to submit out-of-list SC value (negative enumeration + save-cycle) (22.8s)
2026-06-01 15:08:02 [15548] INFO  AutomationFramework - LocationLegalPage initialized
2026-06-01 15:08:02 [15548] INFO  AutomationFramework - Legal grid rows: 1
  ok 173 [encore-locations] › specs\locations\location-legal.spec.ts:118:7 › Location Legal @locations @legal › TC-LOC-LGL-001: Navigate to Legal tab; 3 column headers, 1 data row (69ms)
2026-06-01 15:08:02 [15548] INFO  AutomationFramework - LocationLegalPage initialized
  ok 174 [encore-locations] › specs\locations\location-legal.spec.ts:127:7 › Location Legal @locations @legal › TC-LOC-LGL-002: Default field values -- US English, Resort Service Charge, LDW (76ms)
2026-06-01 15:08:02 [15548] INFO  AutomationFramework - LocationLegalPage initialized
  ok 175 [encore-locations] › specs\locations\location-legal.spec.ts:134:7 › Location Legal @locations @legal › TC-LOC-LGL-003: Language Name cell is read-only (76ms)
2026-06-01 15:08:02 [15548] INFO  AutomationFramework - LocationLegalPage initialized
  ok 176 [encore-locations] › specs\locations\location-legal.spec.ts:139:7 › Location Legal @locations @legal › TC-LOC-LGL-004: Service Charge dropdown opens with options (183ms)
2026-06-01 15:08:02 [15548] INFO  AutomationFramework - LocationLegalPage initialized
  ok 177 [encore-locations] › specs\locations\location-legal.spec.ts:146:7 › Location Legal @locations @legal › TC-LOC-LGL-005: Terms and Conditions dropdown opens with options (193ms)
2026-06-01 15:08:02 [15548] INFO  AutomationFramework - LocationLegalPage initialized
  ok 178 [encore-locations] › specs\locations\location-legal.spec.ts:153:7 › Location Legal @locations @legal › TC-LOC-LGL-006: No search/filter in either dropdown (289ms)
2026-06-01 15:08:02 [15548] INFO  AutomationFramework - LocationLegalPage initialized
  ok 179 [encore-locations] › specs\locations\location-legal.spec.ts:159:7 › Location Legal @locations @legal › TC-LOC-LGL-007: Save button disabled by default (76ms)
2026-06-01 15:08:03 [15548] INFO  AutomationFramework - LocationLegalPage initialized
2026-06-01 15:08:03 [15548] INFO  AutomationFramework - [OK] Selected combobox option "Administrative Fee" for drpLegalServiceCharge0
2026-06-01 15:08:03 [15548] INFO  AutomationFramework - [fixture] Auto-accepting beforeunload dialog
2026-06-01 15:08:04 [15548] INFO  AutomationFramework - Clicking element: tabLegal
2026-06-01 15:08:05 [15548] INFO  AutomationFramework - [OK] Click successful: tabLegal
  ok 180 [encore-locations] › specs\locations\location-legal.spec.ts:164:7 › Location Legal @locations @legal › TC-LOC-LGL-008: Changing Service Charge enables Save (5.7s)
2026-06-01 15:08:08 [15548] INFO  AutomationFramework - LocationLegalPage initialized
2026-06-01 15:08:09 [15548] INFO  AutomationFramework - [OK] Selected combobox option "Encore Terms and Conditions" for drpLegalTerms0
2026-06-01 15:08:09 [15548] INFO  AutomationFramework - [fixture] Auto-accepting beforeunload dialog
2026-06-01 15:08:09 [15548] INFO  AutomationFramework - Clicking element: tabLegal
2026-06-01 15:08:11 [15548] INFO  AutomationFramework - [OK] Click successful: tabLegal
  ok 181 [encore-locations] › specs\locations\location-legal.spec.ts:173:7 › Location Legal @locations @legal › TC-LOC-LGL-009: Changing Terms enables Save (5.3s)
2026-06-01 15:08:14 [15548] INFO  AutomationFramework - LocationLegalPage initialized
2026-06-01 15:08:17 [15548] WARN  AutomationFramework - [RETRY] Listbox not visible after click — retrying drpLegalServiceCharge0
2026-06-01 15:08:17 [15548] INFO  AutomationFramework - [OK] Selected combobox option "Administrative Fee" for drpLegalServiceCharge0
2026-06-01 15:08:18 [15548] INFO  AutomationFramework - [OK] Selected combobox option "Resort Service Charge" for drpLegalServiceCharge0
2026-06-01 15:08:18 [15548] INFO  AutomationFramework - [fixture] Auto-accepting beforeunload dialog
2026-06-01 15:08:18 [15548] INFO  AutomationFramework - Clicking element: tabLegal
2026-06-01 15:08:20 [15548] INFO  AutomationFramework - [OK] Click successful: tabLegal
  ok 182 [encore-locations] › specs\locations\location-legal.spec.ts:182:7 › Location Legal @locations @legal › TC-LOC-LGL-010: Reverting dropdown to original does NOT re-disable Save (9.8s)
2026-06-01 15:08:23 [15548] INFO  AutomationFramework - LocationLegalPage initialized
2026-06-01 15:08:24 [15548] INFO  AutomationFramework - [OK] Selected combobox option "Administrative Fee" for drpLegalServiceCharge0
2026-06-01 15:08:24 [15548] INFO  AutomationFramework - [OK] Save button enabled
2026-06-01 15:08:24 [15548] INFO  AutomationFramework - Save confirmation dialog appeared -- confirming
2026-06-01 15:08:25 [15548] INFO  AutomationFramework - [OK] Save complete (btnSaveLegal)
2026-06-01 15:08:26 [15548] INFO  AutomationFramework - Clicking element: tabLegal
2026-06-01 15:08:27 [15548] INFO  AutomationFramework - [OK] Click successful: tabLegal
2026-06-01 15:08:30 [15548] WARN  AutomationFramework - [RETRY 1/3] Option click failed for "Resort Service Charge" on drpLegalServiceCharge0 — Escape and reopen
2026-06-01 15:08:31 [15548] INFO  AutomationFramework - [OK] Selected combobox option "Resort Service Charge" for drpLegalServiceCharge0
2026-06-01 15:08:31 [15548] INFO  AutomationFramework - [OK] Save button enabled
2026-06-01 15:08:31 [15548] INFO  AutomationFramework - Save confirmation dialog appeared -- confirming
2026-06-01 15:08:32 [15548] INFO  AutomationFramework - [OK] Save complete (btnSaveLegal)
  ok 183 [encore-locations] › specs\locations\location-legal.spec.ts:194:7 › Location Legal @locations @legal › TC-LOC-LGL-011: Save SC change persists after reload (8.7s)
2026-06-01 15:08:32 [15548] INFO  AutomationFramework - LocationLegalPage initialized
2026-06-01 15:08:33 [15548] INFO  AutomationFramework - Clicking element: tabLegal
2026-06-01 15:08:35 [15548] INFO  AutomationFramework - [OK] Click successful: tabLegal
2026-06-01 15:08:37 [15548] WARN  AutomationFramework - [RETRY 1/3] Option click failed for "Encore Terms and Conditions" on drpLegalTerms0 — Escape and reopen
2026-06-01 15:08:38 [15548] INFO  AutomationFramework - [OK] Selected combobox option "Encore Terms and Conditions" for drpLegalTerms0
2026-06-01 15:08:38 [15548] INFO  AutomationFramework - [OK] Save button enabled
2026-06-01 15:08:38 [15548] INFO  AutomationFramework - Save confirmation dialog appeared -- confirming
2026-06-01 15:08:39 [15548] INFO  AutomationFramework - [OK] Save complete (btnSaveLegal)
2026-06-01 15:08:40 [15548] INFO  AutomationFramework - Clicking element: tabLegal
2026-06-01 15:08:41 [15548] INFO  AutomationFramework - [OK] Click successful: tabLegal
2026-06-01 15:08:44 [15548] WARN  AutomationFramework - [RETRY 1/3] Option click failed for "LDW" on drpLegalTerms0 — Escape and reopen
2026-06-01 15:08:44 [15548] INFO  AutomationFramework - [OK] Selected combobox option "LDW" for drpLegalTerms0
2026-06-01 15:08:44 [15548] INFO  AutomationFramework - [OK] Save button enabled
2026-06-01 15:08:45 [15548] INFO  AutomationFramework - Save confirmation dialog appeared -- confirming
2026-06-01 15:08:46 [15548] INFO  AutomationFramework - [OK] Save complete (btnSaveLegal)
  ok 184 [encore-locations] › specs\locations\location-legal.spec.ts:213:7 › Location Legal @locations @legal › TC-LOC-LGL-012: Save T&C change persists after reload (13.8s)
2026-06-01 15:08:46 [15548] INFO  AutomationFramework - LocationLegalPage initialized
2026-06-01 15:08:47 [15548] INFO  AutomationFramework - Clicking element: tabLegal
2026-06-01 15:08:48 [15548] INFO  AutomationFramework - [OK] Click successful: tabLegal
2026-06-01 15:08:51 [15548] WARN  AutomationFramework - [RETRY 1/3] Option click failed for "Administrative Fee" on drpLegalServiceCharge0 — Escape and reopen
2026-06-01 15:08:52 [15548] INFO  AutomationFramework - [OK] Selected combobox option "Administrative Fee" for drpLegalServiceCharge0
2026-06-01 15:08:52 [15548] INFO  AutomationFramework - [fixture] Auto-accepting beforeunload dialog
2026-06-01 15:08:53 [15548] INFO  AutomationFramework - Clicking element: tabLegal
2026-06-01 15:08:54 [15548] INFO  AutomationFramework - [OK] Click successful: tabLegal
  ok 185 [encore-locations] › specs\locations\location-legal.spec.ts:233:7 › Location Legal @locations @legal › TC-LOC-LGL-013: Cancel in Save dialog discards save (10.4s)
2026-06-01 15:08:56 [15548] INFO  AutomationFramework - LocationLegalPage initialized
2026-06-01 15:08:57 [15548] WARN  AutomationFramework - [RETRY 1/3] Option click failed for "Encore Terms and Conditions" on drpLegalTerms0 — Escape and reopen
2026-06-01 15:08:57 [15548] INFO  AutomationFramework - [OK] Selected combobox option "Encore Terms and Conditions" for drpLegalTerms0
2026-06-01 15:08:57 [15548] INFO  AutomationFramework - [fixture] Auto-accepting beforeunload dialog
2026-06-01 15:08:58 [15548] INFO  AutomationFramework - Clicking element: tabLegal
2026-06-01 15:09:00 [15548] INFO  AutomationFramework - [OK] Click successful: tabLegal
  ok 186 [encore-locations] › specs\locations\location-legal.spec.ts:248:7 › Location Legal @locations @legal › TC-LOC-LGL-014: Beforeunload dialog triggers with unsaved changes (6.7s)
2026-06-01 15:09:03 [15548] INFO  AutomationFramework - LocationLegalPage initialized
2026-06-01 15:09:04 [15548] INFO  AutomationFramework - Clicking element: tabLegal
2026-06-01 15:09:05 [15548] INFO  AutomationFramework - [OK] Click successful: tabLegal
2026-06-01 15:09:11 [15548] WARN  AutomationFramework - [RETRY] Listbox not visible after click — retrying drpLegalServiceCharge0
2026-06-01 15:09:11 [15548] INFO  AutomationFramework - [OK] Selected combobox option "Administrative Fee" for drpLegalServiceCharge0
2026-06-01 15:09:11 [15548] INFO  AutomationFramework - [OK] Selected combobox option "Encore Terms and Conditions" for drpLegalTerms0
2026-06-01 15:09:11 [15548] INFO  AutomationFramework - [OK] Save button enabled
2026-06-01 15:09:11 [15548] INFO  AutomationFramework - Save confirmation dialog appeared -- confirming
2026-06-01 15:09:13 [15548] INFO  AutomationFramework - [OK] Save complete (btnSaveLegal)
2026-06-01 15:09:13 [15548] INFO  AutomationFramework - Clicking element: tabLegal
2026-06-01 15:09:14 [15548] INFO  AutomationFramework - [OK] Click successful: tabLegal
2026-06-01 15:09:18 [15548] INFO  AutomationFramework - [OK] Selected combobox option "Resort Service Charge" for drpLegalServiceCharge0
2026-06-01 15:09:18 [15548] INFO  AutomationFramework - [OK] Selected combobox option "LDW" for drpLegalTerms0
2026-06-01 15:09:18 [15548] INFO  AutomationFramework - [OK] Save button enabled
2026-06-01 15:09:18 [15548] INFO  AutomationFramework - Save confirmation dialog appeared -- confirming
2026-06-01 15:09:19 [15548] INFO  AutomationFramework - [OK] Save complete (btnSaveLegal)
  ok 187 [encore-locations] › specs\locations\location-legal.spec.ts:264:7 › Location Legal @locations @legal › TC-LOC-LGL-018: Combined SC + T&C change saves and persists both (16.0s)
2026-06-01 15:09:19 [15548] INFO  AutomationFramework - LocationLocalInfoPage initialized
2026-06-01 15:09:19 [15548] INFO  AutomationFramework - [OK] Tab active: tabLocalInformation
2026-06-01 15:09:19 [15548] INFO  AutomationFramework - [OK] Tab active: tabLocalInformation
2026-06-01 15:09:19 [15548] INFO  AutomationFramework - [OK] Form ready: chkApplyLDW is enabled
2026-06-01 15:09:19 [15548] INFO  AutomationFramework - Checkbox [chkApplyCablesConsumablesFee] -> checked=false disabled=false
2026-06-01 15:09:20 [15548] INFO  AutomationFramework - Checkbox [chkAllowETS] -> checked=false disabled=false
2026-06-01 15:09:20 [15548] INFO  AutomationFramework - Checkbox [chkAllowResortTax] -> checked=false disabled=false
2026-06-01 15:09:20 [15548] INFO  AutomationFramework - Checkbox [chkShowServiceChargeAsAdministrativeFee] -> checked=false disabled=false
2026-06-01 15:09:20 [15548] INFO  AutomationFramework - Checkbox [chkCalculateServiceChargeOnNetAmount] -> checked=false disabled=false
2026-06-01 15:09:20 [15548] INFO  AutomationFramework - Checkbox [chkInternetAssetReservation] -> checked=false disabled=false
2026-06-01 15:09:20 [15548] INFO  AutomationFramework - Checkbox [chkExcludeImpliedDiscount] -> checked=false disabled=false
2026-06-01 15:09:20 [15548] INFO  AutomationFramework - Checkbox [chkPromptForApproval] -> checked=false disabled=false
2026-06-01 15:09:20 [15548] INFO  AutomationFramework - Checkbox [chkAllowProductionQuote] -> checked=false disabled=false
2026-06-01 15:09:20 [15548] INFO  AutomationFramework - Checkbox [chkWarehouseBilling] -> checked=false disabled=false
2026-06-01 15:09:20 [15548] INFO  AutomationFramework - Checkbox [chkEnableIDCBilling] -> checked=false disabled=false
2026-06-01 15:09:20 [15548] INFO  AutomationFramework - Checkbox [chkSkipBilling] -> checked=false disabled=false
2026-06-01 15:09:20 [15548] INFO  AutomationFramework - Checkbox [chkSeparateMasterBillCommissionInvoice] -> checked=false disabled=false
2026-06-01 15:09:20 [15548] INFO  AutomationFramework - Checkbox [chkShowSubRental] -> checked=false disabled=false
2026-06-01 15:09:20 [15548] INFO  AutomationFramework - Checkbox [chkInventoryOnly] -> checked=false disabled=false
2026-06-01 15:09:20 [15548] INFO  AutomationFramework - Checkbox [chkCalculateCommissionTax] -> checked=false disabled=false
2026-06-01 15:09:20 [15548] INFO  AutomationFramework - Checkbox [chkCanCreateExternalCustomerLink] -> checked=false disabled=false
2026-06-01 15:09:20 [15548] INFO  AutomationFramework - Checkbox [chkOffsiteEventLocation] -> checked=false disabled=false
2026-06-01 15:09:20 [15548] INFO  AutomationFramework - Checkbox [chkExhibitShowRate] -> checked=false disabled=false
2026-06-01 15:09:20 [15548] INFO  AutomationFramework - Checkbox [chkEnableMultidayPricing] -> checked=false disabled=false
2026-06-01 15:09:20 [15548] INFO  AutomationFramework - Checkbox [chkApplyLDW] -> checked=true disabled=false
2026-06-01 15:09:20 [15548] INFO  AutomationFramework - Checkbox [chkTickerCalc] -> checked=true disabled=false
2026-06-01 15:09:20 [15548] INFO  AutomationFramework - Checkbox [chkEnableSetStrikeLaborMinutes] -> checked=true disabled=false
2026-06-01 15:09:20 [15548] INFO  AutomationFramework - Checkbox [chkApplySetStrikeLaborMinutes] -> checked=true disabled=false
2026-06-01 15:09:20 [15548] INFO  AutomationFramework - Checkbox [chkCompanyRemitTax] -> checked=true disabled=false
2026-06-01 15:09:20 [15548] INFO  AutomationFramework - Checkbox [chkCommReceiver] -> checked=true disabled=false
2026-06-01 15:09:20 [15548] INFO  AutomationFramework - Checkbox [chkIntercompany] -> checked=true disabled=false
2026-06-01 15:09:20 [15548] INFO  AutomationFramework - Checkbox [chkAllowDPCD] -> checked=true disabled=false
2026-06-01 15:09:20 [15548] INFO  AutomationFramework - Checkbox [chkCreditMemoApprovalRequired] -> checked=true disabled=false
2026-06-01 15:09:20 [15548] INFO  AutomationFramework - Checkbox [chkEnableDiscountReason] -> checked=true disabled=false
2026-06-01 15:09:20 [15548] INFO  AutomationFramework - Checkbox [chkEnableProposal] -> checked=true disabled=false
2026-06-01 15:09:20 [15548] INFO  AutomationFramework - Checkbox [chkEnableJobCosting] -> checked=true disabled=true
2026-06-01 15:09:20 [15548] INFO  AutomationFramework - Checkbox [chkServiceCharge] -> checked=true disabled=false
2026-06-01 15:09:20 [15548] INFO  AutomationFramework - Spin [spinLDWPercentage] -> raw="4.00%" value="4.00" disabled=false
2026-06-01 15:09:20 [15548] INFO  AutomationFramework - Spin [spinThreshold] -> raw="0.00%" value="0.00" disabled=true
2026-06-01 15:09:20 [15548] INFO  AutomationFramework - Spin [spinETSPercentage] -> raw="0.00%" value="0.00" disabled=true
2026-06-01 15:09:20 [15548] INFO  AutomationFramework - Spin [spinCCPercentage] -> raw="0.00%" value="0.00" disabled=true
2026-06-01 15:09:20 [15548] INFO  AutomationFramework - Spin [spinResortTaxPercentage] -> raw="0.00%" value="0.00" disabled=true
2026-06-01 15:09:20 [15548] INFO  AutomationFramework - Save button enabled: false
  ok 188 [encore-locations] › specs\locations\location-local-information.spec.ts:29:7 › Location Local Info @locations @local-info › TC-LOC-LI-001: Navigate to Local Info tab; URL correct, Save disabled (782ms)
2026-06-01 15:09:20 [15548] INFO  AutomationFramework - LocationLocalInfoPage initialized
2026-06-01 15:09:20 [15548] INFO  AutomationFramework - [OK] Form ready: chkApplyLDW is enabled
2026-06-01 15:09:20 [15548] INFO  AutomationFramework - Checkbox [chkApplyLDW] -> checked=true disabled=false
2026-06-01 15:09:20 [15548] INFO  AutomationFramework - Spin [spinLDWPercentage] -> raw="4.00%" value="4.00" disabled=false
2026-06-01 15:09:20 [15548] INFO  AutomationFramework - Checkbox [chkApplyLDW] -> checked=true disabled=false
2026-06-01 15:09:20 [15548] INFO  AutomationFramework - Checkbox [chkTickerCalc] -> checked=true disabled=false
2026-06-01 15:09:20 [15548] INFO  AutomationFramework - Checkbox [chkEnableSetStrikeLaborMinutes] -> checked=true disabled=false
2026-06-01 15:09:20 [15548] INFO  AutomationFramework - Checkbox [chkApplySetStrikeLaborMinutes] -> checked=true disabled=false
2026-06-01 15:09:20 [15548] INFO  AutomationFramework - Checkbox [chkCompanyRemitTax] -> checked=true disabled=false
2026-06-01 15:09:20 [15548] INFO  AutomationFramework - Checkbox [chkCommReceiver] -> checked=true disabled=false
2026-06-01 15:09:20 [15548] INFO  AutomationFramework - Checkbox [chkIntercompany] -> checked=true disabled=false
2026-06-01 15:09:20 [15548] INFO  AutomationFramework - Checkbox [chkAllowDPCD] -> checked=true disabled=false
2026-06-01 15:09:20 [15548] INFO  AutomationFramework - Checkbox [chkCreditMemoApprovalRequired] -> checked=true disabled=false
2026-06-01 15:09:20 [15548] INFO  AutomationFramework - Checkbox [chkEnableDiscountReason] -> checked=true disabled=false
2026-06-01 15:09:20 [15548] INFO  AutomationFramework - Checkbox [chkEnableProposal] -> checked=true disabled=false
2026-06-01 15:09:20 [15548] INFO  AutomationFramework - Checkbox [chkEnableJobCosting] -> checked=true disabled=true
2026-06-01 15:09:20 [15548] INFO  AutomationFramework - Checkbox [chkServiceCharge] -> checked=true disabled=false
2026-06-01 15:09:20 [15548] INFO  AutomationFramework - Checkbox defaults: 13 checked, 0 failures
2026-06-01 15:09:20 [15548] INFO  AutomationFramework - Checkbox [chkApplyCablesConsumablesFee] -> checked=false disabled=false
2026-06-01 15:09:20 [15548] INFO  AutomationFramework - Checkbox [chkAllowETS] -> checked=false disabled=false
2026-06-01 15:09:20 [15548] INFO  AutomationFramework - Checkbox [chkAllowResortTax] -> checked=false disabled=false
2026-06-01 15:09:20 [15548] INFO  AutomationFramework - Checkbox [chkShowServiceChargeAsAdministrativeFee] -> checked=false disabled=false
2026-06-01 15:09:20 [15548] INFO  AutomationFramework - Checkbox [chkCalculateServiceChargeOnNetAmount] -> checked=false disabled=false
2026-06-01 15:09:20 [15548] INFO  AutomationFramework - Checkbox [chkInternetAssetReservation] -> checked=false disabled=false
2026-06-01 15:09:20 [15548] INFO  AutomationFramework - Checkbox [chkExcludeImpliedDiscount] -> checked=false disabled=false
2026-06-01 15:09:20 [15548] INFO  AutomationFramework - Checkbox [chkPromptForApproval] -> checked=false disabled=false
2026-06-01 15:09:20 [15548] INFO  AutomationFramework - Checkbox [chkAllowProductionQuote] -> checked=false disabled=false
2026-06-01 15:09:20 [15548] INFO  AutomationFramework - Checkbox [chkWarehouseBilling] -> checked=false disabled=false
2026-06-01 15:09:20 [15548] INFO  AutomationFramework - Checkbox [chkEnableIDCBilling] -> checked=false disabled=false
2026-06-01 15:09:20 [15548] INFO  AutomationFramework - Checkbox [chkSkipBilling] -> checked=false disabled=false
2026-06-01 15:09:21 [15548] INFO  AutomationFramework - Checkbox [chkSeparateMasterBillCommissionInvoice] -> checked=false disabled=false
2026-06-01 15:09:21 [15548] INFO  AutomationFramework - Checkbox [chkShowSubRental] -> checked=false disabled=false
2026-06-01 15:09:21 [15548] INFO  AutomationFramework - Checkbox [chkInventoryOnly] -> checked=false disabled=false
2026-06-01 15:09:21 [15548] INFO  AutomationFramework - Checkbox [chkCalculateCommissionTax] -> checked=false disabled=false
2026-06-01 15:09:21 [15548] INFO  AutomationFramework - Checkbox [chkCanCreateExternalCustomerLink] -> checked=false disabled=false
2026-06-01 15:09:21 [15548] INFO  AutomationFramework - Checkbox [chkOffsiteEventLocation] -> checked=false disabled=false
2026-06-01 15:09:21 [15548] INFO  AutomationFramework - Checkbox [chkExhibitShowRate] -> checked=false disabled=false
2026-06-01 15:09:21 [15548] INFO  AutomationFramework - Checkbox [chkEnableMultidayPricing] -> checked=false disabled=false
2026-06-01 15:09:21 [15548] INFO  AutomationFramework - Checkbox defaults: 20 checked, 0 failures
2026-06-01 15:09:21 [15548] INFO  AutomationFramework - Checkbox [chkSuppressDayRateDiscount] -> checked=false disabled=true
2026-06-01 15:09:21 [15548] INFO  AutomationFramework - Checkbox [chkCompassIntegration] -> checked=true disabled=true
2026-06-01 15:09:21 [15548] INFO  AutomationFramework - Checkbox [chkDisplayTax] -> checked=true disabled=true
2026-06-01 15:09:21 [15548] INFO  AutomationFramework - Checkbox [chkEnableJobCosting] -> checked=true disabled=true
2026-06-01 15:09:21 [15548] INFO  AutomationFramework - Checkbox [chkUseESignature] -> checked=true disabled=true
2026-06-01 15:09:21 [15548] INFO  AutomationFramework - Checkbox [chkEnableProductGroup] -> checked=false disabled=true
2026-06-01 15:09:21 [15548] INFO  AutomationFramework - Checkbox [chkEnableDiscountGuidance] -> checked=true disabled=true
2026-06-01 15:09:21 [15548] INFO  AutomationFramework - Checkbox disabled states: 7 checked, 0 failures
2026-06-01 15:09:21 [15548] INFO  AutomationFramework - Checkbox [chkSuppressDayRateDiscount] -> checked=false disabled=true
2026-06-01 15:09:21 [15548] INFO  AutomationFramework - Checkbox [chkCompassIntegration] -> checked=true disabled=true
2026-06-01 15:09:21 [15548] INFO  AutomationFramework - Checkbox [chkDisplayTax] -> checked=true disabled=true
2026-06-01 15:09:21 [15548] INFO  AutomationFramework - Checkbox [chkEnableJobCosting] -> checked=true disabled=true
2026-06-01 15:09:21 [15548] INFO  AutomationFramework - Checkbox [chkUseESignature] -> checked=true disabled=true
2026-06-01 15:09:21 [15548] INFO  AutomationFramework - Checkbox [chkEnableProductGroup] -> checked=false disabled=true
2026-06-01 15:09:21 [15548] INFO  AutomationFramework - Checkbox [chkEnableDiscountGuidance] -> checked=true disabled=true
2026-06-01 15:09:21 [15548] INFO  AutomationFramework - Checkbox defaults: 7 checked, 0 failures
2026-06-01 15:09:21 [15548] INFO  AutomationFramework - Checkbox [chkECommerceActive] -> checked=true disabled=true
2026-06-01 15:09:21 [15548] INFO  AutomationFramework - Checkbox [chkEnableProductionsOrders] -> checked=true disabled=true
2026-06-01 15:09:21 [15548] INFO  AutomationFramework - Capturing left-panel baseline values
2026-06-01 15:09:21 [15548] INFO  AutomationFramework - Left panel baseline: {"office":"1604","localOffice":"1604","payToAddress":"Encore","eCommerceActive":true,"enableProductionsOrders":true}
  ok 189 [encore-locations] › specs\locations\location-local-information.spec.ts:99:7 › Location Local Info @locations @local-info › TC-LOC-LI-002: All default states (773ms)
2026-06-01 15:09:21 [15548] INFO  AutomationFramework - LocationLocalInfoPage initialized
2026-06-01 15:09:21 [15548] INFO  AutomationFramework - Save button enabled: false
2026-06-01 15:09:21 [15548] INFO  AutomationFramework - Toggled chkWarehouseBilling: false -> true
2026-06-01 15:09:21 [15548] INFO  AutomationFramework - Save button enabled: true
2026-06-01 15:09:21 [15548] INFO  AutomationFramework - Toggled chkWarehouseBilling: true -> false
2026-06-01 15:09:21 [15548] INFO  AutomationFramework - Save button disabled (btnSaveLocalInfo) -- skipping click
  ok 190 [encore-locations] › specs\locations\location-local-information.spec.ts:146:7 › Location Local Info @locations @local-info › TC-LOC-LI-032: Save disabled on load, enabled after change, restored (252ms)
2026-06-01 15:09:21 [15548] INFO  AutomationFramework - LocationLocalInfoPage initialized
2026-06-01 15:09:21 [15548] INFO  AutomationFramework - Unchecked: chkApplyLDW
2026-06-01 15:09:21 [15548] INFO  AutomationFramework - Checked: chkApplyLDW
2026-06-01 15:09:22 [15548] INFO  AutomationFramework - setSpinValue [spinLDWPercentage]: after type, before Tab -> "0.04"
2026-06-01 15:09:22 [15548] INFO  AutomationFramework - setSpinValue [spinLDWPercentage]: after Tab -> "4.00%"
2026-06-01 15:09:22 [15548] INFO  AutomationFramework - Save button disabled (btnSaveLocalInfo) -- skipping click
  ok 191 [encore-locations] › specs\locations\location-local-information.spec.ts:156:9 › Location Local Info @locations @local-info › TC-LOC-LI: Apply LDW -> LDW Percentage (515ms)
2026-06-01 15:09:22 [15548] INFO  AutomationFramework - LocationLocalInfoPage initialized
2026-06-01 15:09:22 [15548] INFO  AutomationFramework - Unchecked: chkCommReceiver
2026-06-01 15:09:22 [15548] INFO  AutomationFramework - Checkbox [chkAllowDPCD] -> checked=false disabled=true
2026-06-01 15:09:22 [15548] INFO  AutomationFramework - Checked: chkCommReceiver
2026-06-01 15:09:22 [15548] INFO  AutomationFramework - Checked: chkAllowDPCD
2026-06-01 15:09:22 [15548] INFO  AutomationFramework - Save button disabled (btnSaveLocalInfo) -- skipping click
  ok 192 [encore-locations] › specs\locations\location-local-information.spec.ts:156:9 › Location Local Info @locations @local-info › TC-LOC-LI: Comm Receiver -> Allow DPCD (358ms)
2026-06-01 15:09:22 [15548] INFO  AutomationFramework - LocationLocalInfoPage initialized
2026-06-01 15:09:22 [15548] INFO  AutomationFramework - Unchecked: chkCommReceiver
2026-06-01 15:09:22 [15548] INFO  AutomationFramework - Checkbox [chkShowSubRental] -> checked=false disabled=true
2026-06-01 15:09:22 [15548] INFO  AutomationFramework - Checked: chkCommReceiver
2026-06-01 15:09:22 [15548] INFO  AutomationFramework - Checked: chkAllowDPCD
2026-06-01 15:09:22 [15548] INFO  AutomationFramework - Save button disabled (btnSaveLocalInfo) -- skipping click
  ok 193 [encore-locations] › specs\locations\location-local-information.spec.ts:156:9 › Location Local Info @locations @local-info › TC-LOC-LI: Comm Receiver -> Show SubRental (384ms)
2026-06-01 15:09:22 [15548] INFO  AutomationFramework - LocationLocalInfoPage initialized
2026-06-01 15:09:23 [15548] INFO  AutomationFramework - Unchecked: chkCompanyRemitTax
2026-06-01 15:09:23 [15548] INFO  AutomationFramework - Checkbox [chkDisplayTax] -> checked=true disabled=false
2026-06-01 15:09:23 [15548] INFO  AutomationFramework - Checked: chkCompanyRemitTax
2026-06-01 15:09:23 [15548] INFO  AutomationFramework - Save button disabled (btnSaveLocalInfo) -- skipping click
  ok 194 [encore-locations] › specs\locations\location-local-information.spec.ts:156:9 › Location Local Info @locations @local-info › TC-LOC-LI: Company Remit Tax -> Display Tax (289ms)
2026-06-01 15:09:23 [15548] INFO  AutomationFramework - LocationLocalInfoPage initialized
2026-06-01 15:09:23 [15548] INFO  AutomationFramework - Unchecked: chkIntercompany
2026-06-01 15:09:23 [15548] INFO  AutomationFramework - Checkbox [chkEnableIDCBilling] -> checked=false disabled=true
2026-06-01 15:09:23 [15548] INFO  AutomationFramework - Checked: chkIntercompany
2026-06-01 15:09:23 [15548] INFO  AutomationFramework - Save button disabled (btnSaveLocalInfo) -- skipping click
  ok 195 [encore-locations] › specs\locations\location-local-information.spec.ts:156:9 › Location Local Info @locations @local-info › TC-LOC-LI: Intercompany -> Enable IDC Billing (261ms)
2026-06-01 15:09:23 [15548] INFO  AutomationFramework - LocationLocalInfoPage initialized
2026-06-01 15:09:23 [15548] INFO  AutomationFramework - Spin [spinThreshold] -> raw="0.00%" value="0.00" disabled=true
2026-06-01 15:09:23 [15548] INFO  AutomationFramework - Checked: chkPromptForApproval
2026-06-01 15:09:23 [15548] INFO  AutomationFramework - Spin [spinThreshold] -> raw="0.00%" value="0.00" disabled=true
2026-06-01 15:09:23 [15548] INFO  AutomationFramework - Unchecked: chkAllowDPCD
2026-06-01 15:09:23 [15548] INFO  AutomationFramework - Spin [spinThreshold] -> raw="0.00%" value="0.00" disabled=false
2026-06-01 15:09:23 [15548] INFO  AutomationFramework - Unchecked: chkPromptForApproval
2026-06-01 15:09:23 [15548] INFO  AutomationFramework - Spin [spinThreshold] -> raw="0.00%" value="0.00" disabled=true
2026-06-01 15:09:23 [15548] INFO  AutomationFramework - Checked: chkPromptForApproval
2026-06-01 15:09:24 [15548] INFO  AutomationFramework - Spin [spinThreshold] -> raw="0.00%" value="0.00" disabled=false
2026-06-01 15:09:24 [15548] INFO  AutomationFramework - setSpinValue [spinThreshold]: after type, before Tab -> "50.00"
2026-06-01 15:09:24 [15548] INFO  AutomationFramework - setSpinValue [spinThreshold]: after Tab -> "5000.00%"
2026-06-01 15:09:24 [15548] INFO  AutomationFramework - Checked: chkAllowDPCD
2026-06-01 15:09:24 [15548] INFO  AutomationFramework - Spin [spinThreshold] -> raw="0.00%" value="0.00" disabled=true
2026-06-01 15:09:24 [15548] INFO  AutomationFramework - Spin [spinThreshold] -> raw="0.00%" value="0.00" disabled=true
2026-06-01 15:09:24 [15548] INFO  AutomationFramework - Unchecked: chkPromptForApproval
2026-06-01 15:09:24 [15548] INFO  AutomationFramework - Save button disabled (btnSaveLocalInfo) -- skipping click
  ok 196 [encore-locations] › specs\locations\location-local-information.spec.ts:169:7 › Location Local Info @locations @local-info › TC-LOC-LI-074: Threshold decision table -- all 4 combos + reset-to-0 on disable (1.1s)
2026-06-01 15:09:24 [15548] INFO  AutomationFramework - LocationLocalInfoPage initialized
2026-06-01 15:09:24 [15548] INFO  AutomationFramework - Checked: chkEnableMultidayPricing
2026-06-01 15:09:24 [15548] INFO  AutomationFramework - Save button enabled: true
2026-06-01 15:09:24 [15548] INFO  AutomationFramework - Save confirmation dialog appeared -- confirming
2026-06-01 15:09:26 [15548] INFO  AutomationFramework - [OK] Save complete (btnSaveLocalInfo)
2026-06-01 15:09:26 [15548] INFO  AutomationFramework - Reloading page and navigating back to Local Information
2026-06-01 15:09:26 [15548] INFO  AutomationFramework - Navigating to locations/1604/settings/location
2026-06-01 15:09:26 [15548] INFO  AutomationFramework - Navigating to: https://cloudapps-e2e.encoreglobal.com/navigator/locations/1604/settings/location
2026-06-01 15:09:27 [15548] INFO  AutomationFramework - [OK] Navigation successful: https://cloudapps-e2e.encoreglobal.com/navigator/locations/1604/settings/location
2026-06-01 15:09:28 [15548] INFO  AutomationFramework - [OK] Tab active: tabLocalInformation
2026-06-01 15:09:28 [15548] INFO  AutomationFramework - [OK] Form ready: chkApplyLDW is enabled
2026-06-01 15:09:28 [15548] INFO  AutomationFramework - Checkbox [chkEnableMultidayPricing] -> checked=true disabled=false
2026-06-01 15:09:28 [15548] INFO  AutomationFramework - Unchecked: chkEnableMultidayPricing
2026-06-01 15:09:29 [15548] INFO  AutomationFramework - Save confirmation dialog appeared -- confirming
2026-06-01 15:09:29 [15548] INFO  AutomationFramework - [OK] Save complete (btnSaveLocalInfo)
  ok 197 [encore-locations] › specs\locations\location-local-information.spec.ts:215:7 › Location Local Info @locations @local-info › TC-LOC-LI-071: Enable Multiday Pricing toggles and persists after save+reload (4.9s)
2026-06-01 15:09:29 [15548] INFO  AutomationFramework - LocationLocalInfoPage initialized
2026-06-01 15:09:30 [15548] INFO  AutomationFramework - Unchecked: chkCompanyRemitTax
2026-06-01 15:09:30 [15548] INFO  AutomationFramework - Checkbox [chkDisplayTax] -> checked=true disabled=false
2026-06-01 15:09:30 [15548] INFO  AutomationFramework - Unchecked: chkDisplayTax
2026-06-01 15:09:30 [15548] INFO  AutomationFramework - Checked: chkCompanyRemitTax
2026-06-01 15:09:30 [15548] INFO  AutomationFramework - Checkbox [chkDisplayTax] -> checked=true disabled=true
2026-06-01 15:09:30 [15548] INFO  AutomationFramework - Checkbox [chkDisplayTax] -> checked=true disabled=true
2026-06-01 15:09:30 [15548] INFO  AutomationFramework - Save button disabled (btnSaveLocalInfo) -- skipping click
  ok 198 [encore-locations] › specs\locations\location-local-information.spec.ts:231:7 › Location Local Info @locations @local-info › TC-LOC-LI-073: DisplayTax auto-sets true when CompanyRemitTax re-checked (1.4s)
2026-06-01 15:09:30 [15548] INFO  AutomationFramework - LocationLocalInfoPage initialized
2026-06-01 15:09:31 [15548] INFO  AutomationFramework - Checked: chkAllowETS
2026-06-01 15:09:31 [15548] INFO  AutomationFramework - Spin [spinETSPercentage] -> raw="23.00%" value="23.00" disabled=false
2026-06-01 15:09:31 [15548] INFO  AutomationFramework - Spin [spinETSPercentage] -> raw="23.00%" value="23.00" disabled=false
2026-06-01 15:09:31 [15548] INFO  AutomationFramework - Unchecked: chkAllowETS
2026-06-01 15:09:31 [15548] INFO  AutomationFramework - Spin [spinETSPercentage] -> raw="0.00%" value="0.00" disabled=true
2026-06-01 15:09:31 [15548] INFO  AutomationFramework - Spin [spinETSPercentage] -> raw="0.00%" value="0.00" disabled=true
2026-06-01 15:09:31 [15548] INFO  AutomationFramework - Save button disabled (btnSaveLocalInfo) -- skipping click
  ok 199 [encore-locations] › specs\locations\location-local-information.spec.ts:243:7 › Location Local Info @locations @local-info › TC-LOC-LI-077: ETS% enables with non-union default when Allow ETS checked; resets to 0 on uncheck (420ms)
2026-06-01 15:09:31 [15548] INFO  AutomationFramework - LocationLocalInfoPage initialized
2026-06-01 15:09:31 [15548] INFO  AutomationFramework - Checked: chkApplyCablesConsumablesFee
2026-06-01 15:09:31 [15548] INFO  AutomationFramework - Spin [spinCCPercentage] -> raw="0.00%" value="0.00" disabled=false
2026-06-01 15:09:31 [15548] INFO  AutomationFramework - setSpinValue [spinCCPercentage]: after type, before Tab -> "5.00"
2026-06-01 15:09:31 [15548] INFO  AutomationFramework - setSpinValue [spinCCPercentage]: after Tab -> "500.00%"
2026-06-01 15:09:32 [15548] INFO  AutomationFramework - Unchecked: chkApplyCablesConsumablesFee
2026-06-01 15:09:32 [15548] INFO  AutomationFramework - Spin [spinCCPercentage] -> raw="0.00%" value="0.00" disabled=true
2026-06-01 15:09:32 [15548] INFO  AutomationFramework - Spin [spinCCPercentage] -> raw="0.00%" value="0.00" disabled=true
2026-06-01 15:09:32 [15548] INFO  AutomationFramework - Save button disabled (btnSaveLocalInfo) -- skipping click
  ok 200 [encore-locations] › specs\locations\location-local-information.spec.ts:257:7 › Location Local Info @locations @local-info › TC-LOC-LI-075: C&C% resets to 0 when Apply C&C Fee unchecked (673ms)
2026-06-01 15:09:32 [15548] INFO  AutomationFramework - LocationLocalInfoPage initialized
2026-06-01 15:09:32 [15548] INFO  AutomationFramework - Checked: chkAllowResortTax
2026-06-01 15:09:32 [15548] INFO  AutomationFramework - Spin [spinResortTaxPercentage] -> raw="0.00%" value="0.00" disabled=false
2026-06-01 15:09:32 [15548] INFO  AutomationFramework - setSpinValue [spinResortTaxPercentage]: after type, before Tab -> "3.00"
2026-06-01 15:09:32 [15548] INFO  AutomationFramework - setSpinValue [spinResortTaxPercentage]: after Tab -> "300.00%"
2026-06-01 15:09:32 [15548] INFO  AutomationFramework - Unchecked: chkAllowResortTax
2026-06-01 15:09:32 [15548] INFO  AutomationFramework - Spin [spinResortTaxPercentage] -> raw="0.00%" value="0.00" disabled=true
2026-06-01 15:09:32 [15548] INFO  AutomationFramework - Spin [spinResortTaxPercentage] -> raw="0.00%" value="0.00" disabled=true
2026-06-01 15:09:32 [15548] INFO  AutomationFramework - Save button disabled (btnSaveLocalInfo) -- skipping click
  ok 201 [encore-locations] › specs\locations\location-local-information.spec.ts:269:7 › Location Local Info @locations @local-info › TC-LOC-LI-076: ResortTax% resets to 0 when Allow Resort Tax unchecked (805ms)
2026-06-01 15:09:32 [15548] INFO  AutomationFramework - LocationLocalInfoPage initialized
2026-06-01 15:09:33 [15548] INFO  AutomationFramework - Checked: chkEnableIDCBilling
2026-06-01 15:09:33 [15548] INFO  AutomationFramework - Save confirmation dialog appeared -- confirming
2026-06-01 15:09:34 [15548] INFO  AutomationFramework - [OK] Save complete (btnSaveLocalInfo)
2026-06-01 15:09:34 [15548] INFO  AutomationFramework - Reloading page and navigating back to Local Information
2026-06-01 15:09:34 [15548] INFO  AutomationFramework - Navigating to locations/1604/settings/location
2026-06-01 15:09:34 [15548] INFO  AutomationFramework - Navigating to: https://cloudapps-e2e.encoreglobal.com/navigator/locations/1604/settings/location
2026-06-01 15:09:35 [15548] INFO  AutomationFramework - [OK] Navigation successful: https://cloudapps-e2e.encoreglobal.com/navigator/locations/1604/settings/location
2026-06-01 15:09:36 [15548] INFO  AutomationFramework - [OK] Tab active: tabLocalInformation
2026-06-01 15:09:36 [15548] INFO  AutomationFramework - [OK] Form ready: chkApplyLDW is enabled
2026-06-01 15:09:36 [15548] INFO  AutomationFramework - Checkbox [chkEnableIDCBilling] -> checked=true disabled=false
2026-06-01 15:09:36 [15548] INFO  AutomationFramework - Unchecked: chkEnableIDCBilling
2026-06-01 15:09:36 [15548] INFO  AutomationFramework - Save confirmation dialog appeared -- confirming
2026-06-01 15:09:38 [15548] INFO  AutomationFramework - [OK] Save complete (btnSaveLocalInfo)
  ok 202 [encore-locations] › specs\locations\location-local-information.spec.ts:281:7 › Location Local Info @locations @local-info › TC-LOC-LI-072: Enable IDC Billing persists after save+reload (5.2s)
2026-06-01 15:09:38 [15548] INFO  AutomationFramework - LocationLocalInfoPage initialized
2026-06-01 15:09:38 [15548] INFO  AutomationFramework - setSpinValue [spinLDWPercentage]: after type, before Tab -> "0.10"
2026-06-01 15:09:38 [15548] INFO  AutomationFramework - setSpinValue [spinLDWPercentage]: after Tab -> "10.00%"
2026-06-01 15:09:39 [15548] INFO  AutomationFramework - Save confirmation dialog appeared -- confirming
2026-06-01 15:09:39 [15548] INFO  AutomationFramework - [OK] Save complete (btnSaveLocalInfo)
2026-06-01 15:09:39 [15548] INFO  AutomationFramework - Reloading page and navigating back to Local Information
2026-06-01 15:09:40 [15548] INFO  AutomationFramework - Navigating to locations/1604/settings/location
2026-06-01 15:09:40 [15548] INFO  AutomationFramework - Navigating to: https://cloudapps-e2e.encoreglobal.com/navigator/locations/1604/settings/location
2026-06-01 15:09:40 [15548] INFO  AutomationFramework - [OK] Navigation successful: https://cloudapps-e2e.encoreglobal.com/navigator/locations/1604/settings/location
2026-06-01 15:09:41 [15548] INFO  AutomationFramework - [OK] Tab active: tabLocalInformation
2026-06-01 15:09:41 [15548] INFO  AutomationFramework - Spin [spinLDWPercentage] -> raw="10.00%" value="10.00" disabled=false
2026-06-01 15:09:41 [15548] INFO  AutomationFramework - Validation error "Number must be" visible: false
2026-06-01 15:09:42 [15548] INFO  AutomationFramework - setSpinValue [spinLDWPercentage]: after type, before Tab -> "0.04"
2026-06-01 15:09:42 [15548] INFO  AutomationFramework - setSpinValue [spinLDWPercentage]: after Tab -> "4.00%"
2026-06-01 15:09:42 [15548] INFO  AutomationFramework - Save confirmation dialog appeared -- confirming
2026-06-01 15:09:42 [15548] INFO  AutomationFramework - [OK] Save complete (btnSaveLocalInfo)
  ok 203 [encore-locations] › specs\locations\location-local-information.spec.ts:294:9 › Location Local Info @locations @local-info › TC-LOC-LI: LDW% = 0.10 (valid min (10%)) (4.7s)
2026-06-01 15:09:42 [15548] INFO  AutomationFramework - LocationLocalInfoPage initialized
2026-06-01 15:09:44 [15548] INFO  AutomationFramework - setSpinValue [spinLDWPercentage]: after type, before Tab -> "0.50"
2026-06-01 15:09:44 [15548] INFO  AutomationFramework - setSpinValue [spinLDWPercentage]: after Tab -> "50.00%"
2026-06-01 15:09:44 [15548] INFO  AutomationFramework - Save confirmation dialog appeared -- confirming
2026-06-01 15:09:45 [15548] INFO  AutomationFramework - [OK] Save complete (btnSaveLocalInfo)
2026-06-01 15:09:45 [15548] INFO  AutomationFramework - Reloading page and navigating back to Local Information
2026-06-01 15:09:45 [15548] INFO  AutomationFramework - Navigating to locations/1604/settings/location
2026-06-01 15:09:45 [15548] INFO  AutomationFramework - Navigating to: https://cloudapps-e2e.encoreglobal.com/navigator/locations/1604/settings/location
2026-06-01 15:09:46 [15548] INFO  AutomationFramework - [OK] Navigation successful: https://cloudapps-e2e.encoreglobal.com/navigator/locations/1604/settings/location
2026-06-01 15:09:47 [15548] INFO  AutomationFramework - [OK] Tab active: tabLocalInformation
2026-06-01 15:09:47 [15548] INFO  AutomationFramework - Spin [spinLDWPercentage] -> raw="50.00%" value="50.00" disabled=false
2026-06-01 15:09:47 [15548] INFO  AutomationFramework - Validation error "Number must be" visible: false
2026-06-01 15:09:47 [15548] INFO  AutomationFramework - setSpinValue [spinLDWPercentage]: after type, before Tab -> "0.04"
2026-06-01 15:09:47 [15548] INFO  AutomationFramework - setSpinValue [spinLDWPercentage]: after Tab -> "4.00%"
2026-06-01 15:09:47 [15548] INFO  AutomationFramework - Save confirmation dialog appeared -- confirming
2026-06-01 15:09:49 [15548] INFO  AutomationFramework - [OK] Save complete (btnSaveLocalInfo)
  ok 204 [encore-locations] › specs\locations\location-local-information.spec.ts:294:9 › Location Local Info @locations @local-info › TC-LOC-LI: LDW% = 0.50 (valid mid (50%)) (6.2s)
2026-06-01 15:09:49 [15548] INFO  AutomationFramework - LocationLocalInfoPage initialized
2026-06-01 15:09:49 [15548] INFO  AutomationFramework - setSpinValue [spinLDWPercentage]: after type, before Tab -> "0.99"
2026-06-01 15:09:49 [15548] INFO  AutomationFramework - setSpinValue [spinLDWPercentage]: after Tab -> "99.00%"
2026-06-01 15:09:49 [15548] INFO  AutomationFramework - Save confirmation dialog appeared -- confirming
2026-06-01 15:09:50 [15548] INFO  AutomationFramework - [OK] Save complete (btnSaveLocalInfo)
2026-06-01 15:09:50 [15548] INFO  AutomationFramework - Reloading page and navigating back to Local Information
2026-06-01 15:09:50 [15548] INFO  AutomationFramework - Navigating to locations/1604/settings/location
2026-06-01 15:09:50 [15548] INFO  AutomationFramework - Navigating to: https://cloudapps-e2e.encoreglobal.com/navigator/locations/1604/settings/location
2026-06-01 15:09:51 [15548] INFO  AutomationFramework - [OK] Navigation successful: https://cloudapps-e2e.encoreglobal.com/navigator/locations/1604/settings/location
2026-06-01 15:09:52 [15548] INFO  AutomationFramework - [OK] Tab active: tabLocalInformation
2026-06-01 15:09:52 [15548] INFO  AutomationFramework - Spin [spinLDWPercentage] -> raw="99.00%" value="99.00" disabled=false
2026-06-01 15:09:52 [15548] INFO  AutomationFramework - Validation error "Number must be" visible: false
2026-06-01 15:09:53 [15548] INFO  AutomationFramework - setSpinValue [spinLDWPercentage]: after type, before Tab -> "0.04"
2026-06-01 15:09:53 [15548] INFO  AutomationFramework - setSpinValue [spinLDWPercentage]: after Tab -> "4.00%"
2026-06-01 15:09:53 [15548] INFO  AutomationFramework - Save confirmation dialog appeared -- confirming
2026-06-01 15:09:53 [15548] INFO  AutomationFramework - [OK] Save complete (btnSaveLocalInfo)
  ok 205 [encore-locations] › specs\locations\location-local-information.spec.ts:294:9 › Location Local Info @locations @local-info › TC-LOC-LI: LDW% = 0.99 (valid near max (99%)) (4.7s)
2026-06-01 15:09:53 [15548] INFO  AutomationFramework - LocationLocalInfoPage initialized
2026-06-01 15:09:55 [15548] INFO  AutomationFramework - setSpinValue [spinLDWPercentage]: after type, before Tab -> "1.00"
2026-06-01 15:09:55 [15548] INFO  AutomationFramework - setSpinValue [spinLDWPercentage]: after Tab -> "100.00%"
2026-06-01 15:09:55 [15548] INFO  AutomationFramework - Save confirmation dialog appeared -- confirming
2026-06-01 15:09:55 [15548] INFO  AutomationFramework - [OK] Save complete (btnSaveLocalInfo)
2026-06-01 15:09:55 [15548] INFO  AutomationFramework - Reloading page and navigating back to Local Information
2026-06-01 15:09:56 [15548] INFO  AutomationFramework - Navigating to locations/1604/settings/location
2026-06-01 15:09:56 [15548] INFO  AutomationFramework - Navigating to: https://cloudapps-e2e.encoreglobal.com/navigator/locations/1604/settings/location
2026-06-01 15:09:56 [15548] INFO  AutomationFramework - [OK] Navigation successful: https://cloudapps-e2e.encoreglobal.com/navigator/locations/1604/settings/location
2026-06-01 15:09:58 [15548] INFO  AutomationFramework - [OK] Tab active: tabLocalInformation
2026-06-01 15:09:58 [15548] INFO  AutomationFramework - Spin [spinLDWPercentage] -> raw="100.00%" value="100.00" disabled=false
2026-06-01 15:09:58 [15548] INFO  AutomationFramework - Validation error "Number must be" visible: false
2026-06-01 15:09:58 [15548] INFO  AutomationFramework - setSpinValue [spinLDWPercentage]: after type, before Tab -> "0.04"
2026-06-01 15:09:58 [15548] INFO  AutomationFramework - setSpinValue [spinLDWPercentage]: after Tab -> "4.00%"
2026-06-01 15:09:59 [15548] INFO  AutomationFramework - Save confirmation dialog appeared -- confirming
2026-06-01 15:09:59 [15548] INFO  AutomationFramework - [OK] Save complete (btnSaveLocalInfo)
  ok 206 [encore-locations] › specs\locations\location-local-information.spec.ts:294:9 › Location Local Info @locations @local-info › TC-LOC-LI: LDW% = 1.00 (valid max (100%)) (5.8s)
2026-06-01 15:09:59 [15548] INFO  AutomationFramework - LocationLocalInfoPage initialized
2026-06-01 15:10:00 [15548] INFO  AutomationFramework - setSpinValue [spinLDWPercentage]: after type, before Tab -> "-0.01"
2026-06-01 15:10:00 [15548] INFO  AutomationFramework - setSpinValue [spinLDWPercentage]: after Tab -> "-1.00%"
2026-06-01 15:10:01 [15548] INFO  AutomationFramework - Validation error "Number must be" visible: false
2026-06-01 15:10:01 [15548] INFO  AutomationFramework - Save button enabled: false
2026-06-01 15:10:01 [15548] INFO  AutomationFramework - setSpinValue [spinLDWPercentage]: after type, before Tab -> "0.04"
2026-06-01 15:10:01 [15548] INFO  AutomationFramework - setSpinValue [spinLDWPercentage]: after Tab -> "4.00%"
2026-06-01 15:10:01 [15548] INFO  AutomationFramework - Save button disabled (btnSaveLocalInfo) -- skipping click
  ok 207 [encore-locations] › specs\locations\location-local-information.spec.ts:294:9 › Location Local Info @locations @local-info › TC-LOC-LI: LDW% = -0.01 (invalid negative (-0.01)) (1.7s)
2026-06-01 15:10:01 [15548] INFO  AutomationFramework - LocationLocalInfoPage initialized
2026-06-01 15:10:01 [15548] INFO  AutomationFramework - setSpinValue [spinLDWPercentage]: after type, before Tab -> "-0.05"
2026-06-01 15:10:01 [15548] INFO  AutomationFramework - setSpinValue [spinLDWPercentage]: after Tab -> "-5.00%"
2026-06-01 15:10:01 [15548] INFO  AutomationFramework - Validation error "Number must be" visible: false
2026-06-01 15:10:01 [15548] INFO  AutomationFramework - Save button enabled: false
2026-06-01 15:10:02 [15548] INFO  AutomationFramework - setSpinValue [spinLDWPercentage]: after type, before Tab -> "0.04"
2026-06-01 15:10:02 [15548] INFO  AutomationFramework - setSpinValue [spinLDWPercentage]: after Tab -> "4.00%"
2026-06-01 15:10:02 [15548] INFO  AutomationFramework - Save button disabled (btnSaveLocalInfo) -- skipping click
  ok 208 [encore-locations] › specs\locations\location-local-information.spec.ts:294:9 › Location Local Info @locations @local-info › TC-LOC-LI: LDW% = -0.05 (invalid far below (-0.05)) (794ms)
2026-06-01 15:10:02 [15548] INFO  AutomationFramework - LocationLocalInfoPage initialized
2026-06-01 15:10:02 [15548] INFO  AutomationFramework - setSpinValue [spinLDWPercentage]: after type, before Tab -> "1.01"
2026-06-01 15:10:02 [15548] INFO  AutomationFramework - setSpinValue [spinLDWPercentage]: after Tab -> "101.00%"
2026-06-01 15:10:02 [15548] INFO  AutomationFramework - Validation error "Number must be" visible: false
2026-06-01 15:10:02 [15548] INFO  AutomationFramework - Save button enabled: false
2026-06-01 15:10:02 [15548] INFO  AutomationFramework - setSpinValue [spinLDWPercentage]: after type, before Tab -> "0.04"
2026-06-01 15:10:03 [15548] INFO  AutomationFramework - setSpinValue [spinLDWPercentage]: after Tab -> "4.00%"
2026-06-01 15:10:03 [15548] INFO  AutomationFramework - Save button disabled (btnSaveLocalInfo) -- skipping click
  ok 209 [encore-locations] › specs\locations\location-local-information.spec.ts:294:9 › Location Local Info @locations @local-info › TC-LOC-LI: LDW% = 1.01 (invalid above max (1.01)) (840ms)
2026-06-01 15:10:03 [15548] INFO  AutomationFramework - LocationLocalInfoPage initialized
2026-06-01 15:10:03 [15548] INFO  AutomationFramework - setSpinValue [spinLDWPercentage]: after type, before Tab -> "1.5"
2026-06-01 15:10:03 [15548] INFO  AutomationFramework - setSpinValue [spinLDWPercentage]: after Tab -> "150.00%"
2026-06-01 15:10:03 [15548] INFO  AutomationFramework - Validation error "Number must be" visible: false
2026-06-01 15:10:03 [15548] INFO  AutomationFramework - Save button enabled: false
2026-06-01 15:10:03 [15548] INFO  AutomationFramework - setSpinValue [spinLDWPercentage]: after type, before Tab -> "0.04"
2026-06-01 15:10:03 [15548] INFO  AutomationFramework - setSpinValue [spinLDWPercentage]: after Tab -> "4.00%"
2026-06-01 15:10:03 [15548] INFO  AutomationFramework - Save button disabled (btnSaveLocalInfo) -- skipping click
  ok 210 [encore-locations] › specs\locations\location-local-information.spec.ts:294:9 › Location Local Info @locations @local-info › TC-LOC-LI: LDW% = 1.5 (invalid far above (1.5)) (775ms)
2026-06-01 15:10:03 [15548] INFO  AutomationFramework - LocationLocalInfoPage initialized
2026-06-01 15:10:04 [15548] INFO  AutomationFramework - Filled [txtOracleProduct] = "AAAAAAAAAAAAAAAAAAAAAAAAAAAAAA"
2026-06-01 15:10:04 [15548] INFO  AutomationFramework - Filled [txtOracleProduct] = "0000"
2026-06-01 15:10:04 [15548] INFO  AutomationFramework - Save button disabled (btnSaveLocalInfo) -- skipping click
  ok 211 [encore-locations] › specs\locations\location-local-information.spec.ts:307:9 › Location Local Info @locations @local-info › TC-LOC-LI: txtOracleProduct maxLength=25 (377ms)
2026-06-01 15:10:04 [15548] INFO  AutomationFramework - LocationLocalInfoPage initialized
2026-06-01 15:10:04 [15548] INFO  AutomationFramework - Filled [txtOracleDepartment] = "AAAAAAAAAAAAAAAAAAAAAAAAAAAAAA"
2026-06-01 15:10:04 [15548] INFO  AutomationFramework - Filled [txtOracleDepartment] = "900"
2026-06-01 15:10:04 [15548] INFO  AutomationFramework - Save button disabled (btnSaveLocalInfo) -- skipping click
  ok 212 [encore-locations] › specs\locations\location-local-information.spec.ts:307:9 › Location Local Info @locations @local-info › TC-LOC-LI: txtOracleDepartment maxLength=25 (337ms)
2026-06-01 15:10:04 [15548] INFO  AutomationFramework - LocationLocalInfoPage initialized
2026-06-01 15:10:04 [15548] INFO  AutomationFramework - Unchecked: chkTickerCalc
2026-06-01 15:10:04 [15548] INFO  AutomationFramework - Save button enabled: true
2026-06-01 15:10:04 [15548] INFO  AutomationFramework - Checked: chkTickerCalc
2026-06-01 15:10:04 [15548] INFO  AutomationFramework - Checked: chkShowServiceChargeAsAdministrativeFee
2026-06-01 15:10:05 [15548] INFO  AutomationFramework - Checked: chkCalculateServiceChargeOnNetAmount
2026-06-01 15:10:05 [15548] INFO  AutomationFramework - Checkbox [chkShowServiceChargeAsAdministrativeFee] -> checked=true disabled=false
2026-06-01 15:10:05 [15548] INFO  AutomationFramework - Checkbox [chkCalculateServiceChargeOnNetAmount] -> checked=true disabled=false
2026-06-01 15:10:05 [15548] INFO  AutomationFramework - Unchecked: chkShowServiceChargeAsAdministrativeFee
2026-06-01 15:10:05 [15548] INFO  AutomationFramework - Unchecked: chkCalculateServiceChargeOnNetAmount
2026-06-01 15:10:05 [15548] INFO  AutomationFramework - Save button disabled (btnSaveLocalInfo) -- skipping click
  ok 213 [encore-locations] › specs\locations\location-local-information.spec.ts:314:7 › Location Local Info @locations @local-info › TC-LOC-LI-064/065: Ticker Calc + Service Charge group -- toggle and restore (609ms)
2026-06-01 15:10:05 [15548] INFO  AutomationFramework - LocationLocalInfoPage initialized
2026-06-01 15:10:05 [15548] INFO  AutomationFramework - Selected Billing Type: Direct
2026-06-01 15:10:05 [15548] INFO  AutomationFramework - Save button enabled: true
2026-06-01 15:10:05 [15548] INFO  AutomationFramework - Save confirmation dialog appeared -- confirming
2026-06-01 15:10:07 [15548] INFO  AutomationFramework - [OK] Save complete (btnSaveLocalInfo)
2026-06-01 15:10:07 [15548] INFO  AutomationFramework - Reloading page and navigating back to Local Information
2026-06-01 15:10:07 [15548] INFO  AutomationFramework - Navigating to locations/1604/settings/location
2026-06-01 15:10:07 [15548] INFO  AutomationFramework - Navigating to: https://cloudapps-e2e.encoreglobal.com/navigator/locations/1604/settings/location
2026-06-01 15:10:08 [15548] INFO  AutomationFramework - [OK] Navigation successful: https://cloudapps-e2e.encoreglobal.com/navigator/locations/1604/settings/location
2026-06-01 15:10:09 [15548] INFO  AutomationFramework - [OK] Tab active: tabLocalInformation
2026-06-01 15:10:09 [15548] INFO  AutomationFramework - Selected Billing Type: Master
2026-06-01 15:10:09 [15548] INFO  AutomationFramework - Save confirmation dialog appeared -- confirming
2026-06-01 15:10:10 [15548] INFO  AutomationFramework - [OK] Save complete (btnSaveLocalInfo)
  ok 214 [encore-locations] › specs\locations\location-local-information.spec.ts:331:7 › Location Local Info @locations @local-info › TC-LOC-LI-025: Billing Type radio -- Direct persists, restored to Master (5.0s)
2026-06-01 15:10:10 [15548] INFO  AutomationFramework - LocationLocalInfoPage initialized
2026-06-01 15:10:11 [15548] INFO  AutomationFramework - Filled [txtOracleProduct] = "PROD001"
2026-06-01 15:10:11 [15548] INFO  AutomationFramework - Save confirmation dialog appeared -- confirming
2026-06-01 15:10:11 [15548] INFO  AutomationFramework - [OK] Save complete (btnSaveLocalInfo)
2026-06-01 15:10:11 [15548] INFO  AutomationFramework - Reloading page and navigating back to Local Information
2026-06-01 15:10:12 [15548] INFO  AutomationFramework - Navigating to locations/1604/settings/location
2026-06-01 15:10:12 [15548] INFO  AutomationFramework - Navigating to: https://cloudapps-e2e.encoreglobal.com/navigator/locations/1604/settings/location
2026-06-01 15:10:12 [15548] INFO  AutomationFramework - [OK] Navigation successful: https://cloudapps-e2e.encoreglobal.com/navigator/locations/1604/settings/location
2026-06-01 15:10:14 [15548] INFO  AutomationFramework - [OK] Tab active: tabLocalInformation
2026-06-01 15:10:15 [15548] INFO  AutomationFramework - Filled [txtOracleProduct] = "0000"
2026-06-01 15:10:15 [15548] INFO  AutomationFramework - Checked: chkCalculateLDWonNetAmount
2026-06-01 15:10:15 [15548] INFO  AutomationFramework - Save confirmation dialog appeared -- confirming
2026-06-01 15:10:15 [15548] INFO  AutomationFramework - [OK] Save complete (btnSaveLocalInfo)
2026-06-01 15:10:15 [15548] INFO  AutomationFramework - Reloading page and navigating back to Local Information
2026-06-01 15:10:16 [15548] INFO  AutomationFramework - Navigating to locations/1604/settings/location
2026-06-01 15:10:16 [15548] INFO  AutomationFramework - Navigating to: https://cloudapps-e2e.encoreglobal.com/navigator/locations/1604/settings/location
2026-06-01 15:10:16 [15548] INFO  AutomationFramework - [OK] Navigation successful: https://cloudapps-e2e.encoreglobal.com/navigator/locations/1604/settings/location
2026-06-01 15:10:18 [15548] INFO  AutomationFramework - [OK] Tab active: tabLocalInformation
2026-06-01 15:10:18 [15548] INFO  AutomationFramework - Checkbox [chkCalculateLDWonNetAmount] -> checked=false disabled=false
  x  215 [encore-locations] › specs\locations\location-local-information.spec.ts:346:7 › Location Local Info @locations @local-info › TC-LOC-LI-021/029: Oracle Product valid input + Calculate LDW Net Amount toggle persist (8.7s)
2026-06-01 15:10:26 [34248] INFO  AutomationFramework - Loading credentials from env source
2026-06-01 15:10:26 [34248] INFO  AutomationFramework - [OK] Credentials loaded for: s-prd-clickauto@psav.com
2026-06-01 15:10:32 [34248] INFO  AutomationFramework - [OK] Authenticated session ready via shared storageState
2026-06-01 15:10:32 [34248] INFO  AutomationFramework - LocationLocalInfoPage initialized
2026-06-01 15:10:32 [34248] INFO  AutomationFramework - Navigating to locations/1604/settings/location
2026-06-01 15:10:32 [34248] INFO  AutomationFramework - Navigating to: https://cloudapps-e2e.encoreglobal.com/navigator/locations/1604/settings/location
2026-06-01 15:10:34 [34248] INFO  AutomationFramework - [OK] Navigation successful: https://cloudapps-e2e.encoreglobal.com/navigator/locations/1604/settings/location
2026-06-01 15:10:36 [34248] INFO  AutomationFramework - [OK] Tab active: tabLocalInformation
2026-06-01 15:10:36 [34248] INFO  AutomationFramework - Filled [txtOracleProduct] = "PROD001"
2026-06-01 15:10:36 [34248] INFO  AutomationFramework - Save button disabled (btnSaveLocalInfo) -- skipping click
2026-06-01 15:10:36 [34248] INFO  AutomationFramework - Reloading page and navigating back to Local Information
2026-06-01 15:10:38 [34248] INFO  AutomationFramework - Navigating to locations/1604/settings/location
2026-06-01 15:10:38 [34248] INFO  AutomationFramework - Navigating to: https://cloudapps-e2e.encoreglobal.com/navigator/locations/1604/settings/location
2026-06-01 15:10:38 [34248] INFO  AutomationFramework - [OK] Navigation successful: https://cloudapps-e2e.encoreglobal.com/navigator/locations/1604/settings/location
2026-06-01 15:10:40 [34248] INFO  AutomationFramework - [OK] Tab active: tabLocalInformation
2026-06-01 15:10:40 [34248] INFO  AutomationFramework - Filled [txtOracleProduct] = "0000"
2026-06-01 15:10:40 [34248] INFO  AutomationFramework - Checked: chkCalculateLDWonNetAmount
2026-06-01 15:10:40 [34248] INFO  AutomationFramework - Save confirmation dialog appeared -- confirming
2026-06-01 15:10:41 [34248] INFO  AutomationFramework - [OK] Save complete (btnSaveLocalInfo)
2026-06-01 15:10:41 [34248] INFO  AutomationFramework - Reloading page and navigating back to Local Information
2026-06-01 15:10:42 [34248] INFO  AutomationFramework - Navigating to locations/1604/settings/location
2026-06-01 15:10:42 [34248] INFO  AutomationFramework - Navigating to: https://cloudapps-e2e.encoreglobal.com/navigator/locations/1604/settings/location
2026-06-01 15:10:43 [34248] INFO  AutomationFramework - [OK] Navigation successful: https://cloudapps-e2e.encoreglobal.com/navigator/locations/1604/settings/location
2026-06-01 15:10:45 [34248] INFO  AutomationFramework - [OK] Tab active: tabLocalInformation
2026-06-01 15:10:45 [34248] INFO  AutomationFramework - Checkbox [chkCalculateLDWonNetAmount] -> checked=true disabled=false
2026-06-01 15:10:45 [34248] INFO  AutomationFramework - Unchecked: chkCalculateLDWonNetAmount
2026-06-01 15:10:45 [34248] INFO  AutomationFramework - Save confirmation dialog appeared -- confirming
2026-06-01 15:10:45 [34248] INFO  AutomationFramework - [OK] Save complete (btnSaveLocalInfo)
  ok 216 [encore-locations] › specs\locations\location-local-information.spec.ts:346:7 › Location Local Info @locations @local-info › TC-LOC-LI-021/029: Oracle Product valid input + Calculate LDW Net Amount toggle persist (retry #1) (12.7s)
2026-06-01 15:10:45 [34248] INFO  AutomationFramework - LocationLocalInfoPage initialized
2026-06-01 15:10:45 [34248] INFO  AutomationFramework - Checkbox [chkSuppressDayRateDiscount] -> checked=false disabled=true
2026-06-01 15:10:45 [34248] INFO  AutomationFramework - Checkbox [chkCompassIntegration] -> checked=true disabled=true
2026-06-01 15:10:45 [34248] INFO  AutomationFramework - Checkbox [chkDisplayTax] -> checked=true disabled=true
2026-06-01 15:10:45 [34248] INFO  AutomationFramework - Checkbox [chkEnableJobCosting] -> checked=true disabled=true
2026-06-01 15:10:45 [34248] INFO  AutomationFramework - Checkbox [chkUseESignature] -> checked=true disabled=true
2026-06-01 15:10:45 [34248] INFO  AutomationFramework - Checkbox [chkEnableProductGroup] -> checked=false disabled=true
2026-06-01 15:10:45 [34248] INFO  AutomationFramework - Checkbox [chkEnableDiscountGuidance] -> checked=true disabled=true
2026-06-01 15:10:45 [34248] INFO  AutomationFramework - Checkbox disabled states: 7 checked, 0 failures
2026-06-01 15:10:45 [34248] INFO  AutomationFramework - Checkbox [chkSuppressDayRateDiscount] -> checked=false disabled=true
2026-06-01 15:10:45 [34248] INFO  AutomationFramework - Checkbox [chkCompassIntegration] -> checked=true disabled=true
2026-06-01 15:10:45 [34248] INFO  AutomationFramework - Checkbox [chkDisplayTax] -> checked=true disabled=true
2026-06-01 15:10:45 [34248] INFO  AutomationFramework - Checkbox [chkEnableJobCosting] -> checked=true disabled=true
2026-06-01 15:10:45 [34248] INFO  AutomationFramework - Checkbox [chkUseESignature] -> checked=true disabled=true
2026-06-01 15:10:45 [34248] INFO  AutomationFramework - Checkbox [chkEnableProductGroup] -> checked=false disabled=true
2026-06-01 15:10:45 [34248] INFO  AutomationFramework - Checkbox [chkEnableDiscountGuidance] -> checked=true disabled=true
2026-06-01 15:10:45 [34248] INFO  AutomationFramework - Checkbox defaults: 7 checked, 0 failures
  ok 217 [encore-locations] › specs\locations\location-local-information.spec.ts:363:7 › Location Local Info @locations @local-info › TC-LOC-LI-026: Disabled checkbox states persist after save (289ms)
2026-06-01 15:10:46 [34248] INFO  AutomationFramework - LocationLocalInfoPage initialized
2026-06-01 15:10:46 [34248] INFO  AutomationFramework - Save button enabled: false
2026-06-01 15:10:46 [34248] INFO  AutomationFramework - Toggled chkWarehouseBilling: false -> true
2026-06-01 15:10:46 [34248] INFO  AutomationFramework - Save button enabled: true
2026-06-01 15:10:46 [34248] INFO  AutomationFramework - Toggled chkWarehouseBilling: true -> false
2026-06-01 15:10:47 [34248] INFO  AutomationFramework - setSpinValue [spinLDWPercentage]: after type, before Tab -> "0.50"
2026-06-01 15:10:47 [34248] INFO  AutomationFramework - setSpinValue [spinLDWPercentage]: after Tab -> "50.00%"
2026-06-01 15:10:47 [34248] INFO  AutomationFramework - Save button enabled: true
2026-06-01 15:10:47 [34248] INFO  AutomationFramework - setSpinValue [spinLDWPercentage]: after type, before Tab -> "0.04"
2026-06-01 15:10:47 [34248] INFO  AutomationFramework - setSpinValue [spinLDWPercentage]: after Tab -> "4.00%"
2026-06-01 15:10:48 [34248] INFO  AutomationFramework - Filled [txtOracleProduct] = "CHG"
2026-06-01 15:10:48 [34248] INFO  AutomationFramework - Save button enabled: true
2026-06-01 15:10:48 [34248] INFO  AutomationFramework - Filled [txtOracleProduct] = "0000"
2026-06-01 15:10:48 [34248] INFO  AutomationFramework - Save button disabled (btnSaveLocalInfo) -- skipping click
  ok 218 [encore-locations] › specs\locations\location-local-information.spec.ts:374:7 › Location Local Info @locations @local-info › TC-LOC-LI-045: All field types trigger Save enable (2.2s)
2026-06-01 15:10:48 [34248] INFO  AutomationFramework - LocationLocalInfoPage initialized
2026-06-01 15:10:48 [34248] INFO  AutomationFramework - getCheckboxLabel [chkApplyLDW] -> "Apply LDW"
2026-06-01 15:10:48 [34248] INFO  AutomationFramework - getCheckboxLabel [chkSkipBilling] -> "Skip Billing"
2026-06-01 15:10:48 [34248] INFO  AutomationFramework - getCheckboxLabel [chkWarehouseBilling] -> "Warehouse Billing"
2026-06-01 15:10:48 [34248] INFO  AutomationFramework - getCheckboxLabel [chkCommReceiver] -> "Comm Receiver"
2026-06-01 15:10:48 [34248] INFO  AutomationFramework - getCheckboxLabel [chkAllowDPCD] -> "Allow DPCD"
2026-06-01 15:10:48 [34248] INFO  AutomationFramework - getCheckboxLabel [chkEnableMultidayPricing] -> "Enable Multiday Pricing"
  ok 219 [encore-locations] › specs\locations\location-local-information.spec.ts:394:7 › Location Local Info @locations @local-info › TC-LOC-LI-067: Checkbox labels display correct visible text (161ms)
2026-06-01 15:10:48 [34248] INFO  AutomationFramework - LocationLocalInfoPage initialized
2026-06-01 15:10:48 [34248] INFO  AutomationFramework - Filled [txtOracleProduct] = "TEST@#$%&*()"
2026-06-01 15:10:48 [34248] INFO  AutomationFramework - Save confirmation dialog appeared -- confirming
2026-06-01 15:10:49 [34248] INFO  AutomationFramework - [OK] Save complete (btnSaveLocalInfo)
2026-06-01 15:10:49 [34248] INFO  AutomationFramework - Reloading page and navigating back to Local Information
2026-06-01 15:10:50 [34248] INFO  AutomationFramework - Navigating to locations/1604/settings/location
2026-06-01 15:10:50 [34248] INFO  AutomationFramework - Navigating to: https://cloudapps-e2e.encoreglobal.com/navigator/locations/1604/settings/location
2026-06-01 15:10:50 [34248] INFO  AutomationFramework - [OK] Navigation successful: https://cloudapps-e2e.encoreglobal.com/navigator/locations/1604/settings/location
2026-06-01 15:10:52 [34248] INFO  AutomationFramework - [OK] Tab active: tabLocalInformation
2026-06-01 15:10:52 [34248] INFO  AutomationFramework - Filled [txtOracleProduct] = "0000"
2026-06-01 15:10:52 [34248] INFO  AutomationFramework - Save confirmation dialog appeared -- confirming
2026-06-01 15:10:53 [34248] INFO  AutomationFramework - [OK] Save complete (btnSaveLocalInfo)
  ok 220 [encore-locations] › specs\locations\location-local-information.spec.ts:408:7 › Location Local Info @locations @local-info › TC-LOC-LI-068: Oracle Product accepts special characters; value persists (4.8s)
2026-06-01 15:10:53 [34248] INFO  AutomationFramework - LocationLocalInfoPage initialized
2026-06-01 15:10:54 [34248] INFO  AutomationFramework - Filled [txtOracleDepartment] = "DEPT001"
2026-06-01 15:10:54 [34248] INFO  AutomationFramework - Save confirmation dialog appeared -- confirming
2026-06-01 15:10:55 [34248] INFO  AutomationFramework - [OK] Save complete (btnSaveLocalInfo)
2026-06-01 15:10:55 [34248] INFO  AutomationFramework - Reloading page and navigating back to Local Information
2026-06-01 15:10:55 [34248] INFO  AutomationFramework - Navigating to locations/1604/settings/location
2026-06-01 15:10:55 [34248] INFO  AutomationFramework - Navigating to: https://cloudapps-e2e.encoreglobal.com/navigator/locations/1604/settings/location
2026-06-01 15:10:56 [34248] INFO  AutomationFramework - [OK] Navigation successful: https://cloudapps-e2e.encoreglobal.com/navigator/locations/1604/settings/location
2026-06-01 15:10:57 [34248] INFO  AutomationFramework - [OK] Tab active: tabLocalInformation
2026-06-01 15:10:58 [34248] INFO  AutomationFramework - Filled [txtOracleDepartment] = "900"
2026-06-01 15:10:58 [34248] INFO  AutomationFramework - Save confirmation dialog appeared -- confirming
2026-06-01 15:10:58 [34248] INFO  AutomationFramework - [OK] Save complete (btnSaveLocalInfo)
  ok 221 [encore-locations] › specs\locations\location-local-information.spec.ts:422:7 › Location Local Info @locations @local-info › TC-LOC-LI-069: Oracle Department alphanumeric value persists after save (5.6s)
2026-06-01 15:10:58 [34248] INFO  AutomationFramework - LocationLocalInfoPage initialized
2026-06-01 15:10:59 [34248] INFO  AutomationFramework - [OK] Form ready: chkSkipBilling is enabled
2026-06-01 15:10:59 [34248] INFO  AutomationFramework - Checkbox [chkSkipBilling] -> checked=false disabled=false
2026-06-01 15:10:59 [34248] INFO  AutomationFramework - Checked: chkSkipBilling
2026-06-01 15:11:00 [34248] INFO  AutomationFramework - Save confirmation dialog appeared -- confirming
2026-06-01 15:11:01 [34248] INFO  AutomationFramework - [OK] Save complete (btnSaveLocalInfo)
2026-06-01 15:11:01 [34248] INFO  AutomationFramework - Reloading page and navigating back to Local Information
2026-06-01 15:11:01 [34248] INFO  AutomationFramework - Navigating to locations/1604/settings/location
2026-06-01 15:11:01 [34248] INFO  AutomationFramework - Navigating to: https://cloudapps-e2e.encoreglobal.com/navigator/locations/1604/settings/location
2026-06-01 15:11:02 [34248] INFO  AutomationFramework - [OK] Navigation successful: https://cloudapps-e2e.encoreglobal.com/navigator/locations/1604/settings/location
2026-06-01 15:11:04 [34248] INFO  AutomationFramework - [OK] Tab active: tabLocalInformation
2026-06-01 15:11:04 [34248] INFO  AutomationFramework - [OK] Form ready: chkSkipBilling is enabled
2026-06-01 15:11:04 [34248] INFO  AutomationFramework - Checkbox [chkSkipBilling] -> checked=true disabled=false
2026-06-01 15:11:04 [34248] INFO  AutomationFramework - [OK] Form ready: chkSkipBilling is enabled
2026-06-01 15:11:04 [34248] INFO  AutomationFramework - Checkbox [chkSkipBilling] -> checked=true disabled=false
2026-06-01 15:11:04 [34248] INFO  AutomationFramework - Unchecked: chkSkipBilling
2026-06-01 15:11:04 [34248] INFO  AutomationFramework - Save confirmation dialog appeared -- confirming
2026-06-01 15:11:05 [34248] INFO  AutomationFramework - [OK] Save complete (btnSaveLocalInfo)
  ok 222 [encore-locations] › specs\locations\location-local-information.spec.ts:436:7 › Location Local Info @locations @local-info › TC-LOC-LI-SKIP-BILLING: Skip Billing toggle persists after save+reload (6.2s)
  ok 223 [encore-locations] › specs\locations\location-management-history.spec.ts:45:7 › Location Management History @locations @management-history › TC-LOC-MGH-001: Tab renders and DataTable loads (2.7s)
  ok 224 [encore-locations] › specs\locations\location-management-history.spec.ts:53:7 › Location Management History @locations @management-history › TC-LOC-MGH-002: All 87 column headers present (175ms)
  ok 225 [encore-locations] › specs\locations\location-management-history.spec.ts:62:7 › Location Management History @locations @management-history › TC-LOC-MGH-003: Default rows per page is 20 (85ms)
  ok 226 [encore-locations] › specs\locations\location-management-history.spec.ts:68:7 › Location Management History @locations @management-history › TC-LOC-MGH-004: Rows per page dropdown options (277ms)
  ok 227 [encore-locations] › specs\locations\location-management-history.spec.ts:74:7 › Location Management History @locations @management-history › TC-LOC-MGH-005: Change rows per page updates table display (1.6s)
  -  228 [encore-locations] › specs\locations\location-management-history.spec.ts:83:7 › Location Management History @locations @management-history › TC-LOC-MGH-006: Pagination controls disabled when only one page
  -  229 [encore-locations] › specs\locations\location-management-history.spec.ts:88:7 › Location Management History @locations @management-history › TC-LOC-MGH-007: Empty state message for location with no history
  x  230 [encore-locations] › specs\locations\location-management-history.spec.ts:96:7 › Location Management History @locations @management-history › TC-LOC-MGH-008: Data row renders with correct values (location 1604) (447ms)
2026-06-01 15:11:13 [31244] INFO  AutomationFramework - Loading credentials from env source
2026-06-01 15:11:13 [31244] INFO  AutomationFramework - [OK] Credentials loaded for: s-prd-clickauto@psav.com
2026-06-01 15:11:20 [31244] INFO  AutomationFramework - [OK] Authenticated session ready via shared storageState
2026-06-01 15:11:20 [31244] INFO  AutomationFramework - Navigating to: https://cloudapps-e2e.encoreglobal.com/navigator/locations/1604/settings/location
2026-06-01 15:11:20 [31244] INFO  AutomationFramework - [OK] Navigation successful: https://cloudapps-e2e.encoreglobal.com/navigator/locations/1604/settings/location
  x  231 [encore-locations] › specs\locations\location-management-history.spec.ts:96:7 › Location Management History @locations @management-history › TC-LOC-MGH-008: Data row renders with correct values (location 1604) (retry #1) (6.3s)
2026-06-01 15:11:28 [9756] INFO  AutomationFramework - Loading credentials from env source
2026-06-01 15:11:28 [9756] INFO  AutomationFramework - [OK] Credentials loaded for: s-prd-clickauto@psav.com
2026-06-01 15:11:35 [9756] INFO  AutomationFramework - [OK] Authenticated session ready via shared storageState
2026-06-01 15:11:35 [9756] INFO  AutomationFramework - Navigating to: https://cloudapps-e2e.encoreglobal.com/navigator/locations/1604/settings/location
2026-06-01 15:11:35 [9756] INFO  AutomationFramework - [OK] Navigation successful: https://cloudapps-e2e.encoreglobal.com/navigator/locations/1604/settings/location
  ok 232 [encore-locations] › specs\locations\location-management-history.spec.ts:118:7 › Location Management History @locations @management-history › TC-LOC-MGH-009: Sort ascending on sortable column (7.4s)
  ok 233 [encore-locations] › specs\locations\location-management-history.spec.ts:134:7 › Location Management History @locations @management-history › TC-LOC-MGH-010: Sort descending by toggling same column (2.5s)
  ok 234 [encore-locations] › specs\locations\location-management-history.spec.ts:150:7 › Location Management History @locations @management-history › TC-LOC-MGH-011: Sort by Live Date column (1.8s)
  ok 235 [encore-locations] › specs\locations\location-management-history.spec.ts:157:7 › Location Management History @locations @management-history › TC-LOC-MGH-012: Non-sortable columns have no sort button (325ms)
  ok 236 [encore-locations] › specs\locations\location-management-history.spec.ts:164:7 › Location Management History @locations @management-history › TC-LOC-MGH-013: Column 28 renders correct header text (97ms)
  ok 237 [encore-locations] › specs\locations\location-management-history.spec.ts:171:7 › Location Management History @locations @management-history › TC-LOC-MGH-014: Columns 37 and 38 have correct distinct headers (133ms)
  x  238 [encore-locations] › specs\locations\location-management-history.spec.ts:183:7 › Location Management History @locations @management-history › TC-LOC-MGH-015: Read-only -- no Add/Edit/Delete controls present (293ms)
2026-06-01 15:11:48 [12128] INFO  AutomationFramework - Loading credentials from env source
2026-06-01 15:11:48 [12128] INFO  AutomationFramework - [OK] Credentials loaded for: s-prd-clickauto@psav.com
2026-06-01 15:11:55 [12128] INFO  AutomationFramework - [OK] Authenticated session ready via shared storageState
2026-06-01 15:11:55 [12128] INFO  AutomationFramework - Navigating to: https://cloudapps-e2e.encoreglobal.com/navigator/locations/1604/settings/location
2026-06-01 15:11:56 [12128] INFO  AutomationFramework - [OK] Navigation successful: https://cloudapps-e2e.encoreglobal.com/navigator/locations/1604/settings/location
  x  239 [encore-locations] › specs\locations\location-management-history.spec.ts:183:7 › Location Management History @locations @management-history › TC-LOC-MGH-015: Read-only -- no Add/Edit/Delete controls present (retry #1) (6.8s)
2026-06-01 15:12:03 [29824] INFO  AutomationFramework - Loading credentials from env source
2026-06-01 15:12:03 [29824] INFO  AutomationFramework - [OK] Credentials loaded for: s-prd-clickauto@psav.com
2026-06-01 15:12:09 [29824] INFO  AutomationFramework - [OK] Authenticated session ready via shared storageState
2026-06-01 15:12:09 [29824] INFO  AutomationFramework - Navigating to: https://cloudapps-e2e.encoreglobal.com/navigator/locations/1604/settings/location
2026-06-01 15:12:10 [29824] INFO  AutomationFramework - [OK] Navigation successful: https://cloudapps-e2e.encoreglobal.com/navigator/locations/1604/settings/location
  ok 240 [encore-locations] › specs\locations\location-management-history.spec.ts:188:7 › Location Management History @locations @management-history › TC-LOC-MGH-016: Read-only -- table cells are not interactive (6.8s)
  ok 241 [encore-locations] › specs\locations\location-management-history.spec.ts:194:7 › Location Management History @locations @management-history › TC-LOC-MGH-017: Horizontal scroll works for wide table (194ms)
  ok 242 [encore-locations] › specs\locations\location-management-history.spec.ts:202:7 › Location Management History @locations @management-history › TC-LOC-MGH-018: API endpoint called on tab activation (2.2s)
  -  243 [encore-locations] › specs\locations\location-management-history.spec.ts:211:8 › Location Management History @locations @management-history › TC-LOC-MGH-019: Pagination navigation enables with multiple pages
2026-06-01 15:12:19 [29824] INFO  AutomationFramework - LocationNotesPage initialized
  x  244 [encore-locations] › specs\locations\location-notes.spec.ts:42:7 › Location Notes — FCC @locations @notes @fcc › TC-LOC-NTS-039: 1-char persist (BVA min) (30.1s)
2026-06-01 15:12:50 [24176] INFO  AutomationFramework - Loading credentials from env source
2026-06-01 15:12:50 [24176] INFO  AutomationFramework - [OK] Credentials loaded for: s-prd-clickauto@psav.com
2026-06-01 15:12:56 [24176] INFO  AutomationFramework - [OK] Authenticated session ready via shared storageState
2026-06-01 15:12:56 [24176] INFO  AutomationFramework - LocationNotesPage initialized
2026-06-01 15:12:56 [24176] INFO  AutomationFramework - Navigating to locations/1604/settings/location
2026-06-01 15:12:56 [24176] INFO  AutomationFramework - Navigating to: https://cloudapps-e2e.encoreglobal.com/navigator/locations/1604/settings/location
2026-06-01 15:12:58 [24176] INFO  AutomationFramework - [OK] Navigation successful: https://cloudapps-e2e.encoreglobal.com/navigator/locations/1604/settings/location
2026-06-01 15:13:00 [24176] INFO  AutomationFramework - [OK] Tab active: tabNotes
2026-06-01 15:13:01 [24176] INFO  AutomationFramework - Clicking element: tabNotes
2026-06-01 15:13:03 [24176] INFO  AutomationFramework - [OK] Click successful: tabNotes
2026-06-01 15:13:03 [24176] INFO  AutomationFramework - [OK] Notes ensured empty (DB clean)
2026-06-01 15:13:03 [24176] INFO  AutomationFramework - Clicking element: btnNotesAdd
2026-06-01 15:13:03 [24176] INFO  AutomationFramework - [OK] Click successful: btnNotesAdd
2026-06-01 15:13:03 [24176] INFO  AutomationFramework - [OK] Filled note row 0 with 1 chars
2026-06-01 15:13:04 [24176] INFO  AutomationFramework - Save confirmation dialog appeared -- confirming
2026-06-01 15:13:04 [24176] INFO  AutomationFramework - [OK] Save complete (btnSaveNotes)
2026-06-01 15:13:05 [24176] INFO  AutomationFramework - Clicking element: tabNotes
2026-06-01 15:13:06 [24176] INFO  AutomationFramework - [OK] Click successful: tabNotes
2026-06-01 15:13:07 [24176] INFO  AutomationFramework - [OK] All note rows deleted
2026-06-01 15:13:07 [24176] INFO  AutomationFramework - Save confirmation dialog appeared -- confirming
2026-06-01 15:13:07 [24176] INFO  AutomationFramework - [OK] Save complete (btnSaveNotes)
2026-06-01 15:13:08 [24176] INFO  AutomationFramework - Clicking element: tabNotes
2026-06-01 15:13:10 [24176] INFO  AutomationFramework - [OK] Click successful: tabNotes
2026-06-01 15:13:10 [24176] INFO  AutomationFramework - [OK] Notes ensured empty (DB clean)
  ok 245 [encore-locations] › specs\locations\location-notes.spec.ts:42:7 › Location Notes — FCC @locations @notes @fcc › TC-LOC-NTS-039: 1-char persist (BVA min) (retry #1) (13.5s)
2026-06-01 15:13:10 [24176] INFO  AutomationFramework - LocationNotesPage initialized
2026-06-01 15:13:11 [24176] INFO  AutomationFramework - Clicking element: tabNotes
2026-06-01 15:13:12 [24176] INFO  AutomationFramework - [OK] Click successful: tabNotes
2026-06-01 15:13:12 [24176] INFO  AutomationFramework - [OK] Notes ensured empty (DB clean)
2026-06-01 15:13:12 [24176] INFO  AutomationFramework - Clicking element: btnNotesAdd
2026-06-01 15:13:12 [24176] INFO  AutomationFramework - [OK] Click successful: btnNotesAdd
2026-06-01 15:13:13 [24176] INFO  AutomationFramework - [OK] Pasted 3999 chars into note row 0
2026-06-01 15:13:13 [24176] INFO  AutomationFramework - Save confirmation dialog appeared -- confirming
2026-06-01 15:13:13 [24176] INFO  AutomationFramework - [OK] Save complete (btnSaveNotes)
2026-06-01 15:13:15 [24176] INFO  AutomationFramework - Clicking element: tabNotes
2026-06-01 15:13:16 [24176] INFO  AutomationFramework - [OK] Click successful: tabNotes
2026-06-01 15:13:17 [24176] INFO  AutomationFramework - [OK] All note rows deleted
2026-06-01 15:13:17 [24176] INFO  AutomationFramework - Save confirmation dialog appeared -- confirming
2026-06-01 15:13:17 [24176] INFO  AutomationFramework - [OK] Save complete (btnSaveNotes)
2026-06-01 15:13:18 [24176] INFO  AutomationFramework - Clicking element: tabNotes
2026-06-01 15:13:19 [24176] INFO  AutomationFramework - [OK] Click successful: tabNotes
2026-06-01 15:13:19 [24176] INFO  AutomationFramework - [OK] Notes ensured empty (DB clean)
  ok 246 [encore-locations] › specs\locations\location-notes.spec.ts:63:7 › Location Notes — FCC @locations @notes @fcc › TC-LOC-NTS-040: 3999-char persist (BVA -1) (9.5s)
2026-06-01 15:13:19 [24176] INFO  AutomationFramework - LocationNotesPage initialized
2026-06-01 15:13:21 [24176] INFO  AutomationFramework - Clicking element: tabNotes
2026-06-01 15:13:22 [24176] INFO  AutomationFramework - [OK] Click successful: tabNotes
2026-06-01 15:13:22 [24176] INFO  AutomationFramework - [OK] Notes ensured empty (DB clean)
2026-06-01 15:13:22 [24176] INFO  AutomationFramework - Clicking element: btnNotesAdd
2026-06-01 15:13:22 [24176] INFO  AutomationFramework - [OK] Click successful: btnNotesAdd
2026-06-01 15:13:22 [24176] INFO  AutomationFramework - [OK] Filled note row 0 with 3 chars
2026-06-01 15:13:23 [24176] INFO  AutomationFramework - Save confirmation dialog appeared -- confirming
2026-06-01 15:13:23 [24176] INFO  AutomationFramework - [OK] Save complete (btnSaveNotes)
2026-06-01 15:13:24 [24176] INFO  AutomationFramework - Clicking element: tabNotes
2026-06-01 15:13:25 [24176] INFO  AutomationFramework - [OK] Click successful: tabNotes
2026-06-01 15:13:27 [24176] INFO  AutomationFramework - Clicking element: tabNotes
2026-06-01 15:13:29 [24176] INFO  AutomationFramework - [OK] Click successful: tabNotes
2026-06-01 15:13:29 [24176] INFO  AutomationFramework - [OK] Notes ensured empty (DB clean)
  ok 247 [encore-locations] › specs\locations\location-notes.spec.ts:81:7 › Location Notes — FCC @locations @notes @fcc › TC-LOC-NTS-041: Whitespace-only "   " persist (9.6s)
2026-06-01 15:13:29 [24176] INFO  AutomationFramework - LocationNotesPage initialized
2026-06-01 15:13:30 [24176] INFO  AutomationFramework - Clicking element: tabNotes
2026-06-01 15:13:32 [24176] INFO  AutomationFramework - [OK] Click successful: tabNotes
2026-06-01 15:13:32 [24176] INFO  AutomationFramework - [OK] Notes ensured empty (DB clean)
2026-06-01 15:13:32 [24176] INFO  AutomationFramework - [OK] Filled note row 0 with 7 chars
2026-06-01 15:13:32 [24176] INFO  AutomationFramework - Save confirmation dialog appeared -- confirming
2026-06-01 15:13:33 [24176] INFO  AutomationFramework - [OK] Save complete (btnSaveNotes)
2026-06-01 15:13:34 [24176] INFO  AutomationFramework - Clicking element: tabNotes
2026-06-01 15:13:35 [24176] INFO  AutomationFramework - [OK] Click successful: tabNotes
2026-06-01 15:13:36 [24176] INFO  AutomationFramework - [OK] All note rows deleted
2026-06-01 15:13:36 [24176] INFO  AutomationFramework - Save confirmation dialog appeared -- confirming
2026-06-01 15:13:36 [24176] INFO  AutomationFramework - [OK] Save complete (btnSaveNotes)
2026-06-01 15:13:37 [24176] INFO  AutomationFramework - Clicking element: tabNotes
2026-06-01 15:13:38 [24176] INFO  AutomationFramework - [OK] Click successful: tabNotes
2026-06-01 15:13:38 [24176] INFO  AutomationFramework - [OK] Notes ensured empty (DB clean)
  ok 248 [encore-locations] › specs\locations\location-notes.spec.ts:98:7 › Location Notes — FCC @locations @notes @fcc › TC-LOC-NTS-042: Leading whitespace "  hello" persist (not trimmed) (9.4s)
2026-06-01 15:13:38 [24176] INFO  AutomationFramework - LocationNotesPage initialized
2026-06-01 15:13:40 [24176] INFO  AutomationFramework - Clicking element: tabNotes
2026-06-01 15:13:42 [24176] INFO  AutomationFramework - [OK] Click successful: tabNotes
2026-06-01 15:13:42 [24176] INFO  AutomationFramework - [OK] Notes ensured empty (DB clean)
2026-06-01 15:13:42 [24176] INFO  AutomationFramework - Clicking element: btnNotesAdd
2026-06-01 15:13:42 [24176] INFO  AutomationFramework - [OK] Click successful: btnNotesAdd
2026-06-01 15:13:42 [24176] INFO  AutomationFramework - [OK] Filled note row 0 with 7 chars
2026-06-01 15:13:42 [24176] INFO  AutomationFramework - Save confirmation dialog appeared -- confirming
2026-06-01 15:13:42 [24176] INFO  AutomationFramework - [OK] Save complete (btnSaveNotes)
2026-06-01 15:13:44 [24176] INFO  AutomationFramework - Clicking element: tabNotes
2026-06-01 15:13:45 [24176] INFO  AutomationFramework - [OK] Click successful: tabNotes
2026-06-01 15:13:46 [24176] INFO  AutomationFramework - [OK] All note rows deleted
2026-06-01 15:13:46 [24176] INFO  AutomationFramework - Save confirmation dialog appeared -- confirming
2026-06-01 15:13:46 [24176] INFO  AutomationFramework - [OK] Save complete (btnSaveNotes)
2026-06-01 15:13:47 [24176] INFO  AutomationFramework - Clicking element: tabNotes
2026-06-01 15:13:49 [24176] INFO  AutomationFramework - [OK] Click successful: tabNotes
2026-06-01 15:13:49 [24176] INFO  AutomationFramework - [OK] Notes ensured empty (DB clean)
  ok 249 [encore-locations] › specs\locations\location-notes.spec.ts:115:7 › Location Notes — FCC @locations @notes @fcc › TC-LOC-NTS-043: Trailing whitespace "hello  " persist (not trimmed) (10.3s)
2026-06-01 15:13:49 [24176] INFO  AutomationFramework - LocationNotesPage initialized
2026-06-01 15:13:50 [24176] INFO  AutomationFramework - Clicking element: tabNotes
2026-06-01 15:13:52 [24176] INFO  AutomationFramework - [OK] Click successful: tabNotes
2026-06-01 15:13:52 [24176] INFO  AutomationFramework - [OK] Notes ensured empty (DB clean)
2026-06-01 15:13:52 [24176] INFO  AutomationFramework - Clicking element: btnNotesAdd
2026-06-01 15:13:52 [24176] INFO  AutomationFramework - [OK] Click successful: btnNotesAdd
2026-06-01 15:13:52 [24176] INFO  AutomationFramework - [OK] Pasted 3 chars into note row 0
2026-06-01 15:13:52 [24176] INFO  AutomationFramework - Save confirmation dialog appeared -- confirming
2026-06-01 15:13:53 [24176] INFO  AutomationFramework - [OK] Save complete (btnSaveNotes)
2026-06-01 15:13:53 [24176] INFO  AutomationFramework - Clicking element: tabNotes
2026-06-01 15:13:55 [24176] INFO  AutomationFramework - [OK] Click successful: tabNotes
2026-06-01 15:13:56 [24176] INFO  AutomationFramework - [OK] All note rows deleted
2026-06-01 15:13:56 [24176] INFO  AutomationFramework - Save confirmation dialog appeared -- confirming
2026-06-01 15:13:57 [24176] INFO  AutomationFramework - [OK] Save complete (btnSaveNotes)
2026-06-01 15:13:57 [24176] INFO  AutomationFramework - Clicking element: tabNotes
2026-06-01 15:13:59 [24176] INFO  AutomationFramework - [OK] Click successful: tabNotes
2026-06-01 15:13:59 [24176] INFO  AutomationFramework - [OK] Notes ensured empty (DB clean)
  ok 250 [encore-locations] › specs\locations\location-notes.spec.ts:132:7 › Location Notes — FCC @locations @notes @fcc › TC-LOC-NTS-063: Tab character "a\tb" persist (10.4s)
2026-06-01 15:13:59 [24176] INFO  AutomationFramework - LocationNotesPage initialized
2026-06-01 15:14:00 [24176] INFO  AutomationFramework - Clicking element: tabNotes
2026-06-01 15:14:02 [24176] INFO  AutomationFramework - [OK] Click successful: tabNotes
2026-06-01 15:14:02 [24176] INFO  AutomationFramework - [OK] Notes ensured empty (DB clean)
2026-06-01 15:14:02 [24176] INFO  AutomationFramework - Clicking element: btnNotesAdd
2026-06-01 15:14:02 [24176] INFO  AutomationFramework - [OK] Click successful: btnNotesAdd
2026-06-01 15:14:02 [24176] INFO  AutomationFramework - [OK] Pasted 17 chars into note row 0
2026-06-01 15:14:02 [24176] INFO  AutomationFramework - Save confirmation dialog appeared -- confirming
2026-06-01 15:14:02 [24176] INFO  AutomationFramework - [OK] Save complete (btnSaveNotes)
2026-06-01 15:14:04 [24176] INFO  AutomationFramework - Clicking element: tabNotes
2026-06-01 15:14:05 [24176] INFO  AutomationFramework - [OK] Click successful: tabNotes
2026-06-01 15:14:06 [24176] INFO  AutomationFramework - [OK] All note rows deleted
2026-06-01 15:14:06 [24176] INFO  AutomationFramework - Save confirmation dialog appeared -- confirming
2026-06-01 15:14:06 [24176] INFO  AutomationFramework - [OK] Save complete (btnSaveNotes)
2026-06-01 15:14:07 [24176] INFO  AutomationFramework - Clicking element: tabNotes
2026-06-01 15:14:08 [24176] INFO  AutomationFramework - [OK] Click successful: tabNotes
2026-06-01 15:14:08 [24176] INFO  AutomationFramework - [OK] Notes ensured empty (DB clean)
  ok 251 [encore-locations] › specs\locations\location-notes.spec.ts:149:7 › Location Notes — FCC @locations @notes @fcc › TC-LOC-NTS-044: Newline "line1\nline2\nline3" persist (MAIN spec) (9.2s)
2026-06-01 15:14:08 [24176] INFO  AutomationFramework - LocationNotesPage initialized
2026-06-01 15:14:10 [24176] INFO  AutomationFramework - Clicking element: tabNotes
2026-06-01 15:14:12 [24176] INFO  AutomationFramework - [OK] Click successful: tabNotes
2026-06-01 15:14:12 [24176] INFO  AutomationFramework - [OK] Notes ensured empty (DB clean)
2026-06-01 15:14:12 [24176] INFO  AutomationFramework - Clicking element: btnNotesAdd
2026-06-01 15:14:12 [24176] INFO  AutomationFramework - [OK] Click successful: btnNotesAdd
2026-06-01 15:14:12 [24176] INFO  AutomationFramework - [OK] Filled note row 0 with 9 chars
2026-06-01 15:14:12 [24176] INFO  AutomationFramework - Save confirmation dialog appeared -- confirming
2026-06-01 15:14:13 [24176] INFO  AutomationFramework - [OK] Save complete (btnSaveNotes)
2026-06-01 15:14:13 [24176] INFO  AutomationFramework - Clicking element: tabNotes
2026-06-01 15:14:15 [24176] INFO  AutomationFramework - [OK] Click successful: tabNotes
2026-06-01 15:14:15 [24176] INFO  AutomationFramework - Save confirmation dialog appeared -- confirming
2026-06-01 15:14:15 [24176] INFO  AutomationFramework - [OK] Save complete (btnSaveNotes)
2026-06-01 15:14:17 [24176] INFO  AutomationFramework - Clicking element: tabNotes
2026-06-01 15:14:18 [24176] INFO  AutomationFramework - [OK] Click successful: tabNotes
2026-06-01 15:14:19 [24176] INFO  AutomationFramework - [OK] All note rows deleted
2026-06-01 15:14:19 [24176] INFO  AutomationFramework - Save confirmation dialog appeared -- confirming
2026-06-01 15:14:20 [24176] INFO  AutomationFramework - [OK] Save complete (btnSaveNotes)
2026-06-01 15:14:20 [24176] INFO  AutomationFramework - Clicking element: tabNotes
2026-06-01 15:14:22 [24176] INFO  AutomationFramework - [OK] Click successful: tabNotes
2026-06-01 15:14:22 [24176] INFO  AutomationFramework - [OK] Notes ensured empty (DB clean)
  ok 252 [encore-locations] › specs\locations\location-notes.spec.ts:167:7 › Location Notes — FCC @locations @notes @fcc › TC-LOC-NTS-064: Edit append (13.4s)
2026-06-01 15:14:22 [24176] INFO  AutomationFramework - LocationNotesPage initialized
2026-06-01 15:14:24 [24176] INFO  AutomationFramework - Clicking element: tabNotes
2026-06-01 15:14:25 [24176] INFO  AutomationFramework - [OK] Click successful: tabNotes
2026-06-01 15:14:25 [24176] INFO  AutomationFramework - [OK] Notes ensured empty (DB clean)
2026-06-01 15:14:25 [24176] INFO  AutomationFramework - Clicking element: btnNotesAdd
2026-06-01 15:14:25 [24176] INFO  AutomationFramework - [OK] Click successful: btnNotesAdd
2026-06-01 15:14:25 [24176] INFO  AutomationFramework - [OK] Filled note row 0 with 9 chars
2026-06-01 15:14:25 [24176] INFO  AutomationFramework - Save confirmation dialog appeared -- confirming
2026-06-01 15:14:26 [24176] INFO  AutomationFramework - [OK] Save complete (btnSaveNotes)
2026-06-01 15:14:26 [24176] INFO  AutomationFramework - Clicking element: tabNotes
2026-06-01 15:14:28 [24176] INFO  AutomationFramework - [OK] Click successful: tabNotes
2026-06-01 15:14:28 [24176] INFO  AutomationFramework - Save confirmation dialog appeared -- confirming
2026-06-01 15:14:28 [24176] INFO  AutomationFramework - [OK] Save complete (btnSaveNotes)
2026-06-01 15:14:30 [24176] INFO  AutomationFramework - Clicking element: tabNotes
2026-06-01 15:14:31 [24176] INFO  AutomationFramework - [OK] Click successful: tabNotes
2026-06-01 15:14:32 [24176] INFO  AutomationFramework - [OK] All note rows deleted
2026-06-01 15:14:32 [24176] INFO  AutomationFramework - Save confirmation dialog appeared -- confirming
2026-06-01 15:14:33 [24176] INFO  AutomationFramework - [OK] Save complete (btnSaveNotes)
2026-06-01 15:14:34 [24176] INFO  AutomationFramework - Clicking element: tabNotes
2026-06-01 15:14:36 [24176] INFO  AutomationFramework - [OK] Click successful: tabNotes
2026-06-01 15:14:36 [24176] INFO  AutomationFramework - [OK] Notes ensured empty (DB clean)
  ok 253 [encore-locations] › specs\locations\location-notes.spec.ts:189:7 › Location Notes — FCC @locations @notes @fcc › TC-LOC-NTS-045: Edit prepend (14.4s)
2026-06-01 15:14:36 [24176] INFO  AutomationFramework - LocationNotesPage initialized
2026-06-01 15:14:37 [24176] INFO  AutomationFramework - Clicking element: tabNotes
2026-06-01 15:14:39 [24176] INFO  AutomationFramework - [OK] Click successful: tabNotes
2026-06-01 15:14:39 [24176] INFO  AutomationFramework - [OK] Notes ensured empty (DB clean)
2026-06-01 15:14:39 [24176] INFO  AutomationFramework - Clicking element: btnNotesAdd
2026-06-01 15:14:39 [24176] INFO  AutomationFramework - [OK] Click successful: btnNotesAdd
2026-06-01 15:14:39 [24176] INFO  AutomationFramework - [OK] Filled note row 0 with 17 chars
2026-06-01 15:14:39 [24176] INFO  AutomationFramework - Save confirmation dialog appeared -- confirming
2026-06-01 15:14:39 [24176] INFO  AutomationFramework - [OK] Save complete (btnSaveNotes)
2026-06-01 15:14:40 [24176] INFO  AutomationFramework - Clicking element: tabNotes
2026-06-01 15:14:41 [24176] INFO  AutomationFramework - [OK] Click successful: tabNotes
2026-06-01 15:14:52 [24176] INFO  AutomationFramework - Clicking element: tabNotes
2026-06-01 15:14:54 [24176] INFO  AutomationFramework - [OK] Click successful: tabNotes
2026-06-01 15:14:54 [24176] INFO  AutomationFramework - [OK] Notes ensured empty (DB clean)
  x  254 [encore-locations] › specs\locations\location-notes.spec.ts:211:7 › Location Notes — FCC @locations @notes @fcc › TC-LOC-NTS-046: Edit partial-replace (slice middle) (18.4s)
2026-06-01 15:14:57 [34284] INFO  AutomationFramework - Loading credentials from env source
2026-06-01 15:14:57 [34284] INFO  AutomationFramework - [OK] Credentials loaded for: s-prd-clickauto@psav.com
2026-06-01 15:15:04 [34284] INFO  AutomationFramework - [OK] Authenticated session ready via shared storageState
2026-06-01 15:15:04 [34284] INFO  AutomationFramework - LocationNotesPage initialized
2026-06-01 15:15:04 [34284] INFO  AutomationFramework - Navigating to locations/1604/settings/location
2026-06-01 15:15:04 [34284] INFO  AutomationFramework - Navigating to: https://cloudapps-e2e.encoreglobal.com/navigator/locations/1604/settings/location
2026-06-01 15:15:04 [34284] INFO  AutomationFramework - [OK] Navigation successful: https://cloudapps-e2e.encoreglobal.com/navigator/locations/1604/settings/location
2026-06-01 15:15:07 [34284] INFO  AutomationFramework - [OK] Tab active: tabNotes
2026-06-01 15:15:08 [34284] INFO  AutomationFramework - Clicking element: tabNotes
2026-06-01 15:15:10 [34284] INFO  AutomationFramework - [OK] Click successful: tabNotes
2026-06-01 15:15:10 [34284] INFO  AutomationFramework - [OK] Notes ensured empty (DB clean)
2026-06-01 15:15:10 [34284] INFO  AutomationFramework - Clicking element: btnNotesAdd
2026-06-01 15:15:10 [34284] INFO  AutomationFramework - [OK] Click successful: btnNotesAdd
2026-06-01 15:15:10 [34284] INFO  AutomationFramework - [OK] Filled note row 0 with 17 chars
2026-06-01 15:15:10 [34284] INFO  AutomationFramework - Save confirmation dialog appeared -- confirming
2026-06-01 15:15:11 [34284] INFO  AutomationFramework - [OK] Save complete (btnSaveNotes)
2026-06-01 15:15:11 [34284] INFO  AutomationFramework - Clicking element: tabNotes
2026-06-01 15:15:13 [34284] INFO  AutomationFramework - [OK] Click successful: tabNotes
2026-06-01 15:15:14 [34284] INFO  AutomationFramework - Save confirmation dialog appeared -- confirming
2026-06-01 15:15:14 [34284] INFO  AutomationFramework - [OK] Save complete (btnSaveNotes)
2026-06-01 15:15:15 [34284] INFO  AutomationFramework - Clicking element: tabNotes
2026-06-01 15:15:17 [34284] INFO  AutomationFramework - [OK] Click successful: tabNotes
2026-06-01 15:15:17 [34284] INFO  AutomationFramework - [OK] All note rows deleted
2026-06-01 15:15:17 [34284] INFO  AutomationFramework - Save confirmation dialog appeared -- confirming
2026-06-01 15:15:19 [34284] INFO  AutomationFramework - [OK] Save complete (btnSaveNotes)
2026-06-01 15:15:20 [34284] INFO  AutomationFramework - Clicking element: tabNotes
2026-06-01 15:15:21 [34284] INFO  AutomationFramework - [OK] Click successful: tabNotes
2026-06-01 15:15:21 [34284] INFO  AutomationFramework - [OK] Notes ensured empty (DB clean)
  ok 255 [encore-locations] › specs\locations\location-notes.spec.ts:211:7 › Location Notes — FCC @locations @notes @fcc › TC-LOC-NTS-046: Edit partial-replace (slice middle) (retry #1) (17.3s)
2026-06-01 15:15:21 [34284] INFO  AutomationFramework - LocationNotesPage initialized
2026-06-01 15:15:22 [34284] INFO  AutomationFramework - Clicking element: tabNotes
2026-06-01 15:15:24 [34284] INFO  AutomationFramework - [OK] Click successful: tabNotes
2026-06-01 15:15:24 [34284] INFO  AutomationFramework - [OK] Notes ensured empty (DB clean)
2026-06-01 15:15:24 [34284] INFO  AutomationFramework - Clicking element: btnNotesAdd
2026-06-01 15:15:24 [34284] INFO  AutomationFramework - [OK] Click successful: btnNotesAdd
2026-06-01 15:15:24 [34284] INFO  AutomationFramework - [OK] Filled note row 0 with 9 chars
2026-06-01 15:15:24 [34284] INFO  AutomationFramework - Save confirmation dialog appeared -- confirming
2026-06-01 15:15:25 [34284] INFO  AutomationFramework - [OK] Save complete (btnSaveNotes)
2026-06-01 15:15:25 [34284] INFO  AutomationFramework - Clicking element: tabNotes
2026-06-01 15:15:27 [34284] INFO  AutomationFramework - [OK] Click successful: tabNotes
2026-06-01 15:15:27 [34284] INFO  AutomationFramework - Save confirmation dialog appeared -- confirming
2026-06-01 15:15:27 [34284] INFO  AutomationFramework - [OK] Save complete (btnSaveNotes)
2026-06-01 15:15:28 [34284] INFO  AutomationFramework - Clicking element: tabNotes
2026-06-01 15:15:31 [34284] INFO  AutomationFramework - [OK] Click successful: tabNotes
2026-06-01 15:15:31 [34284] INFO  AutomationFramework - [OK] All note rows deleted
2026-06-01 15:15:31 [34284] INFO  AutomationFramework - Save confirmation dialog appeared -- confirming
2026-06-01 15:15:32 [34284] INFO  AutomationFramework - [OK] Save complete (btnSaveNotes)
2026-06-01 15:15:33 [34284] INFO  AutomationFramework - Clicking element: tabNotes
2026-06-01 15:15:34 [34284] INFO  AutomationFramework - [OK] Click successful: tabNotes
2026-06-01 15:15:34 [34284] INFO  AutomationFramework - [OK] Notes ensured empty (DB clean)
  x  256 [encore-locations] › specs\locations\location-notes.spec.ts:239:7 › Location Notes — FCC @locations @notes @fcc › TC-LOC-NTS-047: Edit clear-to-empty (row stays with empty value) (13.2s)
2026-06-01 15:15:36 [5936] INFO  AutomationFramework - Loading credentials from env source
2026-06-01 15:15:36 [5936] INFO  AutomationFramework - [OK] Credentials loaded for: s-prd-clickauto@psav.com
2026-06-01 15:15:42 [5936] INFO  AutomationFramework - [OK] Authenticated session ready via shared storageState
2026-06-01 15:15:42 [5936] INFO  AutomationFramework - LocationNotesPage initialized
2026-06-01 15:15:42 [5936] INFO  AutomationFramework - Navigating to locations/1604/settings/location
2026-06-01 15:15:42 [5936] INFO  AutomationFramework - Navigating to: https://cloudapps-e2e.encoreglobal.com/navigator/locations/1604/settings/location
2026-06-01 15:15:43 [5936] INFO  AutomationFramework - [OK] Navigation successful: https://cloudapps-e2e.encoreglobal.com/navigator/locations/1604/settings/location
2026-06-01 15:15:45 [5936] INFO  AutomationFramework - [OK] Tab active: tabNotes
2026-06-01 15:15:46 [5936] INFO  AutomationFramework - Clicking element: tabNotes
2026-06-01 15:15:47 [5936] INFO  AutomationFramework - [OK] Click successful: tabNotes
2026-06-01 15:15:47 [5936] INFO  AutomationFramework - [OK] Notes ensured empty (DB clean)
2026-06-01 15:15:47 [5936] INFO  AutomationFramework - Clicking element: btnNotesAdd
2026-06-01 15:15:48 [5936] INFO  AutomationFramework - [OK] Click successful: btnNotesAdd
2026-06-01 15:15:48 [5936] INFO  AutomationFramework - [OK] Filled note row 0 with 9 chars
2026-06-01 15:15:48 [5936] INFO  AutomationFramework - Save confirmation dialog appeared -- confirming
2026-06-01 15:15:48 [5936] INFO  AutomationFramework - [OK] Save complete (btnSaveNotes)
2026-06-01 15:15:50 [5936] INFO  AutomationFramework - Clicking element: tabNotes
2026-06-01 15:15:51 [5936] INFO  AutomationFramework - [OK] Click successful: tabNotes
2026-06-01 15:15:51 [5936] INFO  AutomationFramework - Save confirmation dialog appeared -- confirming
2026-06-01 15:15:52 [5936] INFO  AutomationFramework - [OK] Save complete (btnSaveNotes)
2026-06-01 15:15:52 [5936] INFO  AutomationFramework - Clicking element: tabNotes
2026-06-01 15:15:54 [5936] INFO  AutomationFramework - [OK] Click successful: tabNotes
2026-06-01 15:15:55 [5936] INFO  AutomationFramework - Clicking element: tabNotes
2026-06-01 15:15:56 [5936] INFO  AutomationFramework - [OK] Click successful: tabNotes
2026-06-01 15:15:56 [5936] INFO  AutomationFramework - [OK] Notes ensured empty (DB clean)
  ok 257 [encore-locations] › specs\locations\location-notes.spec.ts:239:7 › Location Notes — FCC @locations @notes @fcc › TC-LOC-NTS-047: Edit clear-to-empty (row stays with empty value) (retry #1) (14.1s)
2026-06-01 15:15:56 [5936] INFO  AutomationFramework - LocationNotesPage initialized
2026-06-01 15:15:58 [5936] INFO  AutomationFramework - Clicking element: tabNotes
2026-06-01 15:15:59 [5936] INFO  AutomationFramework - [OK] Click successful: tabNotes
2026-06-01 15:15:59 [5936] INFO  AutomationFramework - [OK] Notes ensured empty (DB clean)
2026-06-01 15:15:59 [5936] INFO  AutomationFramework - [OK] Filled note row 0 with 14 chars
2026-06-01 15:15:59 [5936] INFO  AutomationFramework - Clicking element: btnNotesAdd
2026-06-01 15:15:59 [5936] INFO  AutomationFramework - [OK] Click successful: btnNotesAdd
2026-06-01 15:15:59 [5936] INFO  AutomationFramework - [OK] Filled note row 1 with 13 chars
2026-06-01 15:15:59 [5936] INFO  AutomationFramework - Save confirmation dialog appeared -- confirming
2026-06-01 15:16:00 [5936] INFO  AutomationFramework - [OK] Save complete (btnSaveNotes)
2026-06-01 15:16:01 [5936] INFO  AutomationFramework - Clicking element: tabNotes
2026-06-01 15:16:03 [5936] INFO  AutomationFramework - [OK] Click successful: tabNotes
2026-06-01 15:16:03 [5936] INFO  AutomationFramework - [OK] All note rows deleted
2026-06-01 15:16:04 [5936] INFO  AutomationFramework - Save confirmation dialog appeared -- confirming
2026-06-01 15:16:04 [5936] INFO  AutomationFramework - [OK] Save complete (btnSaveNotes)
2026-06-01 15:16:04 [5936] INFO  AutomationFramework - Clicking element: tabNotes
2026-06-01 15:16:06 [5936] INFO  AutomationFramework - [OK] Click successful: tabNotes
2026-06-01 15:16:06 [5936] INFO  AutomationFramework - [OK] Notes ensured empty (DB clean)
  ok 258 [encore-locations] › specs\locations\location-notes.spec.ts:269:7 › Location Notes — FCC @locations @notes @fcc › TC-LOC-NTS-048: 2-row positive (smallest multi-row save+reload) (9.7s)
2026-06-01 15:16:06 [5936] INFO  AutomationFramework - LocationNotesPage initialized
2026-06-01 15:16:07 [5936] INFO  AutomationFramework - Clicking element: tabNotes
2026-06-01 15:16:09 [5936] INFO  AutomationFramework - [OK] Click successful: tabNotes
2026-06-01 15:16:09 [5936] INFO  AutomationFramework - [OK] Notes ensured empty (DB clean)
2026-06-01 15:16:09 [5936] INFO  AutomationFramework - Clicking element: btnNotesAdd
2026-06-01 15:16:09 [5936] INFO  AutomationFramework - [OK] Click successful: btnNotesAdd
2026-06-01 15:16:09 [5936] INFO  AutomationFramework - [OK] Filled note row 0 with 2 chars
2026-06-01 15:16:09 [5936] INFO  AutomationFramework - Clicking element: btnNotesAdd
2026-06-01 15:16:09 [5936] INFO  AutomationFramework - [OK] Click successful: btnNotesAdd
2026-06-01 15:16:09 [5936] INFO  AutomationFramework - [OK] Filled note row 1 with 2 chars
2026-06-01 15:16:09 [5936] INFO  AutomationFramework - Clicking element: btnNotesAdd
2026-06-01 15:16:09 [5936] INFO  AutomationFramework - [OK] Click successful: btnNotesAdd
2026-06-01 15:16:09 [5936] INFO  AutomationFramework - [OK] Filled note row 2 with 2 chars
2026-06-01 15:16:09 [5936] INFO  AutomationFramework - Clicking element: btnNotesAdd
2026-06-01 15:16:09 [5936] INFO  AutomationFramework - [OK] Click successful: btnNotesAdd
2026-06-01 15:16:09 [5936] INFO  AutomationFramework - [OK] Filled note row 3 with 2 chars
2026-06-01 15:16:09 [5936] INFO  AutomationFramework - Clicking element: btnNotesAdd
2026-06-01 15:16:09 [5936] INFO  AutomationFramework - [OK] Click successful: btnNotesAdd
2026-06-01 15:16:09 [5936] INFO  AutomationFramework - [OK] Filled note row 4 with 2 chars
2026-06-01 15:16:10 [5936] INFO  AutomationFramework - Save confirmation dialog appeared -- confirming
2026-06-01 15:16:10 [5936] INFO  AutomationFramework - [OK] Save complete (btnSaveNotes)
2026-06-01 15:16:10 [5936] INFO  AutomationFramework - Clicking element: tabNotes
2026-06-01 15:16:12 [5936] INFO  AutomationFramework - [OK] Click successful: tabNotes
2026-06-01 15:16:13 [5936] INFO  AutomationFramework - [OK] All note rows deleted
2026-06-01 15:16:13 [5936] INFO  AutomationFramework - Save confirmation dialog appeared -- confirming
2026-06-01 15:16:15 [5936] INFO  AutomationFramework - [OK] Save complete (btnSaveNotes)
2026-06-01 15:16:15 [5936] INFO  AutomationFramework - Clicking element: tabNotes
2026-06-01 15:16:17 [5936] INFO  AutomationFramework - [OK] Click successful: tabNotes
2026-06-01 15:16:17 [5936] INFO  AutomationFramework - [OK] Notes ensured empty (DB clean)
  ok 259 [encore-locations] › specs\locations\location-notes.spec.ts:291:7 › Location Notes — FCC @locations @notes @fcc › TC-LOC-NTS-049: 5-row positive (smoke at moderate count) (10.9s)
2026-06-01 15:16:17 [5936] INFO  AutomationFramework - LocationNotesPage initialized
2026-06-01 15:16:18 [5936] INFO  AutomationFramework - Clicking element: tabNotes
2026-06-01 15:16:19 [5936] INFO  AutomationFramework - [OK] Click successful: tabNotes
2026-06-01 15:16:19 [5936] INFO  AutomationFramework - [OK] Notes ensured empty (DB clean)
2026-06-01 15:16:19 [5936] INFO  AutomationFramework - Clicking element: btnNotesAdd
2026-06-01 15:16:19 [5936] INFO  AutomationFramework - [OK] Click successful: btnNotesAdd
2026-06-01 15:16:19 [5936] INFO  AutomationFramework - [OK] Filled note row 0 with 1 chars
2026-06-01 15:16:19 [5936] INFO  AutomationFramework - Clicking element: btnNotesAdd
2026-06-01 15:16:19 [5936] INFO  AutomationFramework - [OK] Click successful: btnNotesAdd
2026-06-01 15:16:20 [5936] INFO  AutomationFramework - [OK] Pasted 4000 chars into note row 1
2026-06-01 15:16:20 [5936] INFO  AutomationFramework - Save confirmation dialog appeared -- confirming
2026-06-01 15:16:20 [5936] INFO  AutomationFramework - [OK] Save complete (btnSaveNotes)
2026-06-01 15:16:21 [5936] INFO  AutomationFramework - Clicking element: tabNotes
2026-06-01 15:16:22 [5936] INFO  AutomationFramework - [OK] Click successful: tabNotes
2026-06-01 15:16:23 [5936] INFO  AutomationFramework - [OK] All note rows deleted
2026-06-01 15:16:23 [5936] INFO  AutomationFramework - Save confirmation dialog appeared -- confirming
2026-06-01 15:16:24 [5936] INFO  AutomationFramework - [OK] Save complete (btnSaveNotes)
2026-06-01 15:16:24 [5936] INFO  AutomationFramework - Clicking element: tabNotes
2026-06-01 15:16:26 [5936] INFO  AutomationFramework - [OK] Click successful: tabNotes
2026-06-01 15:16:26 [5936] INFO  AutomationFramework - [OK] Notes ensured empty (DB clean)
  ok 260 [encore-locations] › specs\locations\location-notes.spec.ts:315:7 › Location Notes — FCC @locations @notes @fcc › TC-LOC-NTS-050: Mixed-content (row 0 = 1-char, row 1 = 4000-char) save+reload (9.0s)
2026-06-01 15:16:26 [5936] INFO  AutomationFramework - LocationNotesPage initialized
2026-06-01 15:16:27 [5936] INFO  AutomationFramework - Clicking element: tabNotes
2026-06-01 15:16:28 [5936] INFO  AutomationFramework - [OK] Click successful: tabNotes
2026-06-01 15:16:28 [5936] INFO  AutomationFramework - [OK] Notes ensured empty (DB clean)
2026-06-01 15:16:28 [5936] INFO  AutomationFramework - Clicking element: btnNotesAdd
2026-06-01 15:16:28 [5936] INFO  AutomationFramework - [OK] Click successful: btnNotesAdd
2026-06-01 15:16:28 [5936] INFO  AutomationFramework - [OK] Filled note row 0 with 14 chars
2026-06-01 15:16:28 [5936] INFO  AutomationFramework - Clicking element: btnNotesAdd
2026-06-01 15:16:28 [5936] INFO  AutomationFramework - [OK] Click successful: btnNotesAdd
2026-06-01 15:16:29 [5936] INFO  AutomationFramework - [OK] Filled note row 1 with 13 chars
2026-06-01 15:16:29 [5936] INFO  AutomationFramework - Save confirmation dialog appeared -- confirming
2026-06-01 15:16:29 [5936] INFO  AutomationFramework - [OK] Save complete (btnSaveNotes)
2026-06-01 15:16:30 [5936] INFO  AutomationFramework - Clicking element: tabNotes
2026-06-01 15:16:31 [5936] INFO  AutomationFramework - [OK] Click successful: tabNotes
2026-06-01 15:16:32 [5936] INFO  AutomationFramework - Save confirmation dialog appeared -- confirming
2026-06-01 15:16:33 [5936] INFO  AutomationFramework - [OK] Save complete (btnSaveNotes)
2026-06-01 15:16:33 [5936] INFO  AutomationFramework - Clicking element: tabNotes
2026-06-01 15:16:35 [5936] INFO  AutomationFramework - [OK] Click successful: tabNotes
2026-06-01 15:16:35 [5936] INFO  AutomationFramework - [OK] All note rows deleted
2026-06-01 15:16:36 [5936] INFO  AutomationFramework - Save confirmation dialog appeared -- confirming
2026-06-01 15:16:36 [5936] INFO  AutomationFramework - [OK] Save complete (btnSaveNotes)
2026-06-01 15:16:37 [5936] INFO  AutomationFramework - Clicking element: tabNotes
2026-06-01 15:16:38 [5936] INFO  AutomationFramework - [OK] Click successful: tabNotes
2026-06-01 15:16:38 [5936] INFO  AutomationFramework - [OK] Notes ensured empty (DB clean)
  ok 261 [encore-locations] › specs\locations\location-notes.spec.ts:337:7 › Location Notes — FCC @locations @notes @fcc › TC-LOC-NTS-051: Edit row 1 of 2 — row 0 unchanged after save+reload (12.2s)
2026-06-01 15:16:38 [5936] INFO  AutomationFramework - LocationNotesPage initialized
2026-06-01 15:16:40 [5936] INFO  AutomationFramework - Clicking element: tabNotes
2026-06-01 15:16:41 [5936] INFO  AutomationFramework - [OK] Click successful: tabNotes
2026-06-01 15:16:41 [5936] INFO  AutomationFramework - [OK] Notes ensured empty (DB clean)
2026-06-01 15:16:41 [5936] INFO  AutomationFramework - Clicking element: btnNotesAdd
2026-06-01 15:16:42 [5936] INFO  AutomationFramework - [OK] Click successful: btnNotesAdd
2026-06-01 15:16:42 [5936] INFO  AutomationFramework - [OK] Filled note row 0 with 14 chars
2026-06-01 15:16:42 [5936] INFO  AutomationFramework - Clicking element: btnNotesAdd
2026-06-01 15:16:42 [5936] INFO  AutomationFramework - [OK] Click successful: btnNotesAdd
2026-06-01 15:16:42 [5936] INFO  AutomationFramework - [OK] Filled note row 1 with 13 chars
2026-06-01 15:16:42 [5936] INFO  AutomationFramework - Save confirmation dialog appeared -- confirming
2026-06-01 15:16:42 [5936] INFO  AutomationFramework - [OK] Save complete (btnSaveNotes)
2026-06-01 15:16:43 [5936] INFO  AutomationFramework - Clicking element: tabNotes
2026-06-01 15:16:44 [5936] INFO  AutomationFramework - [OK] Click successful: tabNotes
2026-06-01 15:16:45 [5936] INFO  AutomationFramework - [OK] Deleted note row 0
2026-06-01 15:16:45 [5936] INFO  AutomationFramework - Save confirmation dialog appeared -- confirming
2026-06-01 15:16:45 [5936] INFO  AutomationFramework - [OK] Save complete (btnSaveNotes)
2026-06-01 15:16:46 [5936] INFO  AutomationFramework - Clicking element: tabNotes
2026-06-01 15:16:47 [5936] INFO  AutomationFramework - [OK] Click successful: tabNotes
2026-06-01 15:16:48 [5936] INFO  AutomationFramework - [OK] All note rows deleted
2026-06-01 15:16:48 [5936] INFO  AutomationFramework - Save confirmation dialog appeared -- confirming
2026-06-01 15:16:49 [5936] INFO  AutomationFramework - [OK] Save complete (btnSaveNotes)
2026-06-01 15:16:49 [5936] INFO  AutomationFramework - Clicking element: tabNotes
2026-06-01 15:16:50 [5936] INFO  AutomationFramework - [OK] Click successful: tabNotes
2026-06-01 15:16:50 [5936] INFO  AutomationFramework - [OK] Notes ensured empty (DB clean)
  ok 262 [encore-locations] › specs\locations\location-notes.spec.ts:364:7 › Location Notes — FCC @locations @notes @fcc › TC-LOC-NTS-052: Delete first of 2 rows — row 1 becomes sole remaining row (12.4s)
2026-06-01 15:16:50 [5936] INFO  AutomationFramework - LocationNotesPage initialized
2026-06-01 15:16:52 [5936] INFO  AutomationFramework - Clicking element: tabNotes
2026-06-01 15:16:53 [5936] INFO  AutomationFramework - [OK] Click successful: tabNotes
2026-06-01 15:16:53 [5936] INFO  AutomationFramework - [OK] Notes ensured empty (DB clean)
2026-06-01 15:16:53 [5936] INFO  AutomationFramework - Clicking element: btnNotesAdd
2026-06-01 15:16:54 [5936] INFO  AutomationFramework - [OK] Click successful: btnNotesAdd
2026-06-01 15:16:54 [5936] INFO  AutomationFramework - [OK] Filled note row 0 with 2 chars
2026-06-01 15:16:54 [5936] INFO  AutomationFramework - Clicking element: btnNotesAdd
2026-06-01 15:16:54 [5936] INFO  AutomationFramework - [OK] Click successful: btnNotesAdd
2026-06-01 15:16:54 [5936] INFO  AutomationFramework - [OK] Filled note row 1 with 2 chars
2026-06-01 15:16:54 [5936] INFO  AutomationFramework - Clicking element: btnNotesAdd
2026-06-01 15:16:54 [5936] INFO  AutomationFramework - [OK] Click successful: btnNotesAdd
2026-06-01 15:16:54 [5936] INFO  AutomationFramework - [OK] Filled note row 2 with 2 chars
2026-06-01 15:16:54 [5936] INFO  AutomationFramework - Save confirmation dialog appeared -- confirming
2026-06-01 15:16:55 [5936] INFO  AutomationFramework - [OK] Save complete (btnSaveNotes)
2026-06-01 15:16:56 [5936] INFO  AutomationFramework - Clicking element: tabNotes
2026-06-01 15:16:57 [5936] INFO  AutomationFramework - [OK] Click successful: tabNotes
2026-06-01 15:16:57 [5936] INFO  AutomationFramework - [OK] Deleted note row 2
2026-06-01 15:16:58 [5936] INFO  AutomationFramework - Save confirmation dialog appeared -- confirming
2026-06-01 15:16:58 [5936] INFO  AutomationFramework - [OK] Save complete (btnSaveNotes)
2026-06-01 15:16:59 [5936] INFO  AutomationFramework - Clicking element: tabNotes
2026-06-01 15:17:00 [5936] INFO  AutomationFramework - [OK] Click successful: tabNotes
2026-06-01 15:17:01 [5936] INFO  AutomationFramework - [OK] All note rows deleted
2026-06-01 15:17:02 [5936] INFO  AutomationFramework - Save confirmation dialog appeared -- confirming
2026-06-01 15:17:02 [5936] INFO  AutomationFramework - [OK] Save complete (btnSaveNotes)
2026-06-01 15:17:02 [5936] INFO  AutomationFramework - Clicking element: tabNotes
2026-06-01 15:17:04 [5936] INFO  AutomationFramework - [OK] Click successful: tabNotes
2026-06-01 15:17:04 [5936] INFO  AutomationFramework - [OK] Notes ensured empty (DB clean)
  ok 263 [encore-locations] › specs\locations\location-notes.spec.ts:391:7 › Location Notes — FCC @locations @notes @fcc › TC-LOC-NTS-053: Delete last of 3 rows — rows 0+1 remain (13.5s)
  -  264 [encore-locations] › specs\locations\location-notes.spec.ts:426:8 › Location Notes — FCC @locations @notes @fcc › TC-LOC-NTS-062: Delete one of one (single row) — empty state persists
2026-06-01 15:17:04 [5936] INFO  AutomationFramework - LocationNotesPage initialized
2026-06-01 15:17:05 [5936] INFO  AutomationFramework - Clicking element: tabNotes
2026-06-01 15:17:07 [5936] INFO  AutomationFramework - [OK] Click successful: tabNotes
2026-06-01 15:17:07 [5936] INFO  AutomationFramework - [OK] Notes ensured empty (DB clean)
2026-06-01 15:17:07 [5936] INFO  AutomationFramework - Clicking element: btnNotesAdd
2026-06-01 15:17:07 [5936] INFO  AutomationFramework - [OK] Click successful: btnNotesAdd
2026-06-01 15:17:07 [5936] INFO  AutomationFramework - [OK] Filled note row 0 with 13 chars
2026-06-01 15:17:07 [5936] INFO  AutomationFramework - Clicking element: btnSaveNotes
2026-06-01 15:17:07 [5936] INFO  AutomationFramework - [OK] Click successful: btnSaveNotes
2026-06-01 15:17:07 [5936] INFO  AutomationFramework - [OK] Filled note row 0 with 11 chars
2026-06-01 15:17:08 [5936] INFO  AutomationFramework - Save confirmation dialog appeared -- confirming
2026-06-01 15:17:09 [5936] INFO  AutomationFramework - [OK] Save complete (btnSaveNotes)
2026-06-01 15:17:09 [5936] INFO  AutomationFramework - Clicking element: tabNotes
2026-06-01 15:17:11 [5936] INFO  AutomationFramework - [OK] Click successful: tabNotes
2026-06-01 15:17:11 [5936] INFO  AutomationFramework - [OK] All note rows deleted
2026-06-01 15:17:12 [5936] INFO  AutomationFramework - Save confirmation dialog appeared -- confirming
2026-06-01 15:17:12 [5936] INFO  AutomationFramework - [OK] Save complete (btnSaveNotes)
2026-06-01 15:17:12 [5936] INFO  AutomationFramework - Clicking element: tabNotes
2026-06-01 15:17:14 [5936] INFO  AutomationFramework - [OK] Click successful: tabNotes
2026-06-01 15:17:14 [5936] INFO  AutomationFramework - [OK] Notes ensured empty (DB clean)
  ok 265 [encore-locations] › specs\locations\location-notes.spec.ts:458:7 › Location Notes — FCC @locations @notes @fcc › TC-LOC-NTS-054: Save → Cancel → edit → Save → Ok → final value persists (9.9s)
2026-06-01 15:17:14 [5936] INFO  AutomationFramework - LocationNotesPage initialized
2026-06-01 15:17:15 [5936] INFO  AutomationFramework - Clicking element: tabNotes
2026-06-01 15:17:16 [5936] INFO  AutomationFramework - [OK] Click successful: tabNotes
2026-06-01 15:17:16 [5936] INFO  AutomationFramework - [OK] Notes ensured empty (DB clean)
2026-06-01 15:17:16 [5936] INFO  AutomationFramework - Clicking element: btnNotesAdd
2026-06-01 15:17:17 [5936] INFO  AutomationFramework - [OK] Click successful: btnNotesAdd
2026-06-01 15:17:17 [5936] INFO  AutomationFramework - [OK] Filled note row 0 with 15 chars
2026-06-01 15:17:17 [5936] INFO  AutomationFramework - Clicking element: btnSaveNotes
2026-06-01 15:17:17 [5936] INFO  AutomationFramework - [OK] Click successful: btnSaveNotes
2026-06-01 15:17:19 [5936] INFO  AutomationFramework - [OK] Tab active: tabNotes
2026-06-01 15:17:20 [5936] INFO  AutomationFramework - Clicking element: tabNotes
2026-06-01 15:17:22 [5936] INFO  AutomationFramework - [OK] Click successful: tabNotes
2026-06-01 15:17:22 [5936] INFO  AutomationFramework - [OK] Notes ensured empty (DB clean)
  ok 266 [encore-locations] › specs\locations\location-notes.spec.ts:475:7 › Location Notes — FCC @locations @notes @fcc › TC-LOC-NTS-055: Save → dialog opens → reload page mid-dialog → no persist, no error (7.8s)
2026-06-01 15:17:22 [5936] INFO  AutomationFramework - LocationNotesPage initialized
2026-06-01 15:17:23 [5936] INFO  AutomationFramework - Clicking element: tabNotes
2026-06-01 15:17:24 [5936] INFO  AutomationFramework - [OK] Click successful: tabNotes
2026-06-01 15:17:24 [5936] INFO  AutomationFramework - [OK] Notes ensured empty (DB clean)
2026-06-01 15:17:24 [5936] INFO  AutomationFramework - Clicking element: btnNotesAdd
2026-06-01 15:17:24 [5936] INFO  AutomationFramework - [OK] Click successful: btnNotesAdd
2026-06-01 15:17:24 [5936] INFO  AutomationFramework - [OK] Filled note row 0 with 11 chars
2026-06-01 15:17:24 [5936] INFO  AutomationFramework - Clicking element: btnSaveNotes
2026-06-01 15:17:24 [5936] INFO  AutomationFramework - [OK] Click successful: btnSaveNotes
2026-06-01 15:17:24 [5936] INFO  AutomationFramework - [fixture] Auto-accepting beforeunload dialog
2026-06-01 15:17:25 [5936] INFO  AutomationFramework - Clicking element: tabNotes
2026-06-01 15:17:26 [5936] INFO  AutomationFramework - [OK] Click successful: tabNotes
  ok 267 [encore-locations] › specs\locations\location-notes.spec.ts:498:7 › Location Notes — FCC @locations @notes @fcc › TC-LOC-NTS-056: Save → Escape on dialog → dialog closes, dirty preserved, no persist (4.7s)
2026-06-01 15:17:26 [5936] INFO  AutomationFramework - LocationNotesPage initialized
2026-06-01 15:17:27 [5936] INFO  AutomationFramework - Clicking element: tabNotes
2026-06-01 15:17:29 [5936] INFO  AutomationFramework - [OK] Click successful: tabNotes
2026-06-01 15:17:29 [5936] INFO  AutomationFramework - [OK] Notes ensured empty (DB clean)
2026-06-01 15:17:29 [5936] INFO  AutomationFramework - Clicking element: btnNotesAdd
2026-06-01 15:17:30 [5936] INFO  AutomationFramework - [OK] Click successful: btnNotesAdd
2026-06-01 15:17:30 [5936] INFO  AutomationFramework - [OK] Filled note row 0 with 11 chars
2026-06-01 15:17:30 [5936] INFO  AutomationFramework - Clicking element: btnSaveNotes
2026-06-01 15:17:30 [5936] INFO  AutomationFramework - [OK] Click successful: btnSaveNotes
2026-06-01 15:17:30 [5936] INFO  AutomationFramework - [fixture] Auto-accepting beforeunload dialog
2026-06-01 15:17:31 [5936] INFO  AutomationFramework - Clicking element: tabNotes
2026-06-01 15:17:32 [5936] INFO  AutomationFramework - [OK] Click successful: tabNotes
  ok 268 [encore-locations] › specs\locations\location-notes.spec.ts:521:7 › Location Notes — FCC @locations @notes @fcc › TC-LOC-NTS-057: Save → click outside dialog → observe behavior (verify whether dialog dismisses or stays) (6.0s)
2026-06-01 15:17:32 [5936] INFO  AutomationFramework - LocationNotesPage initialized
2026-06-01 15:17:34 [5936] INFO  AutomationFramework - Clicking element: tabNotes
2026-06-01 15:17:35 [5936] INFO  AutomationFramework - [OK] Click successful: tabNotes
2026-06-01 15:17:35 [5936] INFO  AutomationFramework - [OK] Notes ensured empty (DB clean)
2026-06-01 15:17:35 [5936] INFO  AutomationFramework - Clicking element: btnNotesAdd
2026-06-01 15:17:36 [5936] INFO  AutomationFramework - [OK] Click successful: btnNotesAdd
2026-06-01 15:17:36 [5936] INFO  AutomationFramework - [OK] Filled note row 0 with 15 chars
2026-06-01 15:17:36 [5936] INFO  AutomationFramework - Save confirmation dialog appeared -- confirming
2026-06-01 15:17:37 [5936] INFO  AutomationFramework - [OK] Save complete (btnSaveNotes)
2026-06-01 15:17:38 [5936] INFO  AutomationFramework - [OK] All note rows deleted
2026-06-01 15:17:38 [5936] INFO  AutomationFramework - Save confirmation dialog appeared -- confirming
2026-06-01 15:17:40 [5936] INFO  AutomationFramework - [OK] Save complete (btnSaveNotes)
2026-06-01 15:17:40 [5936] INFO  AutomationFramework - Clicking element: tabNotes
2026-06-01 15:17:42 [5936] INFO  AutomationFramework - [OK] Click successful: tabNotes
2026-06-01 15:17:42 [5936] INFO  AutomationFramework - [OK] Notes ensured empty (DB clean)
  ok 269 [encore-locations] › specs\locations\location-notes.spec.ts:550:7 › Location Notes — FCC @locations @notes @fcc › TC-LOC-NTS-058: Idempotent save — pristine form Save stays disabled, second-save fires no API call (9.7s)
2026-06-01 15:17:42 [5936] INFO  AutomationFramework - LocationNotesPage initialized
2026-06-01 15:17:43 [5936] INFO  AutomationFramework - Clicking element: tabNotes
2026-06-01 15:17:45 [5936] INFO  AutomationFramework - [OK] Click successful: tabNotes
2026-06-01 15:17:45 [5936] INFO  AutomationFramework - [OK] Notes ensured empty (DB clean)
2026-06-01 15:17:45 [5936] INFO  AutomationFramework - Clicking element: btnNotesAdd
2026-06-01 15:17:45 [5936] INFO  AutomationFramework - [OK] Click successful: btnNotesAdd
2026-06-01 15:17:45 [5936] INFO  AutomationFramework - [OK] Filled note row 0 with 10 chars
2026-06-01 15:17:45 [5936] INFO  AutomationFramework - Save confirmation dialog appeared -- confirming
2026-06-01 15:17:45 [5936] INFO  AutomationFramework - [OK] Save complete (btnSaveNotes)
2026-06-01 15:17:46 [5936] INFO  AutomationFramework - Clicking element: tabNotes
2026-06-01 15:17:48 [5936] INFO  AutomationFramework - [OK] Click successful: tabNotes
  x  270 [encore-locations] › specs\locations\location-notes.spec.ts:599:7 › Location Notes — FCC @locations @notes @fcc › TC-LOC-NTS-059: Sequential save persists most recent value (HIST row verification deferred to HIST spec) (15.7s)
2026-06-01 15:18:00 [31496] INFO  AutomationFramework - Loading credentials from env source
2026-06-01 15:18:00 [31496] INFO  AutomationFramework - [OK] Credentials loaded for: s-prd-clickauto@psav.com
2026-06-01 15:18:07 [31496] INFO  AutomationFramework - [OK] Authenticated session ready via shared storageState
2026-06-01 15:18:07 [31496] INFO  AutomationFramework - LocationNotesPage initialized
2026-06-01 15:18:07 [31496] INFO  AutomationFramework - Navigating to locations/1604/settings/location
2026-06-01 15:18:07 [31496] INFO  AutomationFramework - Navigating to: https://cloudapps-e2e.encoreglobal.com/navigator/locations/1604/settings/location
2026-06-01 15:18:08 [31496] INFO  AutomationFramework - [OK] Navigation successful: https://cloudapps-e2e.encoreglobal.com/navigator/locations/1604/settings/location
2026-06-01 15:18:10 [31496] INFO  AutomationFramework - [OK] Tab active: tabNotes
2026-06-01 15:18:12 [31496] INFO  AutomationFramework - Clicking element: tabNotes
2026-06-01 15:18:13 [31496] INFO  AutomationFramework - [OK] Click successful: tabNotes
2026-06-01 15:18:13 [31496] INFO  AutomationFramework - [OK] Notes ensured empty (DB clean)
2026-06-01 15:18:13 [31496] INFO  AutomationFramework - Clicking element: btnNotesAdd
2026-06-01 15:18:13 [31496] INFO  AutomationFramework - [OK] Click successful: btnNotesAdd
2026-06-01 15:18:13 [31496] INFO  AutomationFramework - [OK] Filled note row 0 with 10 chars
2026-06-01 15:18:14 [31496] INFO  AutomationFramework - Save confirmation dialog appeared -- confirming
2026-06-01 15:18:14 [31496] INFO  AutomationFramework - [OK] Save complete (btnSaveNotes)
2026-06-01 15:18:15 [31496] INFO  AutomationFramework - Clicking element: tabNotes
2026-06-01 15:18:17 [31496] INFO  AutomationFramework - [OK] Click successful: tabNotes
2026-06-01 15:18:17 [31496] INFO  AutomationFramework - [OK] Filled note row 0 with 10 chars
2026-06-01 15:18:17 [31496] INFO  AutomationFramework - Save confirmation dialog appeared -- confirming
2026-06-01 15:18:17 [31496] INFO  AutomationFramework - [OK] Save complete (btnSaveNotes)
2026-06-01 15:18:18 [31496] INFO  AutomationFramework - Clicking element: tabNotes
2026-06-01 15:18:19 [31496] INFO  AutomationFramework - [OK] Click successful: tabNotes
2026-06-01 15:18:20 [31496] INFO  AutomationFramework - [OK] All note rows deleted
2026-06-01 15:18:20 [31496] INFO  AutomationFramework - Save confirmation dialog appeared -- confirming
2026-06-01 15:18:21 [31496] INFO  AutomationFramework - [OK] Save complete (btnSaveNotes)
2026-06-01 15:18:21 [31496] INFO  AutomationFramework - Clicking element: tabNotes
2026-06-01 15:18:23 [31496] INFO  AutomationFramework - [OK] Click successful: tabNotes
2026-06-01 15:18:23 [31496] INFO  AutomationFramework - [OK] Notes ensured empty (DB clean)
  ok 271 [encore-locations] › specs\locations\location-notes.spec.ts:599:7 › Location Notes — FCC @locations @notes @fcc › TC-LOC-NTS-059: Sequential save persists most recent value (HIST row verification deferred to HIST spec) (retry #1) (15.9s)
2026-06-01 15:18:23 [31496] INFO  AutomationFramework - LocationNotesPage initialized
2026-06-01 15:18:25 [31496] INFO  AutomationFramework - Clicking element: tabNotes
2026-06-01 15:18:26 [31496] INFO  AutomationFramework - [OK] Click successful: tabNotes
2026-06-01 15:18:26 [31496] INFO  AutomationFramework - [OK] Notes ensured empty (DB clean)
2026-06-01 15:18:26 [31496] INFO  AutomationFramework - Clicking element: btnNotesAdd
2026-06-01 15:18:26 [31496] INFO  AutomationFramework - [OK] Click successful: btnNotesAdd
2026-06-01 15:18:26 [31496] INFO  AutomationFramework - [OK] Filled note row 0 with 1 chars
2026-06-01 15:18:26 [31496] INFO  AutomationFramework - Save confirmation dialog appeared -- confirming
2026-06-01 15:18:27 [31496] INFO  AutomationFramework - [OK] Save complete (btnSaveNotes)
2026-06-01 15:18:27 [31496] INFO  AutomationFramework - [OK] Tab active: tabNotes
2026-06-01 15:18:28 [31496] INFO  AutomationFramework - [OK] All note rows deleted
2026-06-01 15:18:28 [31496] INFO  AutomationFramework - Save confirmation dialog appeared -- confirming
2026-06-01 15:18:28 [31496] INFO  AutomationFramework - [OK] Save complete (btnSaveNotes)
2026-06-01 15:18:29 [31496] INFO  AutomationFramework - Clicking element: tabNotes
2026-06-01 15:18:30 [31496] INFO  AutomationFramework - [OK] Click successful: tabNotes
2026-06-01 15:18:30 [31496] INFO  AutomationFramework - [OK] Notes ensured empty (DB clean)
  ok 272 [encore-locations] › specs\locations\location-notes.spec.ts:617:7 › Location Notes — FCC @locations @notes @fcc › TC-LOC-NTS-060: Save Notes → switch to Currency tab — Currency NOT dirty (cross-tab isolation) (7.7s)
2026-06-01 15:18:30 [31496] INFO  AutomationFramework - LocationNotesPage initialized
2026-06-01 15:18:31 [31496] INFO  AutomationFramework - Clicking element: tabNotes
2026-06-01 15:18:33 [31496] INFO  AutomationFramework - [OK] Click successful: tabNotes
2026-06-01 15:18:33 [31496] INFO  AutomationFramework - [OK] Notes ensured empty (DB clean)
2026-06-01 15:18:33 [31496] INFO  AutomationFramework - Clicking element: btnNotesAdd
2026-06-01 15:18:33 [31496] INFO  AutomationFramework - [OK] Click successful: btnNotesAdd
2026-06-01 15:18:33 [31496] INFO  AutomationFramework - [OK] Filled note row 0 with 15 chars
2026-06-01 15:18:33 [31496] INFO  AutomationFramework - Save confirmation dialog appeared -- confirming
2026-06-01 15:18:34 [31496] INFO  AutomationFramework - [OK] Save complete (btnSaveNotes)
2026-06-01 15:18:35 [31496] INFO  AutomationFramework - Clicking element: tabNotes
2026-06-01 15:18:37 [31496] INFO  AutomationFramework - [OK] Click successful: tabNotes
2026-06-01 15:18:37 [31496] INFO  AutomationFramework - [OK] All note rows deleted
2026-06-01 15:18:38 [31496] INFO  AutomationFramework - Save confirmation dialog appeared -- confirming
2026-06-01 15:18:39 [31496] INFO  AutomationFramework - [OK] Save complete (btnSaveNotes)
2026-06-01 15:18:40 [31496] INFO  AutomationFramework - Clicking element: tabNotes
2026-06-01 15:18:41 [31496] INFO  AutomationFramework - [OK] Click successful: tabNotes
2026-06-01 15:18:41 [31496] INFO  AutomationFramework - [OK] Notes ensured empty (DB clean)
  ok 273 [encore-locations] › specs\locations\location-notes.spec.ts:641:7 › Location Notes — FCC @locations @notes @fcc › TC-LOC-NTS-061: Post-save row content check (assert content, not count per LR-053) (10.9s)
2026-06-01 15:18:41 [31496] INFO  AutomationFramework - LocationNotesPage initialized
2026-06-01 15:18:41 [31496] INFO  AutomationFramework - [OK] Tab active: tabNotes
2026-06-01 15:18:42 [31496] INFO  AutomationFramework - Clicking element: tabNotes
2026-06-01 15:18:44 [31496] INFO  AutomationFramework - [OK] Click successful: tabNotes
2026-06-01 15:18:44 [31496] INFO  AutomationFramework - [OK] Notes ensured empty (DB clean)
  ok 274 [encore-locations] › specs\locations\location-notes.spec.ts:674:7 › Location Notes @locations @notes › TC-LOC-NTS-001: Verify Notes tab default empty state (2.7s)
2026-06-01 15:18:44 [31496] INFO  AutomationFramework - LocationNotesPage initialized
2026-06-01 15:18:44 [31496] INFO  AutomationFramework - Clicking element: btnNotesAdd
2026-06-01 15:18:44 [31496] INFO  AutomationFramework - [OK] Click successful: btnNotesAdd
2026-06-01 15:18:44 [31496] INFO  AutomationFramework - [OK] Filled note row 0 with 25 chars
2026-06-01 15:18:44 [31496] INFO  AutomationFramework - [fixture] Auto-accepting beforeunload dialog
2026-06-01 15:18:45 [31496] INFO  AutomationFramework - Clicking element: tabNotes
2026-06-01 15:18:46 [31496] INFO  AutomationFramework - [OK] Click successful: tabNotes
  ok 275 [encore-locations] › specs\locations\location-notes.spec.ts:690:7 › Location Notes @locations @notes › TC-LOC-NTS-002: Type text in textarea and verify counter updates (2.2s)
2026-06-01 15:18:46 [31496] INFO  AutomationFramework - LocationNotesPage initialized
2026-06-01 15:18:46 [31496] INFO  AutomationFramework - Clicking element: btnNotesAdd
2026-06-01 15:18:46 [31496] INFO  AutomationFramework - [OK] Click successful: btnNotesAdd
2026-06-01 15:18:47 [31496] INFO  AutomationFramework - [OK] Filled note row 0 with 10 chars
2026-06-01 15:18:47 [31496] INFO  AutomationFramework - Clicking element: btnNotesAdd
2026-06-01 15:18:47 [31496] INFO  AutomationFramework - [OK] Click successful: btnNotesAdd
2026-06-01 15:18:47 [31496] INFO  AutomationFramework - [fixture] Auto-accepting beforeunload dialog
2026-06-01 15:18:48 [31496] INFO  AutomationFramework - Clicking element: tabNotes
2026-06-01 15:18:50 [31496] INFO  AutomationFramework - [OK] Click successful: tabNotes
  ok 276 [encore-locations] › specs\locations\location-notes.spec.ts:700:7 › Location Notes @locations @notes › TC-LOC-NTS-003: Add second note row and verify Delete button behavior (3.6s)
2026-06-01 15:18:50 [31496] INFO  AutomationFramework - LocationNotesPage initialized
2026-06-01 15:18:50 [31496] INFO  AutomationFramework - Clicking element: btnNotesAdd
2026-06-01 15:18:50 [31496] INFO  AutomationFramework - [OK] Click successful: btnNotesAdd
2026-06-01 15:18:50 [31496] INFO  AutomationFramework - [OK] Filled note row 0 with 5 chars
2026-06-01 15:18:50 [31496] INFO  AutomationFramework - Clicking element: btnNotesAdd
2026-06-01 15:18:50 [31496] INFO  AutomationFramework - [OK] Click successful: btnNotesAdd
2026-06-01 15:18:50 [31496] INFO  AutomationFramework - [OK] Filled note row 1 with 5 chars
2026-06-01 15:18:50 [31496] INFO  AutomationFramework - Clicking element: btnNotesAdd
2026-06-01 15:18:50 [31496] INFO  AutomationFramework - [OK] Click successful: btnNotesAdd
2026-06-01 15:18:50 [31496] INFO  AutomationFramework - [OK] Filled note row 2 with 3 chars
2026-06-01 15:18:50 [31496] INFO  AutomationFramework - [fixture] Auto-accepting beforeunload dialog
2026-06-01 15:18:51 [31496] INFO  AutomationFramework - Clicking element: tabNotes
2026-06-01 15:18:53 [31496] INFO  AutomationFramework - [OK] Click successful: tabNotes
  ok 277 [encore-locations] › specs\locations\location-notes.spec.ts:712:7 › Location Notes @locations @notes › TC-LOC-NTS-004: Multi-row counter includes delimiter per row boundary (3.3s)
2026-06-01 15:18:53 [31496] INFO  AutomationFramework - LocationNotesPage initialized
2026-06-01 15:18:53 [31496] INFO  AutomationFramework - Clicking element: btnNotesAdd
2026-06-01 15:18:53 [31496] INFO  AutomationFramework - [OK] Click successful: btnNotesAdd
2026-06-01 15:18:53 [31496] INFO  AutomationFramework - [OK] Filled note row 0 with 10 chars
2026-06-01 15:18:53 [31496] INFO  AutomationFramework - Clicking element: btnNotesAdd
2026-06-01 15:18:53 [31496] INFO  AutomationFramework - [OK] Click successful: btnNotesAdd
2026-06-01 15:18:53 [31496] INFO  AutomationFramework - [OK] Filled note row 1 with 11 chars
2026-06-01 15:18:53 [31496] INFO  AutomationFramework - [OK] Deleted note row 1
2026-06-01 15:18:54 [31496] INFO  AutomationFramework - [fixture] Auto-accepting beforeunload dialog
2026-06-01 15:18:54 [31496] INFO  AutomationFramework - Clicking element: tabNotes
2026-06-01 15:18:56 [31496] INFO  AutomationFramework - [OK] Click successful: tabNotes
  ok 278 [encore-locations] › specs\locations\location-notes.spec.ts:728:7 › Location Notes @locations @notes › TC-LOC-NTS-005: Delete a row and verify counter decreases (2.8s)
2026-06-01 15:18:56 [31496] INFO  AutomationFramework - LocationNotesPage initialized
2026-06-01 15:18:56 [31496] INFO  AutomationFramework - Clicking element: btnNotesAdd
2026-06-01 15:18:56 [31496] INFO  AutomationFramework - [OK] Click successful: btnNotesAdd
2026-06-01 15:18:56 [31496] INFO  AutomationFramework - [OK] Filled note row 0 with 40 chars
2026-06-01 15:18:56 [31496] INFO  AutomationFramework - [OK] Filled note row 0 with 2000 chars
2026-06-01 15:18:57 [31496] INFO  AutomationFramework - [fixture] Auto-accepting beforeunload dialog
2026-06-01 15:18:57 [31496] INFO  AutomationFramework - Clicking element: tabNotes
2026-06-01 15:18:58 [31496] INFO  AutomationFramework - [OK] Click successful: tabNotes
  ok 279 [encore-locations] › specs\locations\location-notes.spec.ts:740:7 › Location Notes @locations @notes › TC-LOC-NTS-006: Progress bar updates proportionally with character usage (2.5s)
2026-06-01 15:18:59 [31496] INFO  AutomationFramework - LocationNotesPage initialized
2026-06-01 15:18:59 [31496] INFO  AutomationFramework - Clicking element: btnNotesAdd
2026-06-01 15:18:59 [31496] INFO  AutomationFramework - [OK] Click successful: btnNotesAdd
2026-06-01 15:18:59 [31496] INFO  AutomationFramework - [OK] Filled note row 0 with 4000 chars
2026-06-01 15:18:59 [31496] INFO  AutomationFramework - [OK] Pasted 4001 chars into note row 0
2026-06-01 15:18:59 [31496] INFO  AutomationFramework - [fixture] Auto-accepting beforeunload dialog
2026-06-01 15:19:00 [31496] INFO  AutomationFramework - Clicking element: tabNotes
2026-06-01 15:19:02 [31496] INFO  AutomationFramework - [OK] Click successful: tabNotes
  ok 280 [encore-locations] › specs\locations\location-notes.spec.ts:750:7 › Location Notes @locations @notes › TC-LOC-NTS-007: Verify 4000 character limit (soft enforcement) (3.8s)
2026-06-01 15:19:02 [31496] INFO  AutomationFramework - LocationNotesPage initialized
2026-06-01 15:19:02 [31496] INFO  AutomationFramework - Clicking element: btnNotesAdd
2026-06-01 15:19:02 [31496] INFO  AutomationFramework - [OK] Click successful: btnNotesAdd
2026-06-01 15:19:02 [31496] INFO  AutomationFramework - [OK] Filled note row 0 with 18 chars
2026-06-01 15:19:02 [31496] INFO  AutomationFramework - Clicking element: btnSaveNotes
2026-06-01 15:19:03 [31496] INFO  AutomationFramework - [OK] Click successful: btnSaveNotes
2026-06-01 15:19:04 [31496] INFO  AutomationFramework - [OK] All note rows deleted
2026-06-01 15:19:06 [31496] INFO  AutomationFramework - [INFO] Save did not enable within 2s after delete — will reload for fresh form state
2026-06-01 15:19:06 [31496] INFO  AutomationFramework - [INFO] Save disabled after delete — reloading for fresh form state
2026-06-01 15:19:06 [31496] INFO  AutomationFramework - Clicking element: tabNotes
2026-06-01 15:19:07 [31496] INFO  AutomationFramework - [OK] Click successful: tabNotes
2026-06-01 15:19:08 [31496] INFO  AutomationFramework - [OK] All note rows deleted
2026-06-01 15:19:08 [31496] INFO  AutomationFramework - Save confirmation dialog appeared -- confirming
2026-06-01 15:19:09 [31496] INFO  AutomationFramework - [OK] Save complete (btnSaveNotes)
2026-06-01 15:19:09 [31496] INFO  AutomationFramework - Clicking element: tabNotes
2026-06-01 15:19:11 [31496] INFO  AutomationFramework - [OK] Click successful: tabNotes
2026-06-01 15:19:11 [31496] INFO  AutomationFramework - [OK] Notes ensured empty (DB clean)
  ok 281 [encore-locations] › specs\locations\location-notes.spec.ts:765:7 › Location Notes @locations @notes › TC-LOC-NTS-008: Save notes via left-panel Save button (8.6s)
2026-06-01 15:19:11 [31496] INFO  AutomationFramework - LocationNotesPage initialized
2026-06-01 15:19:11 [31496] INFO  AutomationFramework - Clicking element: btnNotesAdd
2026-06-01 15:19:11 [31496] INFO  AutomationFramework - [OK] Click successful: btnNotesAdd
2026-06-01 15:19:11 [31496] INFO  AutomationFramework - [OK] Filled note row 0 with 15 chars
2026-06-01 15:19:11 [31496] INFO  AutomationFramework - Save confirmation dialog appeared -- confirming
2026-06-01 15:19:12 [31496] INFO  AutomationFramework - [OK] Save complete (btnSaveNotes)
2026-06-01 15:19:12 [31496] INFO  AutomationFramework - Clicking element: tabNotes
2026-06-01 15:19:14 [31496] INFO  AutomationFramework - [OK] Click successful: tabNotes
2026-06-01 15:19:15 [31496] INFO  AutomationFramework - [OK] All note rows deleted
2026-06-01 15:19:15 [31496] INFO  AutomationFramework - Save confirmation dialog appeared -- confirming
2026-06-01 15:19:15 [31496] INFO  AutomationFramework - [OK] Save complete (btnSaveNotes)
2026-06-01 15:19:16 [31496] INFO  AutomationFramework - Clicking element: tabNotes
2026-06-01 15:19:18 [31496] INFO  AutomationFramework - [OK] Click successful: tabNotes
2026-06-01 15:19:18 [31496] INFO  AutomationFramework - [OK] Notes ensured empty (DB clean)
  ok 282 [encore-locations] › specs\locations\location-notes.spec.ts:778:7 › Location Notes @locations @notes › TC-LOC-NTS-009: Notes persist after page reload (6.7s)
2026-06-01 15:19:18 [31496] INFO  AutomationFramework - LocationNotesPage initialized
2026-06-01 15:19:18 [31496] INFO  AutomationFramework - Clicking element: btnNotesAdd
2026-06-01 15:19:18 [31496] INFO  AutomationFramework - [OK] Click successful: btnNotesAdd
2026-06-01 15:19:18 [31496] INFO  AutomationFramework - [OK] Filled note row 0 with 14 chars
2026-06-01 15:19:18 [31496] INFO  AutomationFramework - Clicking element: tabCurrency
2026-06-01 15:19:18 [31496] INFO  AutomationFramework - [OK] Click successful: tabCurrency
2026-06-01 15:19:18 [31496] INFO  AutomationFramework - Clicking element: tabNotes
2026-06-01 15:19:18 [31496] INFO  AutomationFramework - [OK] Click successful: tabNotes
2026-06-01 15:19:18 [31496] INFO  AutomationFramework - [fixture] Auto-accepting beforeunload dialog
2026-06-01 15:19:19 [31496] INFO  AutomationFramework - Clicking element: tabNotes
2026-06-01 15:19:20 [31496] INFO  AutomationFramework - [OK] Click successful: tabNotes
  ok 283 [encore-locations] › specs\locations\location-notes.spec.ts:791:7 › Location Notes @locations @notes › TC-LOC-NTS-010: Tab switch preserves unsaved notes (2.7s)
2026-06-01 15:19:20 [31496] INFO  AutomationFramework - LocationNotesPage initialized
2026-06-01 15:19:20 [31496] INFO  AutomationFramework - Clicking element: btnNotesAdd
2026-06-01 15:19:20 [31496] INFO  AutomationFramework - [OK] Click successful: btnNotesAdd
2026-06-01 15:19:20 [31496] INFO  AutomationFramework - [OK] Filled note row 0 with 12 chars
2026-06-01 15:19:20 [31496] INFO  AutomationFramework - [fixture] beforeunload dialog deferred to test handler (skip flag set)
2026-06-01 15:19:21 [31496] INFO  AutomationFramework - [fixture] Auto-accepting beforeunload dialog
2026-06-01 15:19:22 [31496] INFO  AutomationFramework - Clicking element: tabNotes
2026-06-01 15:19:23 [31496] INFO  AutomationFramework - [OK] Click successful: tabNotes
  ok 284 [encore-locations] › specs\locations\location-notes.spec.ts:802:7 › Location Notes @locations @notes › TC-LOC-NTS-011: Navigation away triggers browser beforeunload dialog (3.2s)
2026-06-01 15:19:23 [31496] INFO  AutomationFramework - LocationNotesPage initialized
2026-06-01 15:19:23 [31496] INFO  AutomationFramework - Clicking element: btnNotesAdd
2026-06-01 15:19:24 [31496] INFO  AutomationFramework - [OK] Click successful: btnNotesAdd
2026-06-01 15:19:24 [31496] INFO  AutomationFramework - [OK] Filled note row 0 with 10 chars
2026-06-01 15:19:24 [31496] INFO  AutomationFramework - Save confirmation dialog appeared -- confirming
2026-06-01 15:19:24 [31496] INFO  AutomationFramework - [OK] Save complete (btnSaveNotes)
2026-06-01 15:19:25 [31496] INFO  AutomationFramework - [OK] All note rows deleted
2026-06-01 15:19:25 [31496] INFO  AutomationFramework - Save confirmation dialog appeared -- confirming
2026-06-01 15:19:27 [31496] INFO  AutomationFramework - [OK] Save complete (btnSaveNotes)
2026-06-01 15:19:27 [31496] INFO  AutomationFramework - Clicking element: tabNotes
2026-06-01 15:19:29 [31496] INFO  AutomationFramework - [OK] Click successful: tabNotes
2026-06-01 15:19:29 [31496] INFO  AutomationFramework - [OK] Notes ensured empty (DB clean)
2026-06-01 15:19:30 [31496] INFO  AutomationFramework - Clicking element: tabNotes
2026-06-01 15:19:32 [31496] INFO  AutomationFramework - [OK] Click successful: tabNotes
  ok 285 [encore-locations] › specs\locations\location-notes.spec.ts:812:7 › Location Notes @locations @notes › TC-LOC-NTS-012: Delete all notes and save empty state (8.5s)
2026-06-01 15:19:32 [31496] INFO  AutomationFramework - LocationNotesPage initialized
2026-06-01 15:19:33 [31496] INFO  AutomationFramework - Clicking element: tabNotes
2026-06-01 15:19:35 [31496] INFO  AutomationFramework - [OK] Click successful: tabNotes
2026-06-01 15:19:35 [31496] INFO  AutomationFramework - [OK] Notes ensured empty (DB clean)
2026-06-01 15:19:35 [31496] INFO  AutomationFramework - Clicking element: btnNotesAdd
2026-06-01 15:19:35 [31496] INFO  AutomationFramework - [OK] Click successful: btnNotesAdd
2026-06-01 15:19:35 [31496] INFO  AutomationFramework - [OK] Filled note row 0 with 26 chars
2026-06-01 15:19:35 [31496] INFO  AutomationFramework - Save confirmation dialog appeared -- confirming
2026-06-01 15:19:36 [31496] INFO  AutomationFramework - [OK] Save complete (btnSaveNotes)
2026-06-01 15:19:36 [31496] INFO  AutomationFramework - Clicking element: tabNotes
2026-06-01 15:19:38 [31496] INFO  AutomationFramework - [OK] Click successful: tabNotes
2026-06-01 15:19:38 [31496] INFO  AutomationFramework - [OK] All note rows deleted
2026-06-01 15:19:38 [31496] INFO  AutomationFramework - Save confirmation dialog appeared -- confirming
2026-06-01 15:19:39 [31496] INFO  AutomationFramework - [OK] Save complete (btnSaveNotes)
2026-06-01 15:19:40 [31496] INFO  AutomationFramework - Clicking element: tabNotes
2026-06-01 15:19:41 [31496] INFO  AutomationFramework - [OK] Click successful: tabNotes
2026-06-01 15:19:41 [31496] INFO  AutomationFramework - [OK] Notes ensured empty (DB clean)
  ok 286 [encore-locations] › specs\locations\location-notes.spec.ts:826:9 › Location Notes @locations @notes › TC-LOC-NTS-013: Special/HTML characters stored correctly (9.0s)
2026-06-01 15:19:41 [31496] INFO  AutomationFramework - LocationNotesPage initialized
2026-06-01 15:19:42 [31496] INFO  AutomationFramework - Clicking element: tabNotes
2026-06-01 15:19:44 [31496] INFO  AutomationFramework - [OK] Click successful: tabNotes
2026-06-01 15:19:44 [31496] INFO  AutomationFramework - [OK] Notes ensured empty (DB clean)
2026-06-01 15:19:44 [31496] INFO  AutomationFramework - Clicking element: btnNotesAdd
2026-06-01 15:19:44 [31496] INFO  AutomationFramework - [OK] Click successful: btnNotesAdd
2026-06-01 15:19:44 [31496] INFO  AutomationFramework - [OK] Filled note row 0 with 25 chars
2026-06-01 15:19:44 [31496] INFO  AutomationFramework - Save confirmation dialog appeared -- confirming
2026-06-01 15:19:44 [31496] INFO  AutomationFramework - [OK] Save complete (btnSaveNotes)
2026-06-01 15:19:45 [31496] INFO  AutomationFramework - Clicking element: tabNotes
2026-06-01 15:19:47 [31496] INFO  AutomationFramework - [OK] Click successful: tabNotes
2026-06-01 15:19:47 [31496] INFO  AutomationFramework - [OK] All note rows deleted
2026-06-01 15:19:48 [31496] INFO  AutomationFramework - Save confirmation dialog appeared -- confirming
2026-06-01 15:19:49 [31496] INFO  AutomationFramework - [OK] Save complete (btnSaveNotes)
2026-06-01 15:19:50 [31496] INFO  AutomationFramework - Clicking element: tabNotes
2026-06-01 15:19:52 [31496] INFO  AutomationFramework - [OK] Click successful: tabNotes
2026-06-01 15:19:52 [31496] INFO  AutomationFramework - [OK] Notes ensured empty (DB clean)
  ok 287 [encore-locations] › specs\locations\location-notes.spec.ts:826:9 › Location Notes @locations @notes › TC-LOC-NTS-018: XSS payload stored as text (11.1s)
2026-06-01 15:19:52 [31496] INFO  AutomationFramework - LocationNotesPage initialized
2026-06-01 15:19:53 [31496] INFO  AutomationFramework - Clicking element: tabNotes
2026-06-01 15:19:55 [31496] INFO  AutomationFramework - [OK] Click successful: tabNotes
2026-06-01 15:19:55 [31496] INFO  AutomationFramework - [OK] Notes ensured empty (DB clean)
2026-06-01 15:19:55 [31496] INFO  AutomationFramework - Clicking element: btnNotesAdd
2026-06-01 15:19:55 [31496] INFO  AutomationFramework - [OK] Click successful: btnNotesAdd
2026-06-01 15:19:55 [31496] INFO  AutomationFramework - [OK] Filled note row 0 with 23 chars
2026-06-01 15:19:55 [31496] INFO  AutomationFramework - Save confirmation dialog appeared -- confirming
2026-06-01 15:19:56 [31496] INFO  AutomationFramework - [OK] Save complete (btnSaveNotes)
2026-06-01 15:19:57 [31496] INFO  AutomationFramework - Clicking element: tabNotes
2026-06-01 15:19:59 [31496] INFO  AutomationFramework - [OK] Click successful: tabNotes
2026-06-01 15:19:59 [31496] INFO  AutomationFramework - [OK] All note rows deleted
2026-06-01 15:20:00 [31496] INFO  AutomationFramework - Save confirmation dialog appeared -- confirming
2026-06-01 15:20:00 [31496] INFO  AutomationFramework - [OK] Save complete (btnSaveNotes)
2026-06-01 15:20:02 [31496] INFO  AutomationFramework - Clicking element: tabNotes
2026-06-01 15:20:03 [31496] INFO  AutomationFramework - [OK] Click successful: tabNotes
2026-06-01 15:20:03 [31496] INFO  AutomationFramework - [OK] Notes ensured empty (DB clean)
  ok 288 [encore-locations] › specs\locations\location-notes.spec.ts:826:9 › Location Notes @locations @notes › TC-LOC-NTS-019: SQL injection stored as text (11.2s)
2026-06-01 15:20:03 [31496] INFO  AutomationFramework - LocationNotesPage initialized
2026-06-01 15:20:04 [31496] INFO  AutomationFramework - Clicking element: tabNotes
2026-06-01 15:20:06 [31496] INFO  AutomationFramework - [OK] Click successful: tabNotes
2026-06-01 15:20:06 [31496] INFO  AutomationFramework - [OK] Notes ensured empty (DB clean)
2026-06-01 15:20:06 [31496] INFO  AutomationFramework - Clicking element: btnNotesAdd
2026-06-01 15:20:06 [31496] INFO  AutomationFramework - [OK] Click successful: btnNotesAdd
2026-06-01 15:20:07 [31496] INFO  AutomationFramework - [OK] Filled note row 0 with 17 chars
2026-06-01 15:20:07 [31496] INFO  AutomationFramework - Save confirmation dialog appeared -- confirming
2026-06-01 15:20:07 [31496] INFO  AutomationFramework - [OK] Save complete (btnSaveNotes)
2026-06-01 15:20:08 [31496] INFO  AutomationFramework - Clicking element: tabNotes
2026-06-01 15:20:09 [31496] INFO  AutomationFramework - [OK] Click successful: tabNotes
2026-06-01 15:20:10 [31496] INFO  AutomationFramework - [OK] All note rows deleted
2026-06-01 15:20:10 [31496] INFO  AutomationFramework - Save confirmation dialog appeared -- confirming
2026-06-01 15:20:11 [31496] INFO  AutomationFramework - [OK] Save complete (btnSaveNotes)
2026-06-01 15:20:11 [31496] INFO  AutomationFramework - Clicking element: tabNotes
2026-06-01 15:20:13 [31496] INFO  AutomationFramework - [OK] Click successful: tabNotes
2026-06-01 15:20:13 [31496] INFO  AutomationFramework - [OK] Notes ensured empty (DB clean)
  ok 289 [encore-locations] › specs\locations\location-notes.spec.ts:826:9 › Location Notes @locations @notes › TC-LOC-NTS-020: Emoji and unicode preserved (9.5s)
2026-06-01 15:20:13 [31496] INFO  AutomationFramework - LocationNotesPage initialized
2026-06-01 15:20:13 [31496] INFO  AutomationFramework - Clicking element: btnNotesAdd
2026-06-01 15:20:13 [31496] INFO  AutomationFramework - [OK] Click successful: btnNotesAdd
2026-06-01 15:20:13 [31496] INFO  AutomationFramework - Clicking element: btnNotesAdd
2026-06-01 15:20:13 [31496] INFO  AutomationFramework - [OK] Click successful: btnNotesAdd
2026-06-01 15:20:13 [31496] INFO  AutomationFramework - Clicking element: btnNotesAdd
2026-06-01 15:20:13 [31496] INFO  AutomationFramework - [OK] Click successful: btnNotesAdd
2026-06-01 15:20:13 [31496] INFO  AutomationFramework - [OK] Filled note row 0 with 5 chars
2026-06-01 15:20:13 [31496] INFO  AutomationFramework - [OK] Filled note row 1 with 5 chars
2026-06-01 15:20:13 [31496] INFO  AutomationFramework - [OK] Filled note row 2 with 5 chars
2026-06-01 15:20:13 [31496] INFO  AutomationFramework - [fixture] Auto-accepting beforeunload dialog
2026-06-01 15:20:14 [31496] INFO  AutomationFramework - Clicking element: tabNotes
2026-06-01 15:20:16 [31496] INFO  AutomationFramework - [OK] Click successful: tabNotes
  ok 290 [encore-locations] › specs\locations\location-notes.spec.ts:842:7 › Location Notes @locations @notes › TC-LOC-NTS-014: Add multiple rows and verify sequential positions (3.0s)
2026-06-01 15:20:16 [31496] INFO  AutomationFramework - LocationNotesPage initialized
2026-06-01 15:20:16 [31496] INFO  AutomationFramework - Clicking element: btnNotesAdd
2026-06-01 15:20:16 [31496] INFO  AutomationFramework - [OK] Click successful: btnNotesAdd
2026-06-01 15:20:16 [31496] INFO  AutomationFramework - [OK] Filled note row 0 with 5 chars
2026-06-01 15:20:16 [31496] INFO  AutomationFramework - Clicking element: btnNotesAdd
2026-06-01 15:20:16 [31496] INFO  AutomationFramework - [OK] Click successful: btnNotesAdd
2026-06-01 15:20:16 [31496] INFO  AutomationFramework - [OK] Filled note row 1 with 5 chars
2026-06-01 15:20:16 [31496] INFO  AutomationFramework - Clicking element: btnNotesAdd
2026-06-01 15:20:16 [31496] INFO  AutomationFramework - [OK] Click successful: btnNotesAdd
2026-06-01 15:20:16 [31496] INFO  AutomationFramework - [OK] Filled note row 2 with 5 chars
2026-06-01 15:20:16 [31496] INFO  AutomationFramework - [OK] Deleted note row 1
2026-06-01 15:20:17 [31496] INFO  AutomationFramework - [fixture] Auto-accepting beforeunload dialog
2026-06-01 15:20:17 [31496] INFO  AutomationFramework - Clicking element: tabNotes
2026-06-01 15:20:19 [31496] INFO  AutomationFramework - [OK] Click successful: tabNotes
  ok 291 [encore-locations] › specs\locations\location-notes.spec.ts:858:7 › Location Notes @locations @notes › TC-LOC-NTS-015: Delete middle row and verify remaining rows shift (2.7s)
2026-06-01 15:20:19 [31496] INFO  AutomationFramework - LocationNotesPage initialized
2026-06-01 15:20:21 [31496] INFO  AutomationFramework - Clicking element: tabNotes
2026-06-01 15:20:22 [31496] INFO  AutomationFramework - [OK] Click successful: tabNotes
2026-06-01 15:20:22 [31496] INFO  AutomationFramework - [OK] Notes ensured empty (DB clean)
2026-06-01 15:20:22 [31496] INFO  AutomationFramework - Clicking element: btnNotesAdd
2026-06-01 15:20:22 [31496] INFO  AutomationFramework - [OK] Click successful: btnNotesAdd
2026-06-01 15:20:22 [31496] INFO  AutomationFramework - [OK] Filled note row 0 with 1 chars
2026-06-01 15:20:22 [31496] INFO  AutomationFramework - [fixture] Auto-accepting beforeunload dialog
2026-06-01 15:20:23 [31496] INFO  AutomationFramework - Clicking element: tabNotes
2026-06-01 15:20:25 [31496] INFO  AutomationFramework - [OK] Click successful: tabNotes
  ok 292 [encore-locations] › specs\locations\location-notes.spec.ts:874:7 › Location Notes @locations @notes › TC-LOC-NTS-016: Row created via Add has Delete visible; typing keeps it (6.3s)
2026-06-01 15:20:25 [31496] INFO  AutomationFramework - LocationNotesPage initialized
2026-06-01 15:20:25 [31496] INFO  AutomationFramework - Clicking element: btnNotesAdd
2026-06-01 15:20:25 [31496] INFO  AutomationFramework - [OK] Click successful: btnNotesAdd
2026-06-01 15:20:25 [31496] INFO  AutomationFramework - [OK] Filled note row 0 with 10 chars
2026-06-01 15:20:25 [31496] INFO  AutomationFramework - [OK] Deleted note row 0
2026-06-01 15:20:25 [31496] INFO  AutomationFramework - [fixture] Auto-accepting beforeunload dialog
2026-06-01 15:20:26 [31496] INFO  AutomationFramework - Clicking element: tabNotes
2026-06-01 15:20:27 [31496] INFO  AutomationFramework - [OK] Click successful: tabNotes
  ok 293 [encore-locations] › specs\locations\location-notes.spec.ts:891:7 › Location Notes @locations @notes › TC-LOC-NTS-017: Delete last remaining row restores No Notes Available (2.2s)
2026-06-01 15:20:27 [31496] INFO  AutomationFramework - LocationNotesPage initialized
2026-06-01 15:20:27 [31496] INFO  AutomationFramework - Clicking element: btnNotesAdd
2026-06-01 15:20:27 [31496] INFO  AutomationFramework - [OK] Click successful: btnNotesAdd
2026-06-01 15:20:27 [31496] INFO  AutomationFramework - [OK] Pasted 4001 chars into note row 0
2026-06-01 15:20:27 [31496] INFO  AutomationFramework - [fixture] Auto-accepting beforeunload dialog
2026-06-01 15:20:29 [31496] INFO  AutomationFramework - Clicking element: tabNotes
2026-06-01 15:20:31 [31496] INFO  AutomationFramework - [OK] Click successful: tabNotes
  ok 294 [encore-locations] › specs\locations\location-notes.spec.ts:906:7 › Location Notes @locations @notes › TC-LOC-NTS-021: Paste exceeds 4000 char limit — counter shows overage (4.2s)
2026-06-01 15:20:31 [31496] INFO  AutomationFramework - LocationNotesPage initialized
2026-06-01 15:20:31 [31496] INFO  AutomationFramework - Clicking element: btnNotesAdd
2026-06-01 15:20:31 [31496] INFO  AutomationFramework - [OK] Click successful: btnNotesAdd
2026-06-01 15:20:32 [31496] INFO  AutomationFramework - [fixture] Auto-accepting beforeunload dialog
2026-06-01 15:20:32 [31496] INFO  AutomationFramework - Clicking element: tabNotes
2026-06-01 15:20:34 [31496] INFO  AutomationFramework - [OK] Click successful: tabNotes
  ok 295 [encore-locations] › specs\locations\location-notes.spec.ts:916:7 › Location Notes @locations @notes › TC-LOC-NTS-022: Accessibility — keyboard navigation (2.3s)
2026-06-01 15:20:34 [31496] INFO  AutomationFramework - LocationNotesPage initialized
2026-06-01 15:20:34 [31496] INFO  AutomationFramework - Clicking element: btnNotesAdd
2026-06-01 15:20:34 [31496] INFO  AutomationFramework - [OK] Click successful: btnNotesAdd
2026-06-01 15:20:34 [31496] INFO  AutomationFramework - [OK] Filled note row 0 with 20 chars
2026-06-01 15:20:34 [31496] INFO  AutomationFramework - Save confirmation dialog appeared -- confirming
2026-06-01 15:20:34 [31496] INFO  AutomationFramework - [OK] Save complete (btnSaveNotes)
2026-06-01 15:20:35 [31496] INFO  AutomationFramework - Clicking element: tabNotes
2026-06-01 15:20:36 [31496] INFO  AutomationFramework - [OK] Click successful: tabNotes
2026-06-01 15:20:37 [31496] INFO  AutomationFramework - [OK] All note rows deleted
2026-06-01 15:20:37 [31496] INFO  AutomationFramework - Save confirmation dialog appeared -- confirming
2026-06-01 15:20:38 [31496] INFO  AutomationFramework - [OK] Save complete (btnSaveNotes)
2026-06-01 15:20:38 [31496] INFO  AutomationFramework - Clicking element: tabNotes
2026-06-01 15:20:39 [31496] INFO  AutomationFramework - [OK] Click successful: tabNotes
2026-06-01 15:20:39 [31496] INFO  AutomationFramework - [OK] Notes ensured empty (DB clean)
2026-06-01 15:20:41 [31496] INFO  AutomationFramework - Clicking element: tabNotes
2026-06-01 15:20:43 [31496] INFO  AutomationFramework - [OK] Click successful: tabNotes
  ok 296 [encore-locations] › specs\locations\location-notes.spec.ts:930:7 › Location Notes @locations @notes › TC-LOC-NTS-023: Full lifecycle — add, save, reload, delete, save (9.5s)
2026-06-01 15:20:43 [31496] INFO  AutomationFramework - LocationNotesPage initialized
2026-06-01 15:20:44 [31496] INFO  AutomationFramework - Clicking element: tabNotes
2026-06-01 15:20:46 [31496] INFO  AutomationFramework - [OK] Click successful: tabNotes
2026-06-01 15:20:46 [31496] INFO  AutomationFramework - [OK] Notes ensured empty (DB clean)
2026-06-01 15:20:46 [31496] INFO  AutomationFramework - Clicking element: btnNotesAdd
2026-06-01 15:20:46 [31496] INFO  AutomationFramework - [OK] Click successful: btnNotesAdd
2026-06-01 15:20:46 [31496] INFO  AutomationFramework - [OK] Filled note row 0 with 9 chars
2026-06-01 15:20:46 [31496] INFO  AutomationFramework - Clicking element: btnNotesAdd
2026-06-01 15:20:46 [31496] INFO  AutomationFramework - [OK] Click successful: btnNotesAdd
2026-06-01 15:20:46 [31496] INFO  AutomationFramework - [OK] Filled note row 1 with 8 chars
2026-06-01 15:20:46 [31496] INFO  AutomationFramework - Clicking element: btnNotesAdd
2026-06-01 15:20:46 [31496] INFO  AutomationFramework - [OK] Click successful: btnNotesAdd
2026-06-01 15:20:46 [31496] INFO  AutomationFramework - [OK] Filled note row 2 with 9 chars
2026-06-01 15:20:46 [31496] INFO  AutomationFramework - Save confirmation dialog appeared -- confirming
2026-06-01 15:20:47 [31496] INFO  AutomationFramework - [OK] Save complete (btnSaveNotes)
2026-06-01 15:20:47 [31496] INFO  AutomationFramework - Clicking element: tabNotes
2026-06-01 15:20:49 [31496] INFO  AutomationFramework - [OK] Click successful: tabNotes
2026-06-01 15:20:50 [31496] INFO  AutomationFramework - [OK] All note rows deleted
2026-06-01 15:20:50 [31496] INFO  AutomationFramework - Save confirmation dialog appeared -- confirming
2026-06-01 15:20:50 [31496] INFO  AutomationFramework - [OK] Save complete (btnSaveNotes)
2026-06-01 15:20:51 [31496] INFO  AutomationFramework - Clicking element: tabNotes
2026-06-01 15:20:53 [31496] INFO  AutomationFramework - [OK] Click successful: tabNotes
2026-06-01 15:20:53 [31496] INFO  AutomationFramework - [OK] Notes ensured empty (DB clean)
  ok 297 [encore-locations] › specs\locations\location-notes.spec.ts:950:7 › Location Notes @locations @notes › TC-LOC-NTS-024: Multi-row persistence — 3 rows save+reload+verify (9.7s)
2026-06-01 15:20:53 [31496] INFO  AutomationFramework - LocationNotesPage initialized
2026-06-01 15:20:54 [31496] INFO  AutomationFramework - Clicking element: tabNotes
2026-06-01 15:20:56 [31496] INFO  AutomationFramework - [OK] Click successful: tabNotes
2026-06-01 15:20:56 [31496] INFO  AutomationFramework - [OK] Notes ensured empty (DB clean)
2026-06-01 15:20:56 [31496] INFO  AutomationFramework - Clicking element: btnNotesAdd
2026-06-01 15:20:56 [31496] INFO  AutomationFramework - [OK] Click successful: btnNotesAdd
2026-06-01 15:20:56 [31496] INFO  AutomationFramework - [OK] Filled note row 0 with 4000 chars
2026-06-01 15:20:56 [31496] INFO  AutomationFramework - Save confirmation dialog appeared -- confirming
2026-06-01 15:20:57 [31496] INFO  AutomationFramework - [OK] Save complete (btnSaveNotes)
2026-06-01 15:20:58 [31496] INFO  AutomationFramework - Clicking element: tabNotes
2026-06-01 15:21:00 [31496] INFO  AutomationFramework - [OK] Click successful: tabNotes
2026-06-01 15:21:01 [31496] INFO  AutomationFramework - [OK] All note rows deleted
2026-06-01 15:21:01 [31496] INFO  AutomationFramework - Save confirmation dialog appeared -- confirming
2026-06-01 15:21:02 [31496] INFO  AutomationFramework - [OK] Save complete (btnSaveNotes)
2026-06-01 15:21:02 [31496] INFO  AutomationFramework - Clicking element: tabNotes
2026-06-01 15:21:04 [31496] INFO  AutomationFramework - [OK] Click successful: tabNotes
2026-06-01 15:21:04 [31496] INFO  AutomationFramework - [OK] Notes ensured empty (DB clean)
  ok 298 [encore-locations] › specs\locations\location-notes.spec.ts:976:7 › Location Notes @locations @notes › TC-LOC-NTS-025: Boundary persistence — 4000 chars save+reload (11.4s)
2026-06-01 15:21:04 [31496] INFO  AutomationFramework - LocationNotesPage initialized
2026-06-01 15:21:06 [31496] INFO  AutomationFramework - Clicking element: tabNotes
2026-06-01 15:21:07 [31496] INFO  AutomationFramework - [OK] Click successful: tabNotes
2026-06-01 15:21:07 [31496] INFO  AutomationFramework - [OK] Notes ensured empty (DB clean)
2026-06-01 15:21:07 [31496] INFO  AutomationFramework - Clicking element: btnNotesAdd
2026-06-01 15:21:07 [31496] INFO  AutomationFramework - [OK] Click successful: btnNotesAdd
2026-06-01 15:21:07 [31496] INFO  AutomationFramework - [OK] Filled note row 0 with 10 chars
2026-06-01 15:21:07 [31496] INFO  AutomationFramework - Clicking element: btnNotesAdd
2026-06-01 15:21:07 [31496] INFO  AutomationFramework - [OK] Click successful: btnNotesAdd
2026-06-01 15:21:07 [31496] INFO  AutomationFramework - [OK] Filled note row 1 with 9 chars
2026-06-01 15:21:07 [31496] INFO  AutomationFramework - Clicking element: btnNotesAdd
2026-06-01 15:21:08 [31496] INFO  AutomationFramework - [OK] Click successful: btnNotesAdd
2026-06-01 15:21:08 [31496] INFO  AutomationFramework - [OK] Filled note row 2 with 9 chars
2026-06-01 15:21:08 [31496] INFO  AutomationFramework - [OK] Deleted note row 1
2026-06-01 15:21:08 [31496] INFO  AutomationFramework - Save confirmation dialog appeared -- confirming
2026-06-01 15:21:08 [31496] INFO  AutomationFramework - [OK] Save complete (btnSaveNotes)
2026-06-01 15:21:09 [31496] INFO  AutomationFramework - Clicking element: tabNotes
2026-06-01 15:21:11 [31496] INFO  AutomationFramework - [OK] Click successful: tabNotes
2026-06-01 15:21:12 [31496] INFO  AutomationFramework - [OK] All note rows deleted
2026-06-01 15:21:12 [31496] INFO  AutomationFramework - Save confirmation dialog appeared -- confirming
2026-06-01 15:21:13 [31496] INFO  AutomationFramework - [OK] Save complete (btnSaveNotes)
2026-06-01 15:21:13 [31496] INFO  AutomationFramework - Clicking element: tabNotes
2026-06-01 15:21:15 [31496] INFO  AutomationFramework - [OK] Click successful: tabNotes
2026-06-01 15:21:15 [31496] INFO  AutomationFramework - [OK] Notes ensured empty (DB clean)
  ok 299 [encore-locations] › specs\locations\location-notes.spec.ts:994:7 › Location Notes @locations @notes › TC-LOC-NTS-026: Partial deletion persistence — delete middle row, save, verify remaining (10.7s)
2026-06-01 15:21:15 [31496] INFO  AutomationFramework - LocationNotesPage initialized
2026-06-01 15:21:16 [31496] INFO  AutomationFramework - Clicking element: tabNotes
2026-06-01 15:21:18 [31496] INFO  AutomationFramework - [OK] Click successful: tabNotes
2026-06-01 15:21:18 [31496] INFO  AutomationFramework - [OK] Notes ensured empty (DB clean)
2026-06-01 15:21:18 [31496] INFO  AutomationFramework - Clicking element: btnNotesAdd
2026-06-01 15:21:18 [31496] INFO  AutomationFramework - [OK] Click successful: btnNotesAdd
2026-06-01 15:21:18 [31496] INFO  AutomationFramework - [OK] Filled note row 0 with 16 chars
2026-06-01 15:21:18 [31496] INFO  AutomationFramework - Clicking element: btnSaveNotes
2026-06-01 15:21:18 [31496] INFO  AutomationFramework - [OK] Click successful: btnSaveNotes
2026-06-01 15:21:18 [31496] INFO  AutomationFramework - [fixture] Auto-accepting beforeunload dialog
2026-06-01 15:21:20 [31496] INFO  AutomationFramework - Clicking element: tabNotes
2026-06-01 15:21:22 [31496] INFO  AutomationFramework - [OK] Click successful: tabNotes
  ok 300 [encore-locations] › specs\locations\location-notes.spec.ts:1021:7 › Location Notes @locations @notes › TC-LOC-NTS-027: Cancel save dialog — verify changes NOT persisted (6.6s)
2026-06-01 15:21:22 [31496] INFO  AutomationFramework - LocationNotesPage initialized
2026-06-01 15:21:23 [31496] INFO  AutomationFramework - Clicking element: tabNotes
2026-06-01 15:21:24 [31496] INFO  AutomationFramework - [OK] Click successful: tabNotes
2026-06-01 15:21:24 [31496] INFO  AutomationFramework - [OK] Notes ensured empty (DB clean)
2026-06-01 15:21:24 [31496] INFO  AutomationFramework - Clicking element: btnNotesAdd
2026-06-01 15:21:24 [31496] INFO  AutomationFramework - [OK] Click successful: btnNotesAdd
2026-06-01 15:21:24 [31496] INFO  AutomationFramework - [OK] Filled note row 0 with 12 chars
2026-06-01 15:21:24 [31496] INFO  AutomationFramework - Save confirmation dialog appeared -- confirming
2026-06-01 15:21:25 [31496] INFO  AutomationFramework - [OK] Save complete (btnSaveNotes)
2026-06-01 15:21:26 [31496] INFO  AutomationFramework - Clicking element: tabNotes
2026-06-01 15:21:28 [31496] INFO  AutomationFramework - [OK] Click successful: tabNotes
2026-06-01 15:21:28 [31496] INFO  AutomationFramework - Clicking element: btnNotesAdd
2026-06-01 15:21:28 [31496] INFO  AutomationFramework - [OK] Click successful: btnNotesAdd
2026-06-01 15:21:28 [31496] INFO  AutomationFramework - [OK] Filled note row 1 with 12 chars
2026-06-01 15:21:28 [31496] INFO  AutomationFramework - Save confirmation dialog appeared -- confirming
2026-06-01 15:21:29 [31496] INFO  AutomationFramework - [OK] Save complete (btnSaveNotes)
2026-06-01 15:21:30 [31496] INFO  AutomationFramework - Clicking element: tabNotes
2026-06-01 15:21:31 [31496] INFO  AutomationFramework - [OK] Click successful: tabNotes
2026-06-01 15:21:32 [31496] INFO  AutomationFramework - [OK] All note rows deleted
2026-06-01 15:21:32 [31496] INFO  AutomationFramework - Save confirmation dialog appeared -- confirming
2026-06-01 15:21:33 [31496] INFO  AutomationFramework - [OK] Save complete (btnSaveNotes)
2026-06-01 15:21:33 [31496] INFO  AutomationFramework - Clicking element: tabNotes
2026-06-01 15:21:35 [31496] INFO  AutomationFramework - [OK] Click successful: tabNotes
2026-06-01 15:21:35 [31496] INFO  AutomationFramework - [OK] Notes ensured empty (DB clean)
  ok 301 [encore-locations] › specs\locations\location-notes.spec.ts:1040:7 › Location Notes @locations @notes › TC-LOC-NTS-033: Sequential save — add second note with reload between saves, both persist (13.8s)
2026-06-01 15:21:35 [31496] INFO  AutomationFramework - LocationNotesPage initialized
2026-06-01 15:21:37 [31496] INFO  AutomationFramework - Clicking element: tabNotes
2026-06-01 15:21:38 [31496] INFO  AutomationFramework - [OK] Click successful: tabNotes
2026-06-01 15:21:38 [31496] INFO  AutomationFramework - [OK] Notes ensured empty (DB clean)
2026-06-01 15:21:38 [31496] INFO  AutomationFramework - Clicking element: btnNotesAdd
2026-06-01 15:21:38 [31496] INFO  AutomationFramework - [OK] Click successful: btnNotesAdd
2026-06-01 15:21:38 [31496] INFO  AutomationFramework - [OK] Filled note row 0 with 13 chars
2026-06-01 15:21:38 [31496] INFO  AutomationFramework - Save confirmation dialog appeared -- confirming
2026-06-01 15:21:39 [31496] INFO  AutomationFramework - [OK] Save complete (btnSaveNotes)
2026-06-01 15:21:39 [31496] INFO  AutomationFramework - Clicking element: tabNotes
2026-06-01 15:21:41 [31496] INFO  AutomationFramework - [OK] Click successful: tabNotes
2026-06-01 15:21:41 [31496] INFO  AutomationFramework - [OK] Filled note row 0 with 11 chars
2026-06-01 15:21:41 [31496] INFO  AutomationFramework - Save confirmation dialog appeared -- confirming
2026-06-01 15:21:42 [31496] INFO  AutomationFramework - [OK] Save complete (btnSaveNotes)
2026-06-01 15:21:42 [31496] INFO  AutomationFramework - Clicking element: tabNotes
2026-06-01 15:21:44 [31496] INFO  AutomationFramework - [OK] Click successful: tabNotes
2026-06-01 15:21:44 [31496] INFO  AutomationFramework - [OK] All note rows deleted
2026-06-01 15:21:44 [31496] INFO  AutomationFramework - Save confirmation dialog appeared -- confirming
2026-06-01 15:21:46 [31496] INFO  AutomationFramework - [OK] Save complete (btnSaveNotes)
2026-06-01 15:21:47 [31496] INFO  AutomationFramework - Clicking element: tabNotes
2026-06-01 15:21:48 [31496] INFO  AutomationFramework - [OK] Click successful: tabNotes
2026-06-01 15:21:48 [31496] INFO  AutomationFramework - [OK] Notes ensured empty (DB clean)
  ok 302 [encore-locations] › specs\locations\location-notes.spec.ts:1064:7 › Location Notes @locations @notes › TC-LOC-NTS-034: Edit existing saved note — overwritten text persists (13.0s)
2026-06-01 15:21:48 [31496] INFO  AutomationFramework - LocationNotesPage initialized
2026-06-01 15:21:50 [31496] INFO  AutomationFramework - Clicking element: tabNotes
2026-06-01 15:21:51 [31496] INFO  AutomationFramework - [OK] Click successful: tabNotes
2026-06-01 15:21:51 [31496] INFO  AutomationFramework - [OK] Notes ensured empty (DB clean)
2026-06-01 15:21:51 [31496] INFO  AutomationFramework - Clicking element: btnNotesAdd
2026-06-01 15:21:51 [31496] INFO  AutomationFramework - [OK] Click successful: btnNotesAdd
2026-06-01 15:21:51 [31496] INFO  AutomationFramework - Save confirmation dialog appeared -- confirming
2026-06-01 15:21:52 [31496] INFO  AutomationFramework - [OK] Save complete (btnSaveNotes)
2026-06-01 15:21:53 [31496] INFO  AutomationFramework - Clicking element: tabNotes
2026-06-01 15:21:54 [31496] INFO  AutomationFramework - [OK] Click successful: tabNotes
2026-06-01 15:21:55 [31496] INFO  AutomationFramework - Clicking element: tabNotes
2026-06-01 15:21:57 [31496] INFO  AutomationFramework - [OK] Click successful: tabNotes
2026-06-01 15:21:57 [31496] INFO  AutomationFramework - [OK] Notes ensured empty (DB clean)
  ok 303 [encore-locations] › specs\locations\location-notes.spec.ts:1086:7 › Location Notes @locations @notes › TC-LOC-NTS-035: Save empty row — persists as empty textarea, not No Notes Available (8.9s)
2026-06-01 15:21:57 [31496] INFO  AutomationFramework - LocationNotesPage initialized
2026-06-01 15:21:58 [31496] INFO  AutomationFramework - Clicking element: tabNotes
2026-06-01 15:22:00 [31496] INFO  AutomationFramework - [OK] Click successful: tabNotes
2026-06-01 15:22:00 [31496] INFO  AutomationFramework - [OK] Notes ensured empty (DB clean)
2026-06-01 15:22:01 [31496] INFO  AutomationFramework - [OK] Pasted 4001 chars into note row 0
2026-06-01 15:22:01 [31496] INFO  AutomationFramework - Save confirmation dialog appeared -- confirming
2026-06-01 15:22:01 [31496] INFO  AutomationFramework - [OK] Save complete (btnSaveNotes)
2026-06-01 15:22:02 [31496] INFO  AutomationFramework - Clicking element: tabNotes
2026-06-01 15:22:04 [31496] INFO  AutomationFramework - [OK] Click successful: tabNotes
2026-06-01 15:22:05 [31496] INFO  AutomationFramework - [OK] All note rows deleted
2026-06-01 15:22:05 [31496] INFO  AutomationFramework - Save confirmation dialog appeared -- confirming
2026-06-01 15:22:06 [31496] INFO  AutomationFramework - [OK] Save complete (btnSaveNotes)
2026-06-01 15:22:06 [31496] INFO  AutomationFramework - Clicking element: tabNotes
2026-06-01 15:22:08 [31496] INFO  AutomationFramework - [OK] Click successful: tabNotes
2026-06-01 15:22:08 [31496] INFO  AutomationFramework - [OK] Notes ensured empty (DB clean)
  ok 304 [encore-locations] › specs\locations\location-notes.spec.ts:1103:7 › Location Notes @locations @notes › TC-LOC-NTS-036: Overage content persists — 4001 chars save+reload without truncation (10.2s)
2026-06-01 15:22:08 [31496] INFO  AutomationFramework - LocationNotesPage initialized
2026-06-01 15:22:09 [31496] INFO  AutomationFramework - Clicking element: tabNotes
2026-06-01 15:22:11 [31496] INFO  AutomationFramework - [OK] Click successful: tabNotes
2026-06-01 15:22:11 [31496] INFO  AutomationFramework - [OK] Notes ensured empty (DB clean)
2026-06-01 15:22:11 [31496] INFO  AutomationFramework - Clicking element: btnNotesAdd
2026-06-01 15:22:11 [31496] INFO  AutomationFramework - [OK] Click successful: btnNotesAdd
2026-06-01 15:22:11 [31496] INFO  AutomationFramework - [OK] Filled note row 0 with 12 chars
2026-06-01 15:22:11 [31496] INFO  AutomationFramework - Save confirmation dialog appeared -- confirming
2026-06-01 15:22:12 [31496] INFO  AutomationFramework - [OK] Save complete (btnSaveNotes)
2026-06-01 15:22:12 [31496] INFO  AutomationFramework - Clicking element: tabNotes
2026-06-01 15:22:13 [31496] INFO  AutomationFramework - [OK] Click successful: tabNotes
2026-06-01 15:22:14 [31496] INFO  AutomationFramework - [OK] Deleted note row 0
2026-06-01 15:22:14 [31496] INFO  AutomationFramework - Save confirmation dialog appeared -- confirming
2026-06-01 15:22:14 [31496] INFO  AutomationFramework - [OK] Save complete (btnSaveNotes)
2026-06-01 15:22:15 [31496] INFO  AutomationFramework - Clicking element: tabNotes
2026-06-01 15:22:16 [31496] INFO  AutomationFramework - [OK] Click successful: tabNotes
  ok 305 [encore-locations] › specs\locations\location-notes.spec.ts:1121:7 › Location Notes @locations @notes › TC-LOC-NTS-037: Delete row persists without explicit textarea clear (8.7s)
2026-06-01 15:22:16 [31496] INFO  AutomationFramework - LocationPricingPage initialized
2026-06-01 15:22:23 [31496] INFO  AutomationFramework - [OK] Tab active: tabPricing
2026-06-01 15:22:23 [31496] INFO  AutomationFramework - [OK] Tab active: tabPricing
2026-06-01 15:22:23 [31496] INFO  AutomationFramework - Is Alternative [2021-Tier 3 Urban A]: checked=false disabled=false
2026-06-01 15:22:23 [31496] INFO  AutomationFramework - Is Alternative [2022-eCommerce]: checked=false disabled=false
2026-06-01 15:22:23 [31496] INFO  AutomationFramework - Is Alternative [2022-NP LB1]: checked=false disabled=false
2026-06-01 15:22:23 [31496] INFO  AutomationFramework - Save button disabled (btnSavePricing) -- skipping click
2026-06-01 15:22:23 [31496] INFO  AutomationFramework - Navigating to: https://cloudapps-e2e.encoreglobal.com/navigator/locations
2026-06-01 15:22:24 [31496] INFO  AutomationFramework - [OK] Navigation successful: https://cloudapps-e2e.encoreglobal.com/navigator/locations
2026-06-01 15:22:24 [31496] INFO  AutomationFramework - Navigating to locations/1604/settings/location
2026-06-01 15:22:24 [31496] INFO  AutomationFramework - Navigating to: https://cloudapps-e2e.encoreglobal.com/navigator/locations/1604/settings/location
2026-06-01 15:22:24 [31496] INFO  AutomationFramework - [OK] Navigation successful: https://cloudapps-e2e.encoreglobal.com/navigator/locations/1604/settings/location
2026-06-01 15:22:32 [31496] INFO  AutomationFramework - [OK] Tab active: tabPricing
  ok 306 [encore-locations] › specs\locations\location-pricing.spec.ts:52:7 › Location Pricing @locations @pricing › TC-LOC-PRI-001: Verify Pricing tab default state (15.6s)
2026-06-01 15:22:32 [31496] INFO  AutomationFramework - LocationPricingPage initialized
2026-06-01 15:22:32 [31496] INFO  AutomationFramework - drpPrimaryLaborPricingUSD enabled: true
2026-06-01 15:22:32 [31496] INFO  AutomationFramework - drpPrimaryEquipmentPricingUSD enabled: true
2026-06-01 15:22:32 [31496] INFO  AutomationFramework - drpPrimaryInternalEquipmentPricingUSD enabled: true
2026-06-01 15:22:32 [31496] INFO  AutomationFramework - drpPrimaryProductionLaborPricingUSD enabled: true
2026-06-01 15:22:32 [31496] INFO  AutomationFramework - drpPrimaryProductionEquipmentPricingUSD enabled: true
  ok 307 [encore-locations] › specs\locations\location-pricing.spec.ts:93:7 › Location Pricing @locations @pricing › TC-LOC-PRI-002: Verify Primary Pricing fields default state (5 editable dropdowns) (121ms)
2026-06-01 15:22:32 [31496] INFO  AutomationFramework - LocationPricingPage initialized
2026-06-01 15:22:32 [31496] INFO  AutomationFramework - Row "2021-Tier 3 Urban A" present: true
  ok 308 [encore-locations] › specs\locations\location-pricing.spec.ts:101:7 › Location Pricing @locations @pricing › TC-LOC-PRI-003: Verify Location Secondary Pricing grid structure (7 columns) (149ms)
2026-06-01 15:22:32 [31496] INFO  AutomationFramework - LocationPricingPage initialized
2026-06-01 15:22:32 [31496] INFO  AutomationFramework - Is Alternative [2021-Tier 3 Urban A]: checked=false disabled=false
2026-06-01 15:22:32 [31496] INFO  AutomationFramework - Use Effective Date [2021-Tier 3 Urban A]: checked=false disabled=true
2026-06-01 15:22:32 [31496] INFO  AutomationFramework - Start Date [2021-Tier 3 Urban A] enabled: false
2026-06-01 15:22:32 [31496] INFO  AutomationFramework - End Date [2021-Tier 3 Urban A] enabled: false
2026-06-01 15:22:32 [31496] INFO  AutomationFramework - Is Alternative [2022-eCommerce]: checked=false disabled=false
2026-06-01 15:22:32 [31496] INFO  AutomationFramework - Use Effective Date [2022-eCommerce]: checked=false disabled=true
2026-06-01 15:22:32 [31496] INFO  AutomationFramework - Start Date [2022-eCommerce] enabled: false
2026-06-01 15:22:32 [31496] INFO  AutomationFramework - End Date [2022-eCommerce] enabled: false
  ok 309 [encore-locations] › specs\locations\location-pricing.spec.ts:108:7 › Location Pricing @locations @pricing › TC-LOC-PRI-004: Verify grid row default state (246ms)
2026-06-01 15:22:32 [31496] INFO  AutomationFramework - LocationPricingPage initialized
2026-06-01 15:22:33 [31496] INFO  AutomationFramework - Use Effective Date [2021-Tier 3 Urban A]: checked=false disabled=true
2026-06-01 15:22:33 [31496] INFO  AutomationFramework - Is Alternative [2021-Tier 3 Urban A]: checked=false disabled=false
2026-06-01 15:22:33 [31496] INFO  AutomationFramework - Checked Is Alternative: 2021-Tier 3 Urban A
2026-06-01 15:22:33 [31496] INFO  AutomationFramework - Use Effective Date [2021-Tier 3 Urban A]: checked=false disabled=false
2026-06-01 15:22:33 [31496] INFO  AutomationFramework - Is Alternative [2021-Tier 3 Urban A]: checked=true disabled=false
2026-06-01 15:22:33 [31496] INFO  AutomationFramework - Unchecked Is Alternative: 2021-Tier 3 Urban A
2026-06-01 15:22:33 [31496] INFO  AutomationFramework - Row reset: 2021-Tier 3 Urban A
  ok 310 [encore-locations] › specs\locations\location-pricing.spec.ts:122:7 › Location Pricing @locations @pricing › TC-LOC-PRI-005: Enable Use Effective Date by checking Is Alternative (654ms)
2026-06-01 15:22:33 [31496] INFO  AutomationFramework - LocationPricingPage initialized
2026-06-01 15:22:33 [31496] INFO  AutomationFramework - Is Alternative [2022-eCommerce]: checked=false disabled=false
2026-06-01 15:22:33 [31496] INFO  AutomationFramework - Use Effective Date [2022-eCommerce]: checked=false disabled=true
2026-06-01 15:22:33 [31496] INFO  AutomationFramework - Is Alternative [2022-eCommerce]: checked=false disabled=false
  ok 311 [encore-locations] › specs\locations\location-pricing.spec.ts:137:7 › Location Pricing @locations @pricing › TC-LOC-PRI-006: Use Effective Date disabled cannot be clicked when Is Alternative unchecked (178ms)
2026-06-01 15:22:33 [31496] INFO  AutomationFramework - LocationPricingPage initialized
2026-06-01 15:22:33 [31496] INFO  AutomationFramework - Start Date [2021-Tier 3 Urban A] enabled: false
2026-06-01 15:22:33 [31496] INFO  AutomationFramework - End Date [2021-Tier 3 Urban A] enabled: false
2026-06-01 15:22:33 [31496] INFO  AutomationFramework - Is Alternative [2021-Tier 3 Urban A]: checked=false disabled=false
2026-06-01 15:22:34 [31496] INFO  AutomationFramework - Checked Is Alternative: 2021-Tier 3 Urban A
2026-06-01 15:22:34 [31496] INFO  AutomationFramework - Use Effective Date [2021-Tier 3 Urban A]: checked=false disabled=false
2026-06-01 15:22:34 [31496] INFO  AutomationFramework - Use Effective Date [2021-Tier 3 Urban A]: checked=false disabled=false
2026-06-01 15:22:34 [31496] INFO  AutomationFramework - Checked Use Effective Date: 2021-Tier 3 Urban A
2026-06-01 15:22:34 [31496] INFO  AutomationFramework - Start Date [2021-Tier 3 Urban A] enabled: true
2026-06-01 15:22:34 [31496] INFO  AutomationFramework - End Date [2021-Tier 3 Urban A] enabled: true
2026-06-01 15:22:34 [31496] INFO  AutomationFramework - Is Alternative [2021-Tier 3 Urban A]: checked=true disabled=false
2026-06-01 15:22:34 [31496] INFO  AutomationFramework - Unchecked Is Alternative: 2021-Tier 3 Urban A
2026-06-01 15:22:34 [31496] INFO  AutomationFramework - Row reset: 2021-Tier 3 Urban A
  ok 312 [encore-locations] › specs\locations\location-pricing.spec.ts:149:7 › Location Pricing @locations @pricing › TC-LOC-PRI-007: Full cascade -- Is Alternative + Use Effective Date enables Start/End Date (876ms)
2026-06-01 15:22:34 [31496] INFO  AutomationFramework - LocationPricingPage initialized
2026-06-01 15:22:34 [31496] INFO  AutomationFramework - Is Alternative [2022-NP LB1]: checked=false disabled=false
2026-06-01 15:22:35 [31496] INFO  AutomationFramework - Checked Is Alternative: 2022-NP LB1
2026-06-01 15:22:35 [31496] INFO  AutomationFramework - Use Effective Date [2022-NP LB1]: checked=false disabled=false
2026-06-01 15:22:35 [31496] INFO  AutomationFramework - Use Effective Date [2022-NP LB1]: checked=false disabled=false
2026-06-01 15:22:35 [31496] INFO  AutomationFramework - Start Date [2022-NP LB1] enabled: false
2026-06-01 15:22:35 [31496] INFO  AutomationFramework - End Date [2022-NP LB1] enabled: false
2026-06-01 15:22:35 [31496] INFO  AutomationFramework - Is Alternative [2022-NP LB1]: checked=true disabled=false
2026-06-01 15:22:35 [31496] INFO  AutomationFramework - Unchecked Is Alternative: 2022-NP LB1
2026-06-01 15:22:35 [31496] INFO  AutomationFramework - Row reset: 2022-NP LB1
  ok 313 [encore-locations] › specs\locations\location-pricing.spec.ts:168:7 › Location Pricing @locations @pricing › TC-LOC-PRI-008: Start/End Date remain disabled when Use Effective Date unchecked (617ms)
2026-06-01 15:22:35 [31496] INFO  AutomationFramework - LocationPricingPage initialized
2026-06-01 15:22:35 [31496] INFO  AutomationFramework - Is Alternative [2021-Tier 3 Urban A]: checked=false disabled=false
2026-06-01 15:22:35 [31496] INFO  AutomationFramework - Checked Is Alternative: 2021-Tier 3 Urban A
2026-06-01 15:22:35 [31496] INFO  AutomationFramework - Use Effective Date [2021-Tier 3 Urban A]: checked=false disabled=false
2026-06-01 15:22:35 [31496] INFO  AutomationFramework - Use Effective Date [2021-Tier 3 Urban A]: checked=false disabled=false
2026-06-01 15:22:35 [31496] INFO  AutomationFramework - Checked Use Effective Date: 2021-Tier 3 Urban A
2026-06-01 15:22:35 [31496] INFO  AutomationFramework - Full cascade enabled for 2021-Tier 3 Urban A
2026-06-01 15:22:36 [31496] INFO  AutomationFramework - Entered Start Date [2021-Tier 3 Urban A]: 03/01/2026
2026-06-01 15:22:37 [31496] INFO  AutomationFramework - Entered End Date [2021-Tier 3 Urban A]: 03/31/2026
2026-06-01 15:22:37 [31496] INFO  AutomationFramework - Use Effective Date [2021-Tier 3 Urban A]: checked=true disabled=false
2026-06-01 15:22:37 [31496] INFO  AutomationFramework - Unchecked Use Effective Date: 2021-Tier 3 Urban A
2026-06-01 15:22:37 [31496] INFO  AutomationFramework - Use Effective Date [2021-Tier 3 Urban A]: checked=false disabled=false
2026-06-01 15:22:37 [31496] INFO  AutomationFramework - Checked Use Effective Date: 2021-Tier 3 Urban A
2026-06-01 15:22:38 [31496] INFO  AutomationFramework - Is Alternative [2021-Tier 3 Urban A]: checked=true disabled=false
2026-06-01 15:22:38 [31496] INFO  AutomationFramework - Unchecked Is Alternative: 2021-Tier 3 Urban A
2026-06-01 15:22:38 [31496] INFO  AutomationFramework - Row reset: 2021-Tier 3 Urban A
  ok 314 [encore-locations] › specs\locations\location-pricing.spec.ts:185:7 › Location Pricing @locations @pricing › TC-LOC-PRI-009: Uncheck Use Effective Date clears Start/End Date values (2.9s)
2026-06-01 15:22:38 [31496] INFO  AutomationFramework - LocationPricingPage initialized
2026-06-01 15:22:38 [31496] INFO  AutomationFramework - Is Alternative [2021-Tier 3 Urban A]: checked=false disabled=false
2026-06-01 15:22:38 [31496] INFO  AutomationFramework - Checked Is Alternative: 2021-Tier 3 Urban A
2026-06-01 15:22:38 [31496] INFO  AutomationFramework - Use Effective Date [2021-Tier 3 Urban A]: checked=false disabled=false
2026-06-01 15:22:38 [31496] INFO  AutomationFramework - Use Effective Date [2021-Tier 3 Urban A]: checked=false disabled=false
2026-06-01 15:22:38 [31496] INFO  AutomationFramework - Checked Use Effective Date: 2021-Tier 3 Urban A
2026-06-01 15:22:38 [31496] INFO  AutomationFramework - Full cascade enabled for 2021-Tier 3 Urban A
2026-06-01 15:22:39 [31496] INFO  AutomationFramework - Entered Start Date [2021-Tier 3 Urban A]: 05/15/2026
2026-06-01 15:22:39 [31496] INFO  AutomationFramework - Is Alternative [2021-Tier 3 Urban A]: checked=true disabled=false
2026-06-01 15:22:39 [31496] INFO  AutomationFramework - Unchecked Is Alternative: 2021-Tier 3 Urban A
2026-06-01 15:22:39 [31496] INFO  AutomationFramework - Use Effective Date [2021-Tier 3 Urban A]: checked=false disabled=true
2026-06-01 15:22:39 [31496] INFO  AutomationFramework - Start Date [2021-Tier 3 Urban A] enabled: false
2026-06-01 15:22:39 [31496] INFO  AutomationFramework - End Date [2021-Tier 3 Urban A] enabled: false
2026-06-01 15:22:39 [31496] INFO  AutomationFramework - Navigating to: https://cloudapps-e2e.encoreglobal.com/navigator/locations
2026-06-01 15:22:39 [31496] INFO  AutomationFramework - [fixture] Auto-accepting beforeunload dialog
2026-06-01 15:22:39 [31496] INFO  AutomationFramework - [dialog] Auto-accepting beforeunload dialog during safe navigation
2026-06-01 15:22:39 [31496] INFO  AutomationFramework - [dialog] Beforeunload dialog already handled by another listener
2026-06-01 15:22:40 [31496] INFO  AutomationFramework - [OK] Navigation successful: https://cloudapps-e2e.encoreglobal.com/navigator/locations
2026-06-01 15:22:40 [31496] INFO  AutomationFramework - Navigating to locations/1604/settings/location
2026-06-01 15:22:40 [31496] INFO  AutomationFramework - Navigating to: https://cloudapps-e2e.encoreglobal.com/navigator/locations/1604/settings/location
2026-06-01 15:22:40 [31496] INFO  AutomationFramework - [OK] Navigation successful: https://cloudapps-e2e.encoreglobal.com/navigator/locations/1604/settings/location
2026-06-01 15:22:47 [31496] INFO  AutomationFramework - [OK] Tab active: tabPricing
  ok 315 [encore-locations] › specs\locations\location-pricing.spec.ts:201:7 › Location Pricing @locations @pricing › TC-LOC-PRI-010: Uncheck Is Alternative disables and clears all row fields (9.5s)
2026-06-01 15:22:47 [31496] INFO  AutomationFramework - LocationPricingPage initialized
2026-06-01 15:22:47 [31496] INFO  AutomationFramework - drpPrimaryLaborPricingUSD enabled: true
2026-06-01 15:22:47 [31496] INFO  AutomationFramework - drpPrimaryEquipmentPricingUSD enabled: true
2026-06-01 15:22:47 [31496] INFO  AutomationFramework - drpPrimaryInternalEquipmentPricingUSD enabled: true
2026-06-01 15:22:47 [31496] INFO  AutomationFramework - drpPrimaryProductionLaborPricingUSD enabled: true
2026-06-01 15:22:47 [31496] INFO  AutomationFramework - drpPrimaryProductionEquipmentPricingUSD enabled: true
2026-06-01 15:22:48 [31496] INFO  AutomationFramework - Unchecked Radix checkbox: chkCorporatePricing
2026-06-01 15:22:48 [31496] INFO  AutomationFramework - drpPrimaryLaborPricingUSD enabled: false
2026-06-01 15:22:48 [31496] INFO  AutomationFramework - drpPrimaryLaborPricingUSD enabled: false
2026-06-01 15:22:48 [31496] INFO  AutomationFramework - drpPrimaryEquipmentPricingUSD enabled: false
2026-06-01 15:22:48 [31496] INFO  AutomationFramework - drpPrimaryInternalEquipmentPricingUSD enabled: false
2026-06-01 15:22:48 [31496] INFO  AutomationFramework - drpPrimaryProductionLaborPricingUSD enabled: false
2026-06-01 15:22:48 [31496] INFO  AutomationFramework - drpPrimaryProductionEquipmentPricingUSD enabled: false
2026-06-01 15:22:48 [31496] INFO  AutomationFramework - Checked Radix checkbox: chkCorporatePricing
  ok 316 [encore-locations] › specs\locations\location-pricing.spec.ts:217:7 › Location Pricing @locations @pricing › TC-LOC-PRI-011: Corporate Pricing unchecked disables all Primary pricing dropdowns (703ms)
2026-06-01 15:22:48 [31496] INFO  AutomationFramework - LocationPricingPage initialized
2026-06-01 15:22:48 [31496] INFO  AutomationFramework - Is Alternative [2021-Tier 3 Urban A]: checked=false disabled=false
2026-06-01 15:22:48 [31496] INFO  AutomationFramework - Checked Is Alternative: 2021-Tier 3 Urban A
2026-06-01 15:22:48 [31496] INFO  AutomationFramework - Use Effective Date [2021-Tier 3 Urban A]: checked=false disabled=false
2026-06-01 15:22:49 [31496] INFO  AutomationFramework - Checked Use Effective Date: 2021-Tier 3 Urban A
2026-06-01 15:22:49 [31496] INFO  AutomationFramework - Unchecked Radix checkbox: chkCorporatePricing
2026-06-01 15:22:49 [31496] INFO  AutomationFramework - Is Alternative [2021-Tier 3 Urban A]: checked=true disabled=false
2026-06-01 15:22:49 [31496] INFO  AutomationFramework - Use Effective Date [2021-Tier 3 Urban A]: checked=true disabled=false
2026-06-01 15:22:49 [31496] INFO  AutomationFramework - Checked Radix checkbox: chkCorporatePricing
2026-06-01 15:22:49 [31496] INFO  AutomationFramework - Is Alternative [2021-Tier 3 Urban A]: checked=true disabled=false
2026-06-01 15:22:49 [31496] INFO  AutomationFramework - Unchecked Is Alternative: 2021-Tier 3 Urban A
2026-06-01 15:22:49 [31496] INFO  AutomationFramework - Row reset: 2021-Tier 3 Urban A
  ok 317 [encore-locations] › specs\locations\location-pricing.spec.ts:233:7 › Location Pricing @locations @pricing › TC-LOC-PRI-012: Corporate Pricing toggle does NOT disable grid fields (1.4s)
2026-06-01 15:22:49 [31496] INFO  AutomationFramework - LocationPricingPage initialized
2026-06-01 15:22:50 [31496] INFO  AutomationFramework - Unchecked Radix checkbox: chkCorporatePricing
2026-06-01 15:22:50 [31496] INFO  AutomationFramework - drpPrimaryLaborPricingUSD enabled: false
2026-06-01 15:22:50 [31496] INFO  AutomationFramework - drpPrimaryLaborPricingUSD enabled: false
2026-06-01 15:22:50 [31496] INFO  AutomationFramework - drpPrimaryEquipmentPricingUSD enabled: false
2026-06-01 15:22:50 [31496] INFO  AutomationFramework - drpPrimaryInternalEquipmentPricingUSD enabled: false
2026-06-01 15:22:50 [31496] INFO  AutomationFramework - drpPrimaryProductionLaborPricingUSD enabled: false
2026-06-01 15:22:50 [31496] INFO  AutomationFramework - drpPrimaryProductionEquipmentPricingUSD enabled: false
2026-06-01 15:22:50 [31496] INFO  AutomationFramework - Checked Radix checkbox: chkCorporatePricing
2026-06-01 15:22:50 [31496] INFO  AutomationFramework - drpPrimaryLaborPricingUSD enabled: true
2026-06-01 15:22:50 [31496] INFO  AutomationFramework - drpPrimaryEquipmentPricingUSD enabled: true
2026-06-01 15:22:50 [31496] INFO  AutomationFramework - drpPrimaryInternalEquipmentPricingUSD enabled: true
2026-06-01 15:22:50 [31496] INFO  AutomationFramework - drpPrimaryProductionLaborPricingUSD enabled: true
2026-06-01 15:22:50 [31496] INFO  AutomationFramework - drpPrimaryProductionEquipmentPricingUSD enabled: true
  ok 318 [encore-locations] › specs\locations\location-pricing.spec.ts:249:7 › Location Pricing @locations @pricing › TC-LOC-PRI-013: Re-enable Primary fields by checking Corporate Pricing (636ms)
2026-06-01 15:22:50 [31496] INFO  AutomationFramework - LocationPricingPage initialized
  ok 319 [encore-locations] › specs\locations\location-pricing.spec.ts:264:7 › Location Pricing @locations @pricing › TC-LOC-PRI-014: Currency filter displays "All" by default (118ms)
2026-06-01 15:22:50 [31496] INFO  AutomationFramework - LocationPricingPage initialized
  ok 320 [encore-locations] › specs\locations\location-pricing.spec.ts:270:7 › Location Pricing @locations @pricing › TC-LOC-PRI-015: Currency filter dropdown has expected options (280ms)
2026-06-01 15:22:50 [31496] INFO  AutomationFramework - LocationPricingPage initialized
2026-06-01 15:22:51 [31496] INFO  AutomationFramework - Grid row count: 44
2026-06-01 15:22:51 [31496] INFO  AutomationFramework - Currency filter -> USD
2026-06-01 15:22:51 [31496] INFO  AutomationFramework - Grid row count: 44
2026-06-01 15:22:51 [31496] INFO  AutomationFramework - Row "2021-Tier 3 Urban A" present: true
2026-06-01 15:22:52 [31496] INFO  AutomationFramework - Currency filter -> All
  ok 321 [encore-locations] › specs\locations\location-pricing.spec.ts:278:7 › Location Pricing @locations @pricing › TC-LOC-PRI-016: Filter grid by selecting USD keeps USD rows visible (1.7s)
2026-06-01 15:22:52 [31496] INFO  AutomationFramework - LocationPricingPage initialized
2026-06-01 15:22:52 [31496] INFO  AutomationFramework - drpPrimaryLaborPricingUSD enabled: true
  ok 322 [encore-locations] › specs\locations\location-pricing.spec.ts:295:7 › Location Pricing @locations @pricing › TC-LOC-PRI-017: Primary pricing dropdowns accept selections (126ms)
2026-06-01 15:22:52 [31496] INFO  AutomationFramework - LocationPricingPage initialized
2026-06-01 15:22:52 [31496] INFO  AutomationFramework - Is Alternative [2021-Tier 3 Urban A]: checked=false disabled=false
2026-06-01 15:22:53 [31496] INFO  AutomationFramework - Checked Is Alternative: 2021-Tier 3 Urban A
2026-06-01 15:22:53 [31496] INFO  AutomationFramework - Use Effective Date [2021-Tier 3 Urban A]: checked=false disabled=false
2026-06-01 15:22:53 [31496] INFO  AutomationFramework - Use Effective Date [2021-Tier 3 Urban A]: checked=false disabled=false
2026-06-01 15:22:53 [31496] INFO  AutomationFramework - Checked Use Effective Date: 2021-Tier 3 Urban A
2026-06-01 15:22:53 [31496] INFO  AutomationFramework - Full cascade enabled for 2021-Tier 3 Urban A
2026-06-01 15:22:53 [31496] INFO  AutomationFramework - Opened Start Date popover for 2021-Tier 3 Urban A
2026-06-01 15:22:56 [31496] INFO  AutomationFramework - Closed date popover
2026-06-01 15:22:56 [31496] INFO  AutomationFramework - Is Alternative [2021-Tier 3 Urban A]: checked=true disabled=false
2026-06-01 15:22:56 [31496] INFO  AutomationFramework - Unchecked Is Alternative: 2021-Tier 3 Urban A
2026-06-01 15:22:56 [31496] INFO  AutomationFramework - Row reset: 2021-Tier 3 Urban A
  ok 323 [encore-locations] › specs\locations\location-pricing.spec.ts:304:7 › Location Pricing @locations @pricing › TC-LOC-PRI-018: Start Date validates -- readOnly input prevents invalid date entry (4.0s)
2026-06-01 15:22:56 [31496] INFO  AutomationFramework - LocationPricingPage initialized
2026-06-01 15:22:56 [31496] INFO  AutomationFramework - Is Alternative [2021-Tier 3 Urban A]: checked=false disabled=false
2026-06-01 15:22:56 [31496] INFO  AutomationFramework - Row reset: 2021-Tier 3 Urban A
2026-06-01 15:22:56 [31496] INFO  AutomationFramework - Is Alternative [2021-Tier 3 Urban A]: checked=false disabled=false
2026-06-01 15:22:57 [31496] INFO  AutomationFramework - Checked Is Alternative: 2021-Tier 3 Urban A
2026-06-01 15:22:57 [31496] INFO  AutomationFramework - Use Effective Date [2021-Tier 3 Urban A]: checked=false disabled=false
2026-06-01 15:22:57 [31496] INFO  AutomationFramework - Use Effective Date [2021-Tier 3 Urban A]: checked=false disabled=false
2026-06-01 15:22:57 [31496] INFO  AutomationFramework - Checked Use Effective Date: 2021-Tier 3 Urban A
2026-06-01 15:22:57 [31496] INFO  AutomationFramework - Full cascade enabled for 2021-Tier 3 Urban A
2026-06-01 15:22:57 [31496] INFO  AutomationFramework - Opened End Date popover for 2021-Tier 3 Urban A
2026-06-01 15:23:00 [31496] INFO  AutomationFramework - Closed date popover
2026-06-01 15:23:00 [31496] INFO  AutomationFramework - Is Alternative [2021-Tier 3 Urban A]: checked=true disabled=false
2026-06-01 15:23:00 [31496] INFO  AutomationFramework - Unchecked Is Alternative: 2021-Tier 3 Urban A
2026-06-01 15:23:00 [31496] INFO  AutomationFramework - Row reset: 2021-Tier 3 Urban A
  ok 324 [encore-locations] › specs\locations\location-pricing.spec.ts:320:7 › Location Pricing @locations @pricing › TC-LOC-PRI-019: End Date validates -- readOnly input prevents invalid date entry (3.9s)
2026-06-01 15:23:00 [31496] INFO  AutomationFramework - LocationPricingPage initialized
2026-06-01 15:23:00 [31496] INFO  AutomationFramework - Is Alternative [2021-Tier 3 Urban A]: checked=false disabled=false
2026-06-01 15:23:00 [31496] INFO  AutomationFramework - Checked Is Alternative: 2021-Tier 3 Urban A
2026-06-01 15:23:01 [31496] INFO  AutomationFramework - Is Alternative [2022-eCommerce]: checked=false disabled=false
2026-06-01 15:23:01 [31496] INFO  AutomationFramework - Checked Is Alternative: 2022-eCommerce
2026-06-01 15:23:01 [31496] INFO  AutomationFramework - Is Alternative [2022-NP LB1]: checked=false disabled=false
2026-06-01 15:23:01 [31496] INFO  AutomationFramework - Checked Is Alternative: 2022-NP LB1
2026-06-01 15:23:01 [31496] INFO  AutomationFramework - Is Alternative [2021-Tier 3 Urban A]: checked=true disabled=false
2026-06-01 15:23:01 [31496] INFO  AutomationFramework - Is Alternative [2022-eCommerce]: checked=true disabled=false
2026-06-01 15:23:01 [31496] INFO  AutomationFramework - Is Alternative [2022-NP LB1]: checked=true disabled=false
2026-06-01 15:23:01 [31496] INFO  AutomationFramework - Is Alternative [2021-Tier 3 Urban A]: checked=true disabled=false
2026-06-01 15:23:01 [31496] INFO  AutomationFramework - Unchecked Is Alternative: 2021-Tier 3 Urban A
2026-06-01 15:23:01 [31496] INFO  AutomationFramework - Row reset: 2021-Tier 3 Urban A
2026-06-01 15:23:01 [31496] INFO  AutomationFramework - Is Alternative [2022-eCommerce]: checked=true disabled=false
2026-06-01 15:23:01 [31496] INFO  AutomationFramework - Unchecked Is Alternative: 2022-eCommerce
2026-06-01 15:23:01 [31496] INFO  AutomationFramework - Row reset: 2022-eCommerce
2026-06-01 15:23:01 [31496] INFO  AutomationFramework - Is Alternative [2022-NP LB1]: checked=true disabled=false
2026-06-01 15:23:02 [31496] INFO  AutomationFramework - Unchecked Is Alternative: 2022-NP LB1
2026-06-01 15:23:02 [31496] INFO  AutomationFramework - Row reset: 2022-NP LB1
  ok 325 [encore-locations] › specs\locations\location-pricing.spec.ts:342:7 › Location Pricing @locations @pricing › TC-LOC-PRI-021: Multiple price books can have alternate pricing simultaneously (1.4s)
2026-06-01 15:23:02 [31496] INFO  AutomationFramework - LocationPricingPage initialized
2026-06-01 15:23:02 [31496] INFO  AutomationFramework - Is Alternative [2021-Tier 3 Urban A]: checked=false disabled=false
2026-06-01 15:23:02 [31496] INFO  AutomationFramework - Checked Is Alternative: 2021-Tier 3 Urban A
2026-06-01 15:23:02 [31496] INFO  AutomationFramework - Use Effective Date [2021-Tier 3 Urban A]: checked=false disabled=false
2026-06-01 15:23:02 [31496] INFO  AutomationFramework - Use Effective Date [2021-Tier 3 Urban A]: checked=false disabled=false
2026-06-01 15:23:02 [31496] INFO  AutomationFramework - Checked Use Effective Date: 2021-Tier 3 Urban A
2026-06-01 15:23:02 [31496] INFO  AutomationFramework - Full cascade enabled for 2021-Tier 3 Urban A
2026-06-01 15:23:02 [31496] INFO  AutomationFramework - Is Alternative [2022-eCommerce]: checked=false disabled=false
2026-06-01 15:23:02 [31496] INFO  AutomationFramework - Checked Is Alternative: 2022-eCommerce
2026-06-01 15:23:02 [31496] INFO  AutomationFramework - Use Effective Date [2022-eCommerce]: checked=false disabled=false
2026-06-01 15:23:02 [31496] INFO  AutomationFramework - Use Effective Date [2022-eCommerce]: checked=false disabled=false
2026-06-01 15:23:03 [31496] INFO  AutomationFramework - Checked Use Effective Date: 2022-eCommerce
2026-06-01 15:23:03 [31496] INFO  AutomationFramework - Full cascade enabled for 2022-eCommerce
2026-06-01 15:23:03 [31496] INFO  AutomationFramework - Entered Start Date [2022-eCommerce]: 05/01/2026
2026-06-01 15:23:03 [31496] INFO  AutomationFramework - Opened Start Date popover for 2021-Tier 3 Urban A
2026-06-01 15:23:06 [31496] INFO  AutomationFramework - Closed date popover
2026-06-01 15:23:06 [31496] INFO  AutomationFramework - Is Alternative [2021-Tier 3 Urban A]: checked=true disabled=false
2026-06-01 15:23:06 [31496] INFO  AutomationFramework - Unchecked Is Alternative: 2021-Tier 3 Urban A
2026-06-01 15:23:06 [31496] INFO  AutomationFramework - Row reset: 2021-Tier 3 Urban A
2026-06-01 15:23:06 [31496] INFO  AutomationFramework - Is Alternative [2022-eCommerce]: checked=true disabled=false
2026-06-01 15:23:07 [31496] INFO  AutomationFramework - Unchecked Is Alternative: 2022-eCommerce
2026-06-01 15:23:07 [31496] INFO  AutomationFramework - Row reset: 2022-eCommerce
  ok 326 [encore-locations] › specs\locations\location-pricing.spec.ts:358:7 › Location Pricing @locations @pricing › TC-LOC-PRI-022: Grid validates all rows -- missing date shows validation error (5.0s)
  -  327 [encore-locations] › specs\locations\location-pricing.spec.ts:386:8 › Location Pricing @locations @pricing › TC-LOC-PRI-020: Valid dates persist after save
2026-06-01 15:23:07 [31496] INFO  AutomationFramework - LocationPricingPage initialized
2026-06-01 15:23:07 [31496] INFO  AutomationFramework - Navigating to: https://cloudapps-e2e.encoreglobal.com/navigator/locations
2026-06-01 15:23:07 [31496] INFO  AutomationFramework - [fixture] Auto-accepting beforeunload dialog
2026-06-01 15:23:07 [31496] INFO  AutomationFramework - [dialog] Auto-accepting beforeunload dialog during safe navigation
2026-06-01 15:23:07 [31496] INFO  AutomationFramework - [dialog] Beforeunload dialog already handled by another listener
2026-06-01 15:23:07 [31496] INFO  AutomationFramework - [OK] Navigation successful: https://cloudapps-e2e.encoreglobal.com/navigator/locations
2026-06-01 15:23:07 [31496] INFO  AutomationFramework - Navigating to locations/1604/settings/location
2026-06-01 15:23:07 [31496] INFO  AutomationFramework - Navigating to: https://cloudapps-e2e.encoreglobal.com/navigator/locations/1604/settings/location
2026-06-01 15:23:08 [31496] INFO  AutomationFramework - [OK] Navigation successful: https://cloudapps-e2e.encoreglobal.com/navigator/locations/1604/settings/location
2026-06-01 15:23:16 [31496] INFO  AutomationFramework - [OK] Tab active: tabPricing
2026-06-01 15:23:16 [31496] INFO  AutomationFramework - Pricing Save enabled: false
2026-06-01 15:23:16 [31496] INFO  AutomationFramework - Unchecked Radix checkbox: chkCorporatePricing
2026-06-01 15:23:16 [31496] INFO  AutomationFramework - [OK] Save button enabled
2026-06-01 15:23:16 [31496] INFO  AutomationFramework - Navigating to: https://cloudapps-e2e.encoreglobal.com/navigator/locations
2026-06-01 15:23:16 [31496] INFO  AutomationFramework - [fixture] Auto-accepting beforeunload dialog
2026-06-01 15:23:16 [31496] INFO  AutomationFramework - [dialog] Auto-accepting beforeunload dialog during safe navigation
2026-06-01 15:23:16 [31496] INFO  AutomationFramework - [dialog] Beforeunload dialog already handled by another listener
2026-06-01 15:23:17 [31496] INFO  AutomationFramework - [OK] Navigation successful: https://cloudapps-e2e.encoreglobal.com/navigator/locations
2026-06-01 15:23:17 [31496] INFO  AutomationFramework - Navigating to locations/1604/settings/location
2026-06-01 15:23:17 [31496] INFO  AutomationFramework - Navigating to: https://cloudapps-e2e.encoreglobal.com/navigator/locations/1604/settings/location
2026-06-01 15:23:17 [31496] INFO  AutomationFramework - [OK] Navigation successful: https://cloudapps-e2e.encoreglobal.com/navigator/locations/1604/settings/location
2026-06-01 15:23:26 [31496] INFO  AutomationFramework - [OK] Tab active: tabPricing
  ok 328 [encore-locations] › specs\locations\location-pricing.spec.ts:420:7 › Location Pricing @locations @pricing › TC-LOC-PRI-023: Verify Pricing tab has dedicated Save button (19.7s)
2026-06-01 15:23:26 [31496] INFO  AutomationFramework - LocationPricingPage initialized
2026-06-01 15:23:26 [31496] INFO  AutomationFramework - [OK] Tab active: tabPricing
2026-06-01 15:23:27 [31496] INFO  AutomationFramework - Unchecked Radix checkbox: chkPriceGuideInclusive
2026-06-01 15:23:27 [31496] INFO  AutomationFramework - [OK] Save button enabled
2026-06-01 15:23:27 [31496] INFO  AutomationFramework - Save confirmation dialog appeared -- confirming
2026-06-01 15:23:30 [31496] INFO  AutomationFramework - [OK] Save complete (btnSavePricing)
2026-06-01 15:23:30 [31496] INFO  AutomationFramework - Navigating to: https://cloudapps-e2e.encoreglobal.com/navigator/locations
2026-06-01 15:23:30 [31496] INFO  AutomationFramework - [OK] Navigation successful: https://cloudapps-e2e.encoreglobal.com/navigator/locations
2026-06-01 15:23:30 [31496] INFO  AutomationFramework - Navigating to locations/1604/settings/location
2026-06-01 15:23:30 [31496] INFO  AutomationFramework - Navigating to: https://cloudapps-e2e.encoreglobal.com/navigator/locations/1604/settings/location
2026-06-01 15:23:31 [31496] INFO  AutomationFramework - [OK] Navigation successful: https://cloudapps-e2e.encoreglobal.com/navigator/locations/1604/settings/location
2026-06-01 15:23:38 [31496] INFO  AutomationFramework - [OK] Tab active: tabPricing
2026-06-01 15:23:39 [31496] INFO  AutomationFramework - Checked Radix checkbox: chkPriceGuideInclusive
2026-06-01 15:23:39 [31496] INFO  AutomationFramework - [OK] Save button enabled
2026-06-01 15:23:39 [31496] INFO  AutomationFramework - Save confirmation dialog appeared -- confirming
2026-06-01 15:23:42 [31496] INFO  AutomationFramework - [OK] Save complete (btnSavePricing)
2026-06-01 15:23:42 [31496] INFO  AutomationFramework - Pricing Save enabled: false
2026-06-01 15:23:42 [31496] INFO  AutomationFramework - Navigating to: https://cloudapps-e2e.encoreglobal.com/navigator/locations
2026-06-01 15:23:42 [31496] INFO  AutomationFramework - [OK] Navigation successful: https://cloudapps-e2e.encoreglobal.com/navigator/locations
2026-06-01 15:23:42 [31496] INFO  AutomationFramework - Navigating to locations/1604/settings/location
2026-06-01 15:23:42 [31496] INFO  AutomationFramework - Navigating to: https://cloudapps-e2e.encoreglobal.com/navigator/locations/1604/settings/location
2026-06-01 15:23:43 [31496] INFO  AutomationFramework - [OK] Navigation successful: https://cloudapps-e2e.encoreglobal.com/navigator/locations/1604/settings/location
2026-06-01 15:23:50 [31496] INFO  AutomationFramework - [OK] Tab active: tabPricing
  ok 329 [encore-locations] › specs\locations\location-pricing.spec.ts:438:7 › Location Pricing @locations @pricing › TC-LOC-PRI-024: Include Service Fee in Price Guides -- uncheck, save, reload, verify persists; restore (23.5s)
  -  330 [encore-locations] › specs\locations\location-pricing.spec.ts:477:8 › Location Pricing @locations @pricing › TC-LOC-PRI-025: Corporate Pricing -- uncheck, save, reload, verify persists; restore
  -  331 [encore-locations] › specs\locations\location-pricing.spec.ts:520:10 › Location Pricing @locations @pricing › TC-LOC-PRI-026: Primary Labor Pricing -- bidirectional persist (toggle pattern)
  -  332 [encore-locations] › specs\locations\location-pricing.spec.ts:520:10 › Location Pricing @locations @pricing › TC-LOC-PRI-027: Primary Equipment Pricing -- bidirectional persist (toggle pattern)
  -  333 [encore-locations] › specs\locations\location-pricing.spec.ts:520:10 › Location Pricing @locations @pricing › TC-LOC-PRI-028: Primary Internal Equipment Pricing -- bidirectional persist (toggle pattern)
  -  334 [encore-locations] › specs\locations\location-pricing.spec.ts:520:10 › Location Pricing @locations @pricing › TC-LOC-PRI-029: Primary Production Labor Pricing -- bidirectional persist (toggle pattern)
  -  335 [encore-locations] › specs\locations\location-pricing.spec.ts:520:10 › Location Pricing @locations @pricing › TC-LOC-PRI-030: Primary Production Equipment Pricing -- bidirectional persist (toggle pattern)
2026-06-01 15:23:50 [31496] INFO  AutomationFramework - LocationPricingPage initialized
2026-06-01 15:23:50 [31496] INFO  AutomationFramework - Is Alternative [2021-Tier 3 Urban A]: checked=false disabled=false
2026-06-01 15:23:50 [31496] INFO  AutomationFramework - Checked Is Alternative: 2021-Tier 3 Urban A
2026-06-01 15:23:50 [31496] INFO  AutomationFramework - [OK] Save button enabled
2026-06-01 15:23:51 [31496] INFO  AutomationFramework - Clicked Save button — dialog opened
2026-06-01 15:23:51 [31496] INFO  AutomationFramework - Clicked Save Cancel — dialog dismissed
2026-06-01 15:23:51 [31496] INFO  AutomationFramework - Pricing Save enabled: true
2026-06-01 15:23:51 [31496] INFO  AutomationFramework - Navigating to: https://cloudapps-e2e.encoreglobal.com/navigator/locations
2026-06-01 15:23:51 [31496] INFO  AutomationFramework - [fixture] Auto-accepting beforeunload dialog
2026-06-01 15:23:51 [31496] INFO  AutomationFramework - [dialog] Auto-accepting beforeunload dialog during safe navigation
2026-06-01 15:23:51 [31496] INFO  AutomationFramework - [dialog] Beforeunload dialog already handled by another listener
2026-06-01 15:23:52 [31496] INFO  AutomationFramework - [OK] Navigation successful: https://cloudapps-e2e.encoreglobal.com/navigator/locations
2026-06-01 15:23:52 [31496] INFO  AutomationFramework - Navigating to locations/1604/settings/location
2026-06-01 15:23:52 [31496] INFO  AutomationFramework - Navigating to: https://cloudapps-e2e.encoreglobal.com/navigator/locations/1604/settings/location
2026-06-01 15:23:52 [31496] INFO  AutomationFramework - [OK] Navigation successful: https://cloudapps-e2e.encoreglobal.com/navigator/locations/1604/settings/location
2026-06-01 15:23:59 [31496] INFO  AutomationFramework - [OK] Tab active: tabPricing
2026-06-01 15:23:59 [31496] INFO  AutomationFramework - Is Alternative [2021-Tier 3 Urban A]: checked=false disabled=false
  ok 336 [encore-locations] › specs\locations\location-pricing.spec.ts:552:7 › Location Pricing @locations @pricing › TC-LOC-PRI-031: Save dialog Cancel -- edit, Save, Cancel, form stays dirty, no data saved (9.4s)
2026-06-01 15:23:59 [31496] INFO  AutomationFramework - LocationPricingPage initialized
2026-06-01 15:23:59 [31496] INFO  AutomationFramework - [OK] Tab active: tabPricing
2026-06-01 15:24:00 [31496] INFO  AutomationFramework - Unchecked Radix checkbox: chkCorporatePricing
2026-06-01 15:24:00 [31496] INFO  AutomationFramework - [OK] Save button enabled
2026-06-01 15:24:00 [31496] INFO  AutomationFramework - Clicked Stay on Unsaved Changes dialog
2026-06-01 15:24:00 [31496] INFO  AutomationFramework - Pricing Save enabled: true
2026-06-01 15:24:01 [31496] INFO  AutomationFramework - Checked Radix checkbox: chkCorporatePricing
2026-06-01 15:24:01 [31496] INFO  AutomationFramework - Navigating to: https://cloudapps-e2e.encoreglobal.com/navigator/locations
2026-06-01 15:24:01 [31496] INFO  AutomationFramework - [OK] Navigation successful: https://cloudapps-e2e.encoreglobal.com/navigator/locations
2026-06-01 15:24:01 [31496] INFO  AutomationFramework - Navigating to locations/1604/settings/location
2026-06-01 15:24:01 [31496] INFO  AutomationFramework - Navigating to: https://cloudapps-e2e.encoreglobal.com/navigator/locations/1604/settings/location
2026-06-01 15:24:02 [31496] INFO  AutomationFramework - [OK] Navigation successful: https://cloudapps-e2e.encoreglobal.com/navigator/locations/1604/settings/location
2026-06-01 15:24:09 [31496] INFO  AutomationFramework - [OK] Tab active: tabPricing
  ok 337 [encore-locations] › specs\locations\location-pricing.spec.ts:574:7 › Location Pricing @locations @pricing › TC-LOC-PRI-032: Unsaved changes dialog -- edit, navigate away, Stay returns to form (9.5s)
2026-06-01 15:24:09 [31496] INFO  AutomationFramework - LocationPricingPage initialized
2026-06-01 15:24:09 [31496] INFO  AutomationFramework - Navigating to: https://cloudapps-e2e.encoreglobal.com/navigator/locations
2026-06-01 15:24:09 [31496] INFO  AutomationFramework - [OK] Navigation successful: https://cloudapps-e2e.encoreglobal.com/navigator/locations
2026-06-01 15:24:09 [31496] INFO  AutomationFramework - Navigating to locations/1604/settings/location
2026-06-01 15:24:09 [31496] INFO  AutomationFramework - Navigating to: https://cloudapps-e2e.encoreglobal.com/navigator/locations/1604/settings/location
2026-06-01 15:24:10 [31496] INFO  AutomationFramework - [OK] Navigation successful: https://cloudapps-e2e.encoreglobal.com/navigator/locations/1604/settings/location
2026-06-01 15:24:17 [31496] INFO  AutomationFramework - [OK] Tab active: tabPricing
2026-06-01 15:24:17 [31496] INFO  AutomationFramework - Pricing Save enabled: false
2026-06-01 15:24:17 [31496] INFO  AutomationFramework - Is Alternative [2021-Tier 3 Urban A]: checked=false disabled=false
2026-06-01 15:24:17 [31496] INFO  AutomationFramework - Checked Is Alternative: 2021-Tier 3 Urban A
2026-06-01 15:24:17 [31496] INFO  AutomationFramework - Use Effective Date [2021-Tier 3 Urban A]: checked=false disabled=false
2026-06-01 15:24:17 [31496] INFO  AutomationFramework - Use Effective Date [2021-Tier 3 Urban A]: checked=false disabled=false
2026-06-01 15:24:17 [31496] INFO  AutomationFramework - Checked Use Effective Date: 2021-Tier 3 Urban A
2026-06-01 15:24:17 [31496] INFO  AutomationFramework - Start Date [2021-Tier 3 Urban A] enabled: true
2026-06-01 15:24:20 [31496] INFO  AutomationFramework - [WARN] Save button did not enable within timeout
2026-06-01 15:24:21 [31496] INFO  AutomationFramework - Entered Start Date [2021-Tier 3 Urban A]: 05/01/2026
2026-06-01 15:24:21 [31496] INFO  AutomationFramework - Entered End Date [2021-Tier 3 Urban A]: 05/31/2026
2026-06-01 15:24:21 [31496] INFO  AutomationFramework - [OK] Save button enabled
2026-06-01 15:24:21 [31496] INFO  AutomationFramework - Is Alternative [2021-Tier 3 Urban A]: checked=true disabled=false
2026-06-01 15:24:22 [31496] INFO  AutomationFramework - Unchecked Is Alternative: 2021-Tier 3 Urban A
2026-06-01 15:24:22 [31496] INFO  AutomationFramework - Row reset: 2021-Tier 3 Urban A
2026-06-01 15:24:22 [31496] INFO  AutomationFramework - Navigating to: https://cloudapps-e2e.encoreglobal.com/navigator/locations
2026-06-01 15:24:22 [31496] INFO  AutomationFramework - [fixture] Auto-accepting beforeunload dialog
2026-06-01 15:24:22 [31496] INFO  AutomationFramework - [dialog] Auto-accepting beforeunload dialog during safe navigation
2026-06-01 15:24:22 [31496] INFO  AutomationFramework - [dialog] Beforeunload dialog already handled by another listener
2026-06-01 15:24:22 [31496] INFO  AutomationFramework - [OK] Navigation successful: https://cloudapps-e2e.encoreglobal.com/navigator/locations
2026-06-01 15:24:22 [31496] INFO  AutomationFramework - Navigating to locations/1604/settings/location
2026-06-01 15:24:22 [31496] INFO  AutomationFramework - Navigating to: https://cloudapps-e2e.encoreglobal.com/navigator/locations/1604/settings/location
2026-06-01 15:24:23 [31496] INFO  AutomationFramework - [OK] Navigation successful: https://cloudapps-e2e.encoreglobal.com/navigator/locations/1604/settings/location
2026-06-01 15:24:30 [31496] INFO  AutomationFramework - [OK] Tab active: tabPricing
  ok 338 [encore-locations] › specs\locations\location-pricing.spec.ts:596:7 › Location Pricing @locations @pricing › TC-LOC-PRI-033: Grid validation errors block Save -- missing dates with cascade enabled (21.6s)
2026-06-01 15:24:30 [31496] INFO  AutomationFramework - LocationPricingPage initialized
2026-06-01 15:24:31 [31496] INFO  AutomationFramework - Read-only columns [2021-Tier 3 Urban A]: 0 interactive elements
  ok 339 [encore-locations] › specs\locations\location-pricing.spec.ts:629:7 › Location Pricing @locations @pricing › TC-LOC-PRI-035: Read-only columns (Pricing Strategy, Pricebook, Currency) have no interactive elements (127ms)
2026-06-01 15:24:31 [31496] INFO  AutomationFramework - LocationSharedSetupLocationsPage initialized
2026-06-01 15:24:32 [31496] INFO  AutomationFramework - [OK] Tab active: tabSharedSetupLocations
2026-06-01 15:24:32 [31496] INFO  AutomationFramework - Change Local Office dialog opened
2026-06-01 15:24:32 [31496] INFO  AutomationFramework - Dialog search: "A"
2026-06-01 15:24:32 [31496] INFO  AutomationFramework - Dialog Cancel clicked, dialog closed
2026-06-01 15:24:35 [31496] INFO  AutomationFramework - [OK] Tab active: tabSharedSetupLocations
  ok 340 [encore-locations] › specs\locations\location-shared-setup-locations.spec.ts:38:7 › Location Shared Setup Locations @locations @shared-setup › TC-LOC-SSL-033: 1-char search filter shows ≥1 result (BVA min) (4.4s)
2026-06-01 15:24:35 [31496] INFO  AutomationFramework - LocationSharedSetupLocationsPage initialized
2026-06-01 15:24:35 [31496] INFO  AutomationFramework - Change Local Office dialog opened
2026-06-01 15:24:35 [31496] INFO  AutomationFramework - Dialog search: "XXXXXXXXXXXXXXXXXXXXXXXXXXXXXXXXXXXXXXXXXXXXXXXXXXXXXXXXXXXXXXXXXXXXXXXXXXXXXXXXXXXXXXXXXXXXXXXXXXXXXXXXXXXXXXXXXXXXXXXXXXXXXXXXXXXXXXXXXXXXXXXXXXXXXXXXXXXXXXXXXXXXXXXXXXXXXXXXXXXXXXXXXXXXXXXXXXXXXXXX"
2026-06-01 15:24:36 [31496] INFO  AutomationFramework - Dialog Cancel clicked, dialog closed
2026-06-01 15:24:39 [31496] INFO  AutomationFramework - [OK] Tab active: tabSharedSetupLocations
  ok 341 [encore-locations] › specs\locations\location-shared-setup-locations.spec.ts:61:7 › Location Shared Setup Locations @locations @shared-setup › TC-LOC-SSL-034: 200-char search does not crash dialog (BVA max) (3.6s)
2026-06-01 15:24:39 [31496] INFO  AutomationFramework - LocationSharedSetupLocationsPage initialized
2026-06-01 15:24:39 [31496] INFO  AutomationFramework - Change Local Office dialog opened
2026-06-01 15:24:39 [31496] INFO  AutomationFramework - Dialog search: "Atlanta"
2026-06-01 15:24:39 [31496] INFO  AutomationFramework - Dialog search: ""
  x  342 [encore-locations] › specs\locations\location-shared-setup-locations.spec.ts:86:7 › Location Shared Setup Locations @locations @shared-setup › TC-LOC-SSL-035: clear-input restores full row count (BVA empty after non-empty) (11.2s)
2026-06-01 15:24:59 [24264] INFO  AutomationFramework - Loading credentials from env source
2026-06-01 15:24:59 [24264] INFO  AutomationFramework - [OK] Credentials loaded for: s-prd-clickauto@psav.com
2026-06-01 15:25:05 [24264] INFO  AutomationFramework - [OK] Authenticated session ready via shared storageState
2026-06-01 15:25:05 [24264] INFO  AutomationFramework - LocationSharedSetupLocationsPage initialized
2026-06-01 15:25:05 [24264] INFO  AutomationFramework - Navigating to locations/1604/settings/location
2026-06-01 15:25:05 [24264] INFO  AutomationFramework - Navigating to: https://cloudapps-e2e.encoreglobal.com/navigator/locations/1604/settings/location
2026-06-01 15:25:06 [24264] INFO  AutomationFramework - [OK] Navigation successful: https://cloudapps-e2e.encoreglobal.com/navigator/locations/1604/settings/location
2026-06-01 15:25:10 [24264] INFO  AutomationFramework - [OK] Tab active: tabSharedSetupLocations
2026-06-01 15:25:10 [24264] INFO  AutomationFramework - Change Local Office dialog opened
2026-06-01 15:25:10 [24264] INFO  AutomationFramework - Dialog search: "Atlanta"
2026-06-01 15:25:10 [24264] INFO  AutomationFramework - Dialog search: ""
  x  343 [encore-locations] › specs\locations\location-shared-setup-locations.spec.ts:86:7 › Location Shared Setup Locations @locations @shared-setup › TC-LOC-SSL-035: clear-input restores full row count (BVA empty after non-empty) (retry #1) (15.3s)
2026-06-01 15:25:22 [35128] INFO  AutomationFramework - Loading credentials from env source
2026-06-01 15:25:22 [35128] INFO  AutomationFramework - [OK] Credentials loaded for: s-prd-clickauto@psav.com
2026-06-01 15:25:30 [35128] INFO  AutomationFramework - [OK] Authenticated session ready via shared storageState
2026-06-01 15:25:30 [35128] INFO  AutomationFramework - LocationSharedSetupLocationsPage initialized
2026-06-01 15:25:30 [35128] INFO  AutomationFramework - Navigating to locations/1604/settings/location
2026-06-01 15:25:30 [35128] INFO  AutomationFramework - Navigating to: https://cloudapps-e2e.encoreglobal.com/navigator/locations/1604/settings/location
2026-06-01 15:25:30 [35128] INFO  AutomationFramework - [OK] Navigation successful: https://cloudapps-e2e.encoreglobal.com/navigator/locations/1604/settings/location
2026-06-01 15:25:34 [35128] INFO  AutomationFramework - [OK] Tab active: tabSharedSetupLocations
2026-06-01 15:25:34 [35128] INFO  AutomationFramework - Change Local Office dialog opened
2026-06-01 15:25:34 [35128] INFO  AutomationFramework - Dialog search: "&"'<>"
2026-06-01 15:25:35 [35128] INFO  AutomationFramework - Dialog Cancel clicked, dialog closed
2026-06-01 15:25:38 [35128] INFO  AutomationFramework - [OK] Tab active: tabSharedSetupLocations
  ok 344 [encore-locations] › specs\locations\location-shared-setup-locations.spec.ts:113:7 › Location Shared Setup Locations @locations @shared-setup › TC-LOC-SSL-036: special chars return clean empty-state (no crash) (8.1s)
2026-06-01 15:25:38 [35128] INFO  AutomationFramework - LocationSharedSetupLocationsPage initialized
2026-06-01 15:25:38 [35128] INFO  AutomationFramework - Change Local Office dialog opened
2026-06-01 15:25:38 [35128] INFO  AutomationFramework - Dialog search: "   "
2026-06-01 15:25:38 [35128] INFO  AutomationFramework - Dialog Cancel clicked, dialog closed
2026-06-01 15:25:41 [35128] INFO  AutomationFramework - [OK] Tab active: tabSharedSetupLocations
  ok 345 [encore-locations] › specs\locations\location-shared-setup-locations.spec.ts:137:7 › Location Shared Setup Locations @locations @shared-setup › TC-LOC-SSL-037: whitespace-only filter does not crash (3.6s)
2026-06-01 15:25:41 [35128] INFO  AutomationFramework - LocationSharedSetupLocationsPage initialized
2026-06-01 15:25:41 [35128] INFO  AutomationFramework - Change Local Office dialog opened
2026-06-01 15:25:41 [35128] INFO  AutomationFramework - Dialog search: "  Atlanta  "
2026-06-01 15:25:42 [35128] INFO  AutomationFramework - Dialog Cancel clicked, dialog closed
2026-06-01 15:25:45 [35128] INFO  AutomationFramework - [OK] Tab active: tabSharedSetupLocations
  ok 346 [encore-locations] › specs\locations\location-shared-setup-locations.spec.ts:160:7 › Location Shared Setup Locations @locations @shared-setup › TC-LOC-SSL-038: leading/trailing whitespace matches base term (4.2s)
2026-06-01 15:25:45 [35128] INFO  AutomationFramework - LocationSharedSetupLocationsPage initialized
2026-06-01 15:25:46 [35128] INFO  AutomationFramework - Change Local Office dialog opened
2026-06-01 15:25:46 [35128] INFO  AutomationFramework - Dialog search: "Atlanta"
2026-06-01 15:25:46 [35128] INFO  AutomationFramework - Dialog search: "Boston"
2026-06-01 15:25:46 [35128] INFO  AutomationFramework - Dialog Cancel clicked, dialog closed
2026-06-01 15:25:50 [35128] INFO  AutomationFramework - [OK] Tab active: tabSharedSetupLocations
  ok 347 [encore-locations] › specs\locations\location-shared-setup-locations.spec.ts:188:7 › Location Shared Setup Locations @locations @shared-setup › TC-LOC-SSL-039: type → clear → re-type swaps results (4.3s)
2026-06-01 15:25:50 [35128] INFO  AutomationFramework - LocationSharedSetupLocationsPage initialized
2026-06-01 15:25:50 [35128] INFO  AutomationFramework - Change Local Office dialog opened
2026-06-01 15:25:50 [35128] INFO  AutomationFramework - Dialog search: "Atlanta"
2026-06-01 15:25:50 [35128] INFO  AutomationFramework - Dialog search: ""
2026-06-01 15:25:54 [35128] INFO  AutomationFramework - Dialog Cancel clicked, dialog closed
2026-06-01 15:25:57 [35128] INFO  AutomationFramework - [OK] Tab active: tabSharedSetupLocations
  ok 348 [encore-locations] › specs\locations\location-shared-setup-locations.spec.ts:217:7 › Location Shared Setup Locations @locations @shared-setup › TC-LOC-SSL-040: clear-via-input restores baseline (7.5s)
2026-06-01 15:25:57 [35128] INFO  AutomationFramework - LocationSharedSetupLocationsPage initialized
  -  349 [encore-locations] › specs\locations\location-shared-setup-locations.spec.ts:247:7 › Location Shared Setup Locations @locations @shared-setup › TC-LOC-SSL-031: delete-MIDDLE row + save + reload (3 → 2 with middle gone)
2026-06-01 15:25:57 [35128] INFO  AutomationFramework - LocationSharedSetupLocationsPage initialized
  -  350 [encore-locations] › specs\locations\location-shared-setup-locations.spec.ts:282:7 › Location Shared Setup Locations @locations @shared-setup › TC-LOC-SSL-041: delete-ALL non-self + save + reload (2 → 0 non-self)
2026-06-01 15:25:57 [35128] INFO  AutomationFramework - LocationSharedSetupLocationsPage initialized
  -  351 [encore-locations] › specs\locations\location-shared-setup-locations.spec.ts:322:7 › Location Shared Setup Locations @locations @shared-setup › TC-LOC-SSL-042: cross-row edit-preserve (toggle non-self SI → self SI unchanged)
2026-06-01 15:25:57 [35128] INFO  AutomationFramework - LocationSharedSetupLocationsPage initialized
  -  352 [encore-locations] › specs\locations\location-shared-setup-locations.spec.ts:364:7 › Location Shared Setup Locations @locations @shared-setup › TC-LOC-SSL-032: 5-row N-boundary push (add 5 non-Miami + save + reload all 5 persist)
2026-06-01 15:25:58 [35128] INFO  AutomationFramework - LocationSharedSetupLocationsPage initialized
  -  353 [encore-locations] › specs\locations\location-shared-setup-locations.spec.ts:394:7 › Location Shared Setup Locations @locations @shared-setup › TC-LOC-SSL-043: cross-row independence pre-save (toggle non-self → self unchanged in-page)
2026-06-01 15:25:58 [35128] INFO  AutomationFramework - LocationSharedSetupLocationsPage initialized
  -  354 [encore-locations] › specs\locations\location-shared-setup-locations.spec.ts:437:7 › Location Shared Setup Locations @locations @shared-setup › TC-LOC-SSL-044: SI full round-trip ON → save → OFF → save persists each leg
2026-06-01 15:25:58 [35128] INFO  AutomationFramework - LocationSharedSetupLocationsPage initialized
2026-06-01 15:25:58 [35128] INFO  AutomationFramework - [OK] Tab active: tabSharedSetupLocations
  ok 355 [encore-locations] › specs\locations\location-shared-setup-locations.spec.ts:478:7 › Location Shared Setup Locations @locations @shared-setup › TC-LOC-SSL-001: Tab loads with shared-setup table and Add button (82ms)
2026-06-01 15:25:58 [35128] INFO  AutomationFramework - LocationSharedSetupLocationsPage initialized
  ok 356 [encore-locations] › specs\locations\location-shared-setup-locations.spec.ts:488:7 › Location Shared Setup Locations @locations @shared-setup › TC-LOC-SSL-002: Column headers are correct (69ms)
2026-06-01 15:25:58 [35128] INFO  AutomationFramework - LocationSharedSetupLocationsPage initialized
  ok 357 [encore-locations] › specs\locations\location-shared-setup-locations.spec.ts:493:7 › Location Shared Setup Locations @locations @shared-setup › TC-LOC-SSL-003: Self-location row shows correct data and default checkbox states (58ms)
2026-06-01 15:25:58 [35128] INFO  AutomationFramework - LocationSharedSetupLocationsPage initialized
  ok 358 [encore-locations] › specs\locations\location-shared-setup-locations.spec.ts:510:7 › Location Shared Setup Locations @locations @shared-setup › TC-LOC-SSL-004: Primary Office is read-only (disabled) for self-location (32ms)
2026-06-01 15:25:58 [35128] INFO  AutomationFramework - LocationSharedSetupLocationsPage initialized
  ok 359 [encore-locations] › specs\locations\location-shared-setup-locations.spec.ts:518:7 › Location Shared Setup Locations @locations @shared-setup › TC-LOC-SSL-005: Delete button is disabled for self-location (27ms)
2026-06-01 15:25:58 [35128] INFO  AutomationFramework - LocationSharedSetupLocationsPage initialized
2026-06-01 15:25:58 [35128] INFO  AutomationFramework - Toggled self Shares Inventory
2026-06-01 15:25:58 [35128] INFO  AutomationFramework - Toggled self Shares Inventory
  ok 360 [encore-locations] › specs\locations\location-shared-setup-locations.spec.ts:523:7 › Location Shared Setup Locations @locations @shared-setup › TC-LOC-SSL-006: Toggling Shares Inventory ON enables left-panel Save (217ms)
2026-06-01 15:25:58 [35128] INFO  AutomationFramework - LocationSharedSetupLocationsPage initialized
  -  361 [encore-locations] › specs\locations\location-shared-setup-locations.spec.ts:533:7 › Location Shared Setup Locations @locations @shared-setup › TC-LOC-SSL-007: Reverting Shares Inventory to original state disables Save
2026-06-01 15:25:58 [35128] INFO  AutomationFramework - LocationSharedSetupLocationsPage initialized
2026-06-01 15:25:58 [35128] INFO  AutomationFramework - Toggled self Shares Inventory
2026-06-01 15:25:59 [35128] INFO  AutomationFramework - Save confirmation dialog appeared -- confirming
2026-06-01 15:25:59 [35128] INFO  AutomationFramework - [OK] Save complete (btnSave)
2026-06-01 15:26:02 [35128] INFO  AutomationFramework - [OK] Tab active: tabSharedSetupLocations
2026-06-01 15:26:02 [35128] INFO  AutomationFramework - Toggled self Shares Inventory
2026-06-01 15:26:02 [35128] INFO  AutomationFramework - Save confirmation dialog appeared -- confirming
2026-06-01 15:26:03 [35128] INFO  AutomationFramework - [OK] Save complete (btnSave)
  ok 362 [encore-locations] › specs\locations\location-shared-setup-locations.spec.ts:546:7 › Location Shared Setup Locations @locations @shared-setup › TC-LOC-SSL-008: Shares Inventory save persists after reload (5.0s)
2026-06-01 15:26:03 [35128] INFO  AutomationFramework - LocationSharedSetupLocationsPage initialized
2026-06-01 15:26:04 [35128] INFO  AutomationFramework - Change Local Office dialog opened
2026-06-01 15:26:04 [35128] INFO  AutomationFramework - Dialog Cancel clicked, dialog closed
  ok 363 [encore-locations] › specs\locations\location-shared-setup-locations.spec.ts:558:7 › Location Shared Setup Locations @locations @shared-setup › TC-LOC-SSL-009: Add button opens Change Local Office dialog (4.2s)
2026-06-01 15:26:08 [35128] INFO  AutomationFramework - LocationSharedSetupLocationsPage initialized
2026-06-01 15:26:08 [35128] INFO  AutomationFramework - Change Local Office dialog opened
2026-06-01 15:26:08 [35128] INFO  AutomationFramework - Dialog search: "Boston"
2026-06-01 15:26:08 [35128] INFO  AutomationFramework - Dialog Cancel clicked, dialog closed
  ok 364 [encore-locations] › specs\locations\location-shared-setup-locations.spec.ts:571:7 › Location Shared Setup Locations @locations @shared-setup › TC-LOC-SSL-010: Dialog search filters results by location name (754ms)
2026-06-01 15:26:08 [35128] INFO  AutomationFramework - LocationSharedSetupLocationsPage initialized
2026-06-01 15:26:08 [35128] INFO  AutomationFramework - Change Local Office dialog opened
2026-06-01 15:26:08 [35128] INFO  AutomationFramework - Dialog search: "990002"
2026-06-01 15:26:10 [35128] INFO  AutomationFramework - Dialog Cancel clicked, dialog closed
  ok 365 [encore-locations] › specs\locations\location-shared-setup-locations.spec.ts:580:7 › Location Shared Setup Locations @locations @shared-setup › TC-LOC-SSL-011: Dialog search filters results by location number (exact match) (1.4s)
2026-06-01 15:26:10 [35128] INFO  AutomationFramework - LocationSharedSetupLocationsPage initialized
2026-06-01 15:26:10 [35128] INFO  AutomationFramework - Change Local Office dialog opened
2026-06-01 15:26:10 [35128] INFO  AutomationFramework - Dialog search: "990002"
2026-06-01 15:26:11 [35128] INFO  AutomationFramework - Selected first dialog row
2026-06-01 15:26:11 [35128] INFO  AutomationFramework - Dialog Cancel clicked, dialog closed
  ok 366 [encore-locations] › specs\locations\location-shared-setup-locations.spec.ts:591:7 › Location Shared Setup Locations @locations @shared-setup › TC-LOC-SSL-012: Selecting a dialog row enables the Select button (1.5s)
2026-06-01 15:26:11 [35128] INFO  AutomationFramework - LocationSharedSetupLocationsPage initialized
2026-06-01 15:26:11 [35128] INFO  AutomationFramework - Change Local Office dialog opened
2026-06-01 15:26:11 [35128] INFO  AutomationFramework - Dialog search: "990002"
2026-06-01 15:26:12 [35128] INFO  AutomationFramework - Selected first dialog row
2026-06-01 15:26:13 [35128] INFO  AutomationFramework - Dialog Select confirmed, dialog closed
  ok 367 [encore-locations] › specs\locations\location-shared-setup-locations.spec.ts:604:7 › Location Shared Setup Locations @locations @shared-setup › TC-LOC-SSL-013: Selecting a location via dialog adds it to the table (1.5s)
2026-06-01 15:26:13 [35128] INFO  AutomationFramework - LocationSharedSetupLocationsPage initialized
  ok 368 [encore-locations] › specs\locations\location-shared-setup-locations.spec.ts:616:7 › Location Shared Setup Locations @locations @shared-setup › TC-LOC-SSL-014: Non-self row has correct state (Primary Office disabled, Shares Inventory editable) (49ms)
2026-06-01 15:26:13 [35128] INFO  AutomationFramework - LocationSharedSetupLocationsPage initialized
2026-06-01 15:26:13 [35128] INFO  AutomationFramework - Deleted row at index 2
2026-06-01 15:26:14 [35128] INFO  AutomationFramework - [fixture] Auto-accepting beforeunload dialog
2026-06-01 15:26:18 [35128] INFO  AutomationFramework - [OK] Tab active: tabSharedSetupLocations
  ok 369 [encore-locations] › specs\locations\location-shared-setup-locations.spec.ts:627:7 › Location Shared Setup Locations @locations @shared-setup › TC-LOC-SSL-015: Delete removes non-self row instantly with no confirmation dialog (4.9s)
2026-06-01 15:26:18 [35128] INFO  AutomationFramework - LocationSharedSetupLocationsPage initialized
2026-06-01 15:26:22 [35128] INFO  AutomationFramework - [OK] Tab active: tabSharedSetupLocations
2026-06-01 15:26:22 [35128] INFO  AutomationFramework - Change Local Office dialog opened
2026-06-01 15:26:22 [35128] INFO  AutomationFramework - Dialog search: "Boston"
2026-06-01 15:26:23 [35128] INFO  AutomationFramework - Selected first dialog row
2026-06-01 15:26:23 [35128] INFO  AutomationFramework - Dialog Cancel clicked, dialog closed
  ok 370 [encore-locations] › specs\locations\location-shared-setup-locations.spec.ts:641:7 › Location Shared Setup Locations @locations @shared-setup › TC-LOC-SSL-016: Cancelling the dialog after row selection leaves table and Save unchanged (5.9s)
2026-06-01 15:26:23 [35128] INFO  AutomationFramework - LocationSharedSetupLocationsPage initialized
2026-06-01 15:26:24 [35128] INFO  AutomationFramework - In-tab Save buttons found: 0
2026-06-01 15:26:24 [35128] INFO  AutomationFramework - Toggled self Shares Inventory
2026-06-01 15:26:24 [35128] INFO  AutomationFramework - Save confirmation dialog appeared -- confirming
2026-06-01 15:26:25 [35128] INFO  AutomationFramework - [OK] Save complete (btnSave)
2026-06-01 15:26:26 [35128] INFO  AutomationFramework - Toggled self Shares Inventory
2026-06-01 15:26:26 [35128] INFO  AutomationFramework - Save confirmation dialog appeared -- confirming
2026-06-01 15:26:27 [35128] INFO  AutomationFramework - [OK] Save complete (btnSave)
  ok 371 [encore-locations] › specs\locations\location-shared-setup-locations.spec.ts:664:7 › Location Shared Setup Locations @locations @shared-setup › TC-LOC-SSL-017: Tab uses left-panel Save with dialog (no dedicated in-tab Save button) (3.8s)
2026-06-01 15:26:27 [35128] INFO  AutomationFramework - LocationSharedSetupLocationsPage initialized
2026-06-01 15:26:30 [35128] INFO  AutomationFramework - [OK] Tab active: tabSharedSetupLocations
2026-06-01 15:26:30 [35128] INFO  AutomationFramework - Change Local Office dialog opened
2026-06-01 15:26:30 [35128] INFO  AutomationFramework - Dialog search: "Chicago"
2026-06-01 15:26:31 [35128] INFO  AutomationFramework - Selected first dialog row
2026-06-01 15:26:32 [35128] INFO  AutomationFramework - Dialog Select confirmed, dialog closed
2026-06-01 15:26:32 [35128] INFO  AutomationFramework - Save confirmation dialog appeared -- confirming
2026-06-01 15:26:32 [35128] INFO  AutomationFramework - [OK] Save complete (btnSave)
2026-06-01 15:26:35 [35128] INFO  AutomationFramework - [OK] Tab active: tabSharedSetupLocations
2026-06-01 15:26:36 [35128] INFO  AutomationFramework - Deleted row at index 1
2026-06-01 15:26:36 [35128] INFO  AutomationFramework - Save confirmation dialog appeared -- confirming
2026-06-01 15:26:37 [35128] INFO  AutomationFramework - [OK] Save complete (btnSave)
  ok 372 [encore-locations] › specs\locations\location-shared-setup-locations.spec.ts:677:7 › Location Shared Setup Locations @locations @shared-setup › TC-LOC-SSL-018: Add location via dialog -> save -> reload -> row persists (9.3s)
2026-06-01 15:26:37 [35128] INFO  AutomationFramework - LocationSharedSetupLocationsPage initialized
2026-06-01 15:26:40 [35128] INFO  AutomationFramework - [OK] Tab active: tabSharedSetupLocations
2026-06-01 15:26:40 [35128] INFO  AutomationFramework - Change Local Office dialog opened
2026-06-01 15:26:40 [35128] INFO  AutomationFramework - Dialog search: "Boston"
2026-06-01 15:26:42 [35128] INFO  AutomationFramework - Selected first dialog row
2026-06-01 15:26:42 [35128] INFO  AutomationFramework - Dialog Select confirmed, dialog closed
2026-06-01 15:26:42 [35128] INFO  AutomationFramework - Save confirmation dialog appeared -- confirming
2026-06-01 15:26:44 [35128] INFO  AutomationFramework - [OK] Save complete (btnSave)
2026-06-01 15:26:47 [35128] INFO  AutomationFramework - [OK] Tab active: tabSharedSetupLocations
2026-06-01 15:26:47 [35128] INFO  AutomationFramework - Toggled non-self Shares Inventory at row 1
2026-06-01 15:26:47 [35128] INFO  AutomationFramework - Save confirmation dialog appeared -- confirming
2026-06-01 15:26:47 [35128] INFO  AutomationFramework - [OK] Save complete (btnSave)
2026-06-01 15:26:50 [35128] INFO  AutomationFramework - [OK] Tab active: tabSharedSetupLocations
2026-06-01 15:26:50 [35128] INFO  AutomationFramework - Deleted row at index 1
2026-06-01 15:26:50 [35128] INFO  AutomationFramework - Save confirmation dialog appeared -- confirming
2026-06-01 15:26:51 [35128] INFO  AutomationFramework - [OK] Save complete (btnSave)
  ok 373 [encore-locations] › specs\locations\location-shared-setup-locations.spec.ts:709:7 › Location Shared Setup Locations @locations @shared-setup › TC-LOC-SSL-019: Non-self Shares Inventory toggle -> save -> reload -> persisted (14.2s)
2026-06-01 15:26:51 [35128] INFO  AutomationFramework - LocationSharedSetupLocationsPage initialized
2026-06-01 15:26:54 [35128] INFO  AutomationFramework - [OK] Tab active: tabSharedSetupLocations
2026-06-01 15:26:54 [35128] INFO  AutomationFramework - Change Local Office dialog opened
2026-06-01 15:26:54 [35128] INFO  AutomationFramework - Dialog search: "Dallas"
2026-06-01 15:26:56 [35128] INFO  AutomationFramework - Selected first dialog row
2026-06-01 15:26:57 [35128] INFO  AutomationFramework - Dialog Select confirmed, dialog closed
2026-06-01 15:26:57 [35128] INFO  AutomationFramework - Save confirmation dialog appeared -- confirming
2026-06-01 15:26:58 [35128] INFO  AutomationFramework - [OK] Save complete (btnSave)
2026-06-01 15:27:02 [35128] INFO  AutomationFramework - [OK] Tab active: tabSharedSetupLocations
2026-06-01 15:27:02 [35128] INFO  AutomationFramework - Deleted row at index 1
2026-06-01 15:27:02 [35128] INFO  AutomationFramework - Save confirmation dialog appeared -- confirming
2026-06-01 15:27:03 [35128] INFO  AutomationFramework - [OK] Save complete (btnSave)
2026-06-01 15:27:06 [35128] INFO  AutomationFramework - [OK] Tab active: tabSharedSetupLocations
  ok 374 [encore-locations] › specs\locations\location-shared-setup-locations.spec.ts:744:7 › Location Shared Setup Locations @locations @shared-setup › TC-LOC-SSL-020: Delete location -> save -> reload -> row removed (15.1s)
2026-06-01 15:27:06 [35128] INFO  AutomationFramework - LocationSharedSetupLocationsPage initialized
2026-06-01 15:27:09 [35128] INFO  AutomationFramework - [OK] Tab active: tabSharedSetupLocations
2026-06-01 15:27:09 [35128] INFO  AutomationFramework - Toggled self Shares Inventory
2026-06-01 15:27:09 [35128] INFO  AutomationFramework - Change Local Office dialog opened
2026-06-01 15:27:09 [35128] INFO  AutomationFramework - Dialog search: "Denver"
2026-06-01 15:27:12 [35128] INFO  AutomationFramework - Selected first dialog row
2026-06-01 15:27:12 [35128] INFO  AutomationFramework - Dialog Select confirmed, dialog closed
2026-06-01 15:27:12 [35128] INFO  AutomationFramework - Save confirmation dialog appeared -- confirming
2026-06-01 15:27:14 [35128] INFO  AutomationFramework - [OK] Save complete (btnSave)
2026-06-01 15:27:16 [35128] INFO  AutomationFramework - [OK] Tab active: tabSharedSetupLocations
2026-06-01 15:27:16 [35128] INFO  AutomationFramework - Unchecked Radix checkbox: chkSelfSharesInventory
2026-06-01 15:27:17 [35128] INFO  AutomationFramework - Deleted row at index 2
2026-06-01 15:27:17 [35128] INFO  AutomationFramework - Save confirmation dialog appeared -- confirming
2026-06-01 15:27:18 [35128] INFO  AutomationFramework - [OK] Save complete (btnSave)
  ok 375 [encore-locations] › specs\locations\location-shared-setup-locations.spec.ts:771:7 › Location Shared Setup Locations @locations @shared-setup › TC-LOC-SSL-021: Combined self SI + add location -> save -> reload -> both persisted (12.1s)
2026-06-01 15:27:18 [35128] INFO  AutomationFramework - LocationSharedSetupLocationsPage initialized
2026-06-01 15:27:21 [35128] INFO  AutomationFramework - [OK] Tab active: tabSharedSetupLocations
2026-06-01 15:27:22 [35128] INFO  AutomationFramework - Toggled self Shares Inventory
2026-06-01 15:27:22 [35128] INFO  AutomationFramework - Clicking element: btnSave
2026-06-01 15:27:22 [35128] INFO  AutomationFramework - [OK] Click successful: btnSave
2026-06-01 15:27:22 [35128] INFO  AutomationFramework - Waiting for element: dlgSaveChanges
2026-06-01 15:27:22 [35128] INFO  AutomationFramework - [OK] Element visible: dlgSaveChanges
2026-06-01 15:27:22 [35128] INFO  AutomationFramework - [OK] Save Changes dialog opened (not confirmed)
2026-06-01 15:27:22 [35128] INFO  AutomationFramework - Clicking element: btnSaveChangesCancel
2026-06-01 15:27:22 [35128] INFO  AutomationFramework - [OK] Click successful: btnSaveChangesCancel
2026-06-01 15:27:22 [35128] INFO  AutomationFramework - Cancelled Save Changes dialog
2026-06-01 15:27:22 [35128] INFO  AutomationFramework - [fixture] Auto-accepting beforeunload dialog
2026-06-01 15:27:25 [35128] INFO  AutomationFramework - [OK] Tab active: tabSharedSetupLocations
  ok 376 [encore-locations] › specs\locations\location-shared-setup-locations.spec.ts:803:7 › Location Shared Setup Locations @locations @shared-setup › TC-LOC-SSL-022: Cancel Save dialog -> changes not persisted after reload (6.7s)
2026-06-01 15:27:25 [35128] INFO  AutomationFramework - LocationSharedSetupLocationsPage initialized
2026-06-01 15:27:28 [35128] INFO  AutomationFramework - [OK] Tab active: tabSharedSetupLocations
2026-06-01 15:27:28 [35128] INFO  AutomationFramework - Toggled self Shares Inventory
2026-06-01 15:27:28 [35128] INFO  AutomationFramework - [fixture] Auto-accepting beforeunload dialog
2026-06-01 15:27:29 [35128] INFO  AutomationFramework - Navigating to: https://cloudapps-e2e.encoreglobal.com/navigator/navigator/locations/1604/home
2026-06-01 15:27:29 [35128] INFO  AutomationFramework - [OK] Navigation successful: https://cloudapps-e2e.encoreglobal.com/navigator/navigator/locations/1604/home
2026-06-01 15:27:33 [35128] INFO  AutomationFramework - Navigating to locations/1604/settings/location
2026-06-01 15:27:33 [35128] INFO  AutomationFramework - Navigating to: https://cloudapps-e2e.encoreglobal.com/navigator/locations/1604/settings/location
2026-06-01 15:27:34 [35128] INFO  AutomationFramework - [OK] Navigation successful: https://cloudapps-e2e.encoreglobal.com/navigator/locations/1604/settings/location
2026-06-01 15:27:37 [35128] INFO  AutomationFramework - [OK] Tab active: tabSharedSetupLocations
  ok 377 [encore-locations] › specs\locations\location-shared-setup-locations.spec.ts:822:7 › Location Shared Setup Locations @locations @shared-setup › TC-LOC-SSL-023: Beforeunload fires when SSL form is dirty (12.2s)
2026-06-01 15:27:37 [35128] INFO  AutomationFramework - LocationSharedSetupLocationsPage initialized
2026-06-01 15:27:40 [35128] INFO  AutomationFramework - [OK] Tab active: tabSharedSetupLocations
2026-06-01 15:27:41 [35128] INFO  AutomationFramework - Change Local Office dialog opened
2026-06-01 15:27:41 [35128] INFO  AutomationFramework - Dialog search: "Atlanta"
2026-06-01 15:27:42 [35128] INFO  AutomationFramework - Selected first dialog row
2026-06-01 15:27:43 [35128] INFO  AutomationFramework - Dialog Select confirmed, dialog closed
2026-06-01 15:27:43 [35128] INFO  AutomationFramework - Save confirmation dialog appeared -- confirming
2026-06-01 15:27:45 [35128] INFO  AutomationFramework - [OK] Save complete (btnSave)
2026-06-01 15:27:45 [35128] INFO  AutomationFramework - Change Local Office dialog opened
2026-06-01 15:27:45 [35128] INFO  AutomationFramework - Dialog search: "1565"
  x  378 [encore-locations] › specs\locations\location-shared-setup-locations.spec.ts:837:7 › Location Shared Setup Locations @locations @shared-setup › TC-LOC-SSL-024: Already-added location is absent from Change Local Office dialog (9.7s)
2026-06-01 15:27:49 [1784] INFO  AutomationFramework - Loading credentials from env source
2026-06-01 15:27:49 [1784] INFO  AutomationFramework - [OK] Credentials loaded for: s-prd-clickauto@psav.com
2026-06-01 15:27:57 [1784] INFO  AutomationFramework - [OK] Authenticated session ready via shared storageState
2026-06-01 15:27:57 [1784] INFO  AutomationFramework - LocationSharedSetupLocationsPage initialized
2026-06-01 15:27:57 [1784] INFO  AutomationFramework - Navigating to locations/1604/settings/location
2026-06-01 15:27:57 [1784] INFO  AutomationFramework - Navigating to: https://cloudapps-e2e.encoreglobal.com/navigator/locations/1604/settings/location
2026-06-01 15:27:58 [1784] INFO  AutomationFramework - [OK] Navigation successful: https://cloudapps-e2e.encoreglobal.com/navigator/locations/1604/settings/location
2026-06-01 15:28:02 [1784] INFO  AutomationFramework - [OK] Tab active: tabSharedSetupLocations
2026-06-01 15:28:04 [1784] INFO  AutomationFramework - [OK] Tab active: tabSharedSetupLocations
2026-06-01 15:28:04 [1784] INFO  AutomationFramework - [CLEANUP] Dirty state: non-self=true, SI=true — cleaning
2026-06-01 15:28:05 [1784] INFO  AutomationFramework - Deleted row at index 1
2026-06-01 15:28:05 [1784] INFO  AutomationFramework - Save confirmation dialog appeared -- confirming
2026-06-01 15:28:06 [1784] INFO  AutomationFramework - [OK] Save complete (btnSave)
2026-06-01 15:28:10 [1784] INFO  AutomationFramework - [OK] Tab active: tabSharedSetupLocations
2026-06-01 15:28:10 [1784] INFO  AutomationFramework - Change Local Office dialog opened
2026-06-01 15:28:10 [1784] INFO  AutomationFramework - Dialog search: "Atlanta"
2026-06-01 15:28:11 [1784] INFO  AutomationFramework - Selected first dialog row
2026-06-01 15:28:12 [1784] INFO  AutomationFramework - Dialog Select confirmed, dialog closed
2026-06-01 15:28:12 [1784] INFO  AutomationFramework - Save confirmation dialog appeared -- confirming
2026-06-01 15:28:13 [1784] INFO  AutomationFramework - [OK] Save complete (btnSave)
2026-06-01 15:28:14 [1784] INFO  AutomationFramework - Change Local Office dialog opened
2026-06-01 15:28:14 [1784] INFO  AutomationFramework - Dialog search: "1565"
  x  379 [encore-locations] › specs\locations\location-shared-setup-locations.spec.ts:837:7 › Location Shared Setup Locations @locations @shared-setup › TC-LOC-SSL-024: Already-added location is absent from Change Local Office dialog (retry #1) (17.6s)
2026-06-01 15:28:16 [29044] INFO  AutomationFramework - Loading credentials from env source
2026-06-01 15:28:16 [29044] INFO  AutomationFramework - [OK] Credentials loaded for: s-prd-clickauto@psav.com
2026-06-01 15:28:24 [29044] INFO  AutomationFramework - [OK] Authenticated session ready via shared storageState
2026-06-01 15:28:24 [29044] INFO  AutomationFramework - LocationSharedSetupLocationsPage initialized
2026-06-01 15:28:24 [29044] INFO  AutomationFramework - Navigating to locations/1604/settings/location
2026-06-01 15:28:24 [29044] INFO  AutomationFramework - Navigating to: https://cloudapps-e2e.encoreglobal.com/navigator/locations/1604/settings/location
2026-06-01 15:28:24 [29044] INFO  AutomationFramework - [OK] Navigation successful: https://cloudapps-e2e.encoreglobal.com/navigator/locations/1604/settings/location
2026-06-01 15:28:27 [29044] INFO  AutomationFramework - [OK] Tab active: tabSharedSetupLocations
  ok 380 [encore-locations] › specs\locations\location-shared-setup-locations.spec.ts:868:7 › Location Shared Setup Locations @locations @shared-setup › TC-LOC-SSL-025: Each column header testid resolves to expected text (4.0s)
2026-06-01 15:28:28 [29044] INFO  AutomationFramework - LocationSharedSetupLocationsPage initialized
  -  381 [encore-locations] › specs\locations\location-shared-setup-locations.spec.ts:878:7 › Location Shared Setup Locations @locations @shared-setup › TC-LOC-SSL-026: Dialog number-search "1233" returns exactly the Miami Marriott office
2026-06-01 15:28:28 [29044] INFO  AutomationFramework - LocationSharedSetupLocationsPage initialized
2026-06-01 15:28:31 [29044] INFO  AutomationFramework - [OK] Tab active: tabSharedSetupLocations
2026-06-01 15:28:31 [29044] INFO  AutomationFramework - [CLEANUP] Dirty state: non-self=true, SI=true — cleaning
2026-06-01 15:28:31 [29044] INFO  AutomationFramework - Deleted row at index 1
2026-06-01 15:28:32 [29044] INFO  AutomationFramework - Save confirmation dialog appeared -- confirming
2026-06-01 15:28:32 [29044] INFO  AutomationFramework - [OK] Save complete (btnSave)
2026-06-01 15:28:35 [29044] INFO  AutomationFramework - [OK] Tab active: tabSharedSetupLocations
2026-06-01 15:28:35 [29044] INFO  AutomationFramework - Toggled self Shares Inventory
2026-06-01 15:28:35 [29044] INFO  AutomationFramework - Change Local Office dialog opened
2026-06-01 15:28:35 [29044] INFO  AutomationFramework - Dialog search: "Chicago"
2026-06-01 15:28:37 [29044] INFO  AutomationFramework - Selected first dialog row
2026-06-01 15:28:37 [29044] INFO  AutomationFramework - Dialog Select confirmed, dialog closed
2026-06-01 15:28:38 [29044] INFO  AutomationFramework - Save confirmation dialog appeared -- confirming
2026-06-01 15:28:38 [29044] INFO  AutomationFramework - [OK] Save complete (btnSave)
2026-06-01 15:28:41 [29044] INFO  AutomationFramework - [OK] Tab active: tabSharedSetupLocations
2026-06-01 15:28:41 [29044] INFO  AutomationFramework - Unchecked Radix checkbox: chkSelfSharesInventory
2026-06-01 15:28:42 [29044] INFO  AutomationFramework - Deleted row at index 1
2026-06-01 15:28:42 [29044] INFO  AutomationFramework - Save confirmation dialog appeared -- confirming
2026-06-01 15:28:42 [29044] INFO  AutomationFramework - [OK] Save complete (btnSave)
  ok 382 [encore-locations] › specs\locations\location-shared-setup-locations.spec.ts:893:7 › Location Shared Setup Locations @locations @shared-setup › TC-LOC-SSL-027: Combined self SI + add non-Miami row + save persists both after reload (14.8s)
2026-06-01 15:28:42 [29044] INFO  AutomationFramework - LocationSharedSetupLocationsPage initialized
2026-06-01 15:28:45 [29044] INFO  AutomationFramework - [OK] Tab active: tabSharedSetupLocations
2026-06-01 15:28:45 [29044] INFO  AutomationFramework - [CLEANUP] Dirty state: non-self=false, SI=true — cleaning
2026-06-01 15:28:45 [29044] INFO  AutomationFramework - Unchecked Radix checkbox: chkSelfSharesInventory
2026-06-01 15:28:46 [29044] INFO  AutomationFramework - Save confirmation dialog appeared -- confirming
2026-06-01 15:28:47 [29044] INFO  AutomationFramework - [OK] Save complete (btnSave)
2026-06-01 15:28:50 [29044] INFO  AutomationFramework - [OK] Tab active: tabSharedSetupLocations
2026-06-01 15:28:50 [29044] INFO  AutomationFramework - Toggled self Shares Inventory
2026-06-01 15:28:50 [29044] INFO  AutomationFramework - Clicked top-level tab: tabLocationManagementHistory
2026-06-01 15:28:51 [29044] INFO  AutomationFramework - Navigating to: https://cloudapps-e2e.encoreglobal.com/navigator/navigator/locations/1604/home
2026-06-01 15:28:51 [29044] INFO  AutomationFramework - [fixture] Auto-accepting beforeunload dialog
2026-06-01 15:28:51 [29044] INFO  AutomationFramework - [OK] Navigation successful: https://cloudapps-e2e.encoreglobal.com/navigator/navigator/locations/1604/home
2026-06-01 15:28:55 [29044] INFO  AutomationFramework - Navigating to locations/1604/settings/location
2026-06-01 15:28:55 [29044] INFO  AutomationFramework - Navigating to: https://cloudapps-e2e.encoreglobal.com/navigator/locations/1604/settings/location
2026-06-01 15:28:56 [29044] INFO  AutomationFramework - [OK] Navigation successful: https://cloudapps-e2e.encoreglobal.com/navigator/locations/1604/settings/location
2026-06-01 15:28:59 [29044] INFO  AutomationFramework - [OK] Tab active: tabSharedSetupLocations
  ok 383 [encore-locations] › specs\locations\location-shared-setup-locations.spec.ts:927:7 › Location Shared Setup Locations @locations @shared-setup › TC-LOC-SSL-028: Top-tab switch with dirty form shows Unsaved Changes dialog; Stay preserves state (16.3s)
2026-06-01 15:28:59 [29044] INFO  AutomationFramework - LocationSharedSetupLocationsPage initialized
2026-06-01 15:28:59 [29044] INFO  AutomationFramework - rapidClickAdd: fired 5 clicks at 50ms intervals
2026-06-01 15:28:59 [29044] INFO  AutomationFramework - Dialog Cancel clicked, dialog closed
  ok 384 [encore-locations] › specs\locations\location-shared-setup-locations.spec.ts:943:7 › Location Shared Setup Locations @locations @shared-setup › TC-LOC-SSL-029: Five rapid Add-button clicks open exactly one dialog (649ms)
2026-06-01 15:28:59 [29044] INFO  AutomationFramework - LocationSharedSetupLocationsPage initialized
  -  385 [encore-locations] › specs\locations\location-shared-setup-locations.spec.ts:972:7 › Location Shared Setup Locations @locations @shared-setup › TC-LOC-SSL-030: Add three non-Miami rows + save + reload → all three persist
2026-06-01 15:29:00 [28528] INFO  AutomationFramework - Global teardown complete


  1) [encore-local-office] › specs\local-office\local-office-history.spec.ts:55:7 › Local Office Settings — History Tab @locations @local-office-history › TC-LOS-HIS-006: History tab is read-only — no Save, no editable fields 

    Error: [2mexpect([22m[31mreceived[39m[2m).[22mtoBe[2m([22m[32mexpected[39m[2m) // Object.is equality[22m

    Expected: [32mtrue[39m
    Received: [31mfalse[39m

      55 |   test('TC-LOS-HIS-006: History tab is read-only — no Save, no editable fields', async ({ localOfficeHistoryPage, dependencyGate }) => {
      56 |     dependencyGate(['TC-LOS-HIS-001']);
    > 57 |     expect(await localOfficeHistoryPage.isHistoryTabReadOnly()).toBe(true);
         |                                                                 ^
      58 |   });
      59 |
      60 |   test('TC-LOS-HIS-007: Sort buttons present', async ({ localOfficeHistoryPage, dependencyGate }) => {
        at C:\Users\rutvi\projects\encore_framework\clients\encore\specs\local-office\local-office-history.spec.ts:57:65

    attachment #1: screenshot (image/png) ──────────────────────────────────────────────────────────
    reports\test-results\local-office-history-Local-c0425--no-Save-no-editable-fields-encore-local-office\test-failed-1.png
    ────────────────────────────────────────────────────────────────────────────────────────────────

    Error Context: reports\test-results\local-office-history-Local-c0425--no-Save-no-editable-fields-encore-local-office\error-context.md

    attachment #4: trace (application/zip) ─────────────────────────────────────────────────────────
    reports\test-results\local-office-history-Local-c0425--no-Save-no-editable-fields-encore-local-office\trace.zip
    Usage:

        npx playwright show-trace reports\test-results\local-office-history-Local-c0425--no-Save-no-editable-fields-encore-local-office\trace.zip

    ────────────────────────────────────────────────────────────────────────────────────────────────

    Retry #1 ───────────────────────────────────────────────────────────────────────────────────────

    Error: [2mexpect([22m[31mreceived[39m[2m).[22mtoBe[2m([22m[32mexpected[39m[2m) // Object.is equality[22m

    Expected: [32mtrue[39m
    Received: [31mfalse[39m

      55 |   test('TC-LOS-HIS-006: History tab is read-only — no Save, no editable fields', async ({ localOfficeHistoryPage, dependencyGate }) => {
      56 |     dependencyGate(['TC-LOS-HIS-001']);
    > 57 |     expect(await localOfficeHistoryPage.isHistoryTabReadOnly()).toBe(true);
         |                                                                 ^
      58 |   });
      59 |
      60 |   test('TC-LOS-HIS-007: Sort buttons present', async ({ localOfficeHistoryPage, dependencyGate }) => {
        at C:\Users\rutvi\projects\encore_framework\clients\encore\specs\local-office\local-office-history.spec.ts:57:65

    attachment #1: screenshot (image/png) ──────────────────────────────────────────────────────────
    reports\test-results\local-office-history-Local-c0425--no-Save-no-editable-fields-encore-local-office-retry1\test-failed-1.png
    ────────────────────────────────────────────────────────────────────────────────────────────────

    Error Context: reports\test-results\local-office-history-Local-c0425--no-Save-no-editable-fields-encore-local-office-retry1\error-context.md

    attachment #4: trace (application/zip) ─────────────────────────────────────────────────────────
    reports\test-results\local-office-history-Local-c0425--no-Save-no-editable-fields-encore-local-office-retry1\trace.zip
    Usage:

        npx playwright show-trace reports\test-results\local-office-history-Local-c0425--no-Save-no-editable-fields-encore-local-office-retry1\trace.zip

    ────────────────────────────────────────────────────────────────────────────────────────────────

  2) [encore-locations] › specs\locations\history\location-hist-notes.spec.ts:157:7 › Location Management HIST — Notes col 69 @locations @management-history @notes-hist › TC-LOC-NTS-028: HIST col 69 — empty to "hello" save 

    Error: Top row Modified On "05/29/2026 12:16:18 PM" not within 86400000ms of now after 15000ms wait — sort may not have applied

       at src\pages\locations\location-management-history.page.ts:340

      338 |       await this.page.waitForTimeout(200);
      339 |     }
    > 340 |     throw new Error(`Top row Modified On "${lastVal}" not within ${maxAgeMs}ms of now after ${timeoutMs}ms wait — sort may not have applied`);
          |           ^
      341 |   }
      342 |
      343 |  // ─────────────────────────────────────────────────────────────────────────────
        at LocationManagementHistoryPage.waitForRecentTopRow (C:\Users\rutvi\projects\encore_framework\clients\encore\src\pages\locations\location-management-history.page.ts:340:11)
        at runCol69Assertion (C:\Users\rutvi\projects\encore_framework\clients\encore\specs\locations\history\location-hist-notes.spec.ts:119:5)
        at C:\Users\rutvi\projects\encore_framework\clients\encore\specs\locations\history\location-hist-notes.spec.ts:162:5

    attachment #1: screenshot (image/png) ──────────────────────────────────────────────────────────
    reports\test-results\history-location-hist-note-17d7d-ol-69-—-empty-to-hello-save-encore-locations\test-failed-1.png
    ────────────────────────────────────────────────────────────────────────────────────────────────

    Error Context: reports\test-results\history-location-hist-note-17d7d-ol-69-—-empty-to-hello-save-encore-locations\error-context.md

    attachment #4: trace (application/zip) ─────────────────────────────────────────────────────────
    reports\test-results\history-location-hist-note-17d7d-ol-69-—-empty-to-hello-save-encore-locations\trace.zip
    Usage:

        npx playwright show-trace reports\test-results\history-location-hist-note-17d7d-ol-69-—-empty-to-hello-save-encore-locations\trace.zip

    ────────────────────────────────────────────────────────────────────────────────────────────────

    Retry #1 ───────────────────────────────────────────────────────────────────────────────────────

    Error: [2mexpect([22m[31mreceived[39m[2m).[22mtoBe[2m([22m[32mexpected[39m[2m) // Object.is equality[22m

    Expected: [32m"06/01/2026 - hello"[39m
    Received: [31m""[39m

      138 |       const firstRow = rows[0];
      139 |       const actual = firstRow ? (firstRow.Notes ?? '<no Notes col on row 0>') : '<no rows since sinceMs>';
    > 140 |       expect(actual).toBe(formA);
          |                      ^
      141 |       return; // unreachable — expect above throws
      142 |     }
      143 |     // Strict equality on the matched row's Notes value.
        at runCol69Assertion (C:\Users\rutvi\projects\encore_framework\clients\encore\specs\locations\history\location-hist-notes.spec.ts:140:22)
        at C:\Users\rutvi\projects\encore_framework\clients\encore\specs\locations\history\location-hist-notes.spec.ts:162:5

    attachment #1: screenshot (image/png) ──────────────────────────────────────────────────────────
    reports\test-results\history-location-hist-note-17d7d-ol-69-—-empty-to-hello-save-encore-locations-retry1\test-failed-1.png
    ────────────────────────────────────────────────────────────────────────────────────────────────

    Error Context: reports\test-results\history-location-hist-note-17d7d-ol-69-—-empty-to-hello-save-encore-locations-retry1\error-context.md

    attachment #4: trace (application/zip) ─────────────────────────────────────────────────────────
    reports\test-results\history-location-hist-note-17d7d-ol-69-—-empty-to-hello-save-encore-locations-retry1\trace.zip
    Usage:

        npx playwright show-trace reports\test-results\history-location-hist-note-17d7d-ol-69-—-empty-to-hello-save-encore-locations-retry1\trace.zip

    ────────────────────────────────────────────────────────────────────────────────────────────────

  3) [encore-locations] › specs\locations\location-management-history.spec.ts:96:7 › Location Management History @locations @management-history › TC-LOC-MGH-008: Data row renders with correct values (location 1604) 

    Error: Currency column should not be empty in latest history row

    [2mexpect([22m[31mreceived[39m[2m).[22mtoBeTruthy[2m()[22m

    Received: [31m""[39m

      106 |  // are immutable for office 1604 and would catch a real regression (wrong row, empty table).
      107 |       if (key === 'Active' || key === 'Currency') {
    > 108 |         expect(row[key], `${key} column should not be empty in latest history row`).toBeTruthy();
          |                                                                                     ^
      109 |       } else {
      110 |         expect(row[key]).toBe(expected);
      111 |       }
        at C:\Users\rutvi\projects\encore_framework\clients\encore\specs\locations\location-management-history.spec.ts:108:85

    attachment #1: screenshot (image/png) ──────────────────────────────────────────────────────────
    reports\test-results\location-management-histor-3facf-rrect-values-location-1604--encore-locations\test-failed-1.png
    ────────────────────────────────────────────────────────────────────────────────────────────────

    Error Context: reports\test-results\location-management-histor-3facf-rrect-values-location-1604--encore-locations\error-context.md

    attachment #4: trace (application/zip) ─────────────────────────────────────────────────────────
    reports\test-results\location-management-histor-3facf-rrect-values-location-1604--encore-locations\trace.zip
    Usage:

        npx playwright show-trace reports\test-results\location-management-histor-3facf-rrect-values-location-1604--encore-locations\trace.zip

    ────────────────────────────────────────────────────────────────────────────────────────────────

    Retry #1 ───────────────────────────────────────────────────────────────────────────────────────

    Error: Currency column should not be empty in latest history row

    [2mexpect([22m[31mreceived[39m[2m).[22mtoBeTruthy[2m()[22m

    Received: [31m""[39m

      106 |  // are immutable for office 1604 and would catch a real regression (wrong row, empty table).
      107 |       if (key === 'Active' || key === 'Currency') {
    > 108 |         expect(row[key], `${key} column should not be empty in latest history row`).toBeTruthy();
          |                                                                                     ^
      109 |       } else {
      110 |         expect(row[key]).toBe(expected);
      111 |       }
        at C:\Users\rutvi\projects\encore_framework\clients\encore\specs\locations\location-management-history.spec.ts:108:85

    attachment #1: screenshot (image/png) ──────────────────────────────────────────────────────────
    reports\test-results\location-management-histor-3facf-rrect-values-location-1604--encore-locations-retry1\test-failed-1.png
    ────────────────────────────────────────────────────────────────────────────────────────────────

    Error Context: reports\test-results\location-management-histor-3facf-rrect-values-location-1604--encore-locations-retry1\error-context.md

    attachment #4: trace (application/zip) ─────────────────────────────────────────────────────────
    reports\test-results\location-management-histor-3facf-rrect-values-location-1604--encore-locations-retry1\trace.zip
    Usage:

        npx playwright show-trace reports\test-results\location-management-histor-3facf-rrect-values-location-1604--encore-locations-retry1\trace.zip

    ────────────────────────────────────────────────────────────────────────────────────────────────

  4) [encore-locations] › specs\locations\location-management-history.spec.ts:183:7 › Location Management History @locations @management-history › TC-LOC-MGH-015: Read-only -- no Add/Edit/Delete controls present 

    Error: [2mexpect([22m[31mreceived[39m[2m).[22mtoBe[2m([22m[32mexpected[39m[2m) // Object.is equality[22m

    Expected: [32mtrue[39m
    Received: [31mfalse[39m

      183 |   test('TC-LOC-MGH-015: Read-only -- no Add/Edit/Delete controls present', async ({ locationManagementHistoryPage, dependencyGate }) => {
      184 |     dependencyGate(['TC-LOC-MGH-001']);
    > 185 |     expect(await locationManagementHistoryPage.isReadOnly()).toBe(true);
          |                                                              ^
      186 |   });
      187 |
      188 |   test('TC-LOC-MGH-016: Read-only -- table cells are not interactive', async ({ locationManagementHistoryPage, dependencyGate }) => {
        at C:\Users\rutvi\projects\encore_framework\clients\encore\specs\locations\location-management-history.spec.ts:185:62

    attachment #1: screenshot (image/png) ──────────────────────────────────────────────────────────
    reports\test-results\location-management-histor-8e5dd-dit-Delete-controls-present-encore-locations\test-failed-1.png
    ────────────────────────────────────────────────────────────────────────────────────────────────

    Error Context: reports\test-results\location-management-histor-8e5dd-dit-Delete-controls-present-encore-locations\error-context.md

    attachment #4: trace (application/zip) ─────────────────────────────────────────────────────────
    reports\test-results\location-management-histor-8e5dd-dit-Delete-controls-present-encore-locations\trace.zip
    Usage:

        npx playwright show-trace reports\test-results\location-management-histor-8e5dd-dit-Delete-controls-present-encore-locations\trace.zip

    ────────────────────────────────────────────────────────────────────────────────────────────────

    Retry #1 ───────────────────────────────────────────────────────────────────────────────────────

    Error: [2mexpect([22m[31mreceived[39m[2m).[22mtoBe[2m([22m[32mexpected[39m[2m) // Object.is equality[22m

    Expected: [32mtrue[39m
    Received: [31mfalse[39m

      183 |   test('TC-LOC-MGH-015: Read-only -- no Add/Edit/Delete controls present', async ({ locationManagementHistoryPage, dependencyGate }) => {
      184 |     dependencyGate(['TC-LOC-MGH-001']);
    > 185 |     expect(await locationManagementHistoryPage.isReadOnly()).toBe(true);
          |                                                              ^
      186 |   });
      187 |
      188 |   test('TC-LOC-MGH-016: Read-only -- table cells are not interactive', async ({ locationManagementHistoryPage, dependencyGate }) => {
        at C:\Users\rutvi\projects\encore_framework\clients\encore\specs\locations\location-management-history.spec.ts:185:62

    attachment #1: screenshot (image/png) ──────────────────────────────────────────────────────────
    reports\test-results\location-management-histor-8e5dd-dit-Delete-controls-present-encore-locations-retry1\test-failed-1.png
    ────────────────────────────────────────────────────────────────────────────────────────────────

    Error Context: reports\test-results\location-management-histor-8e5dd-dit-Delete-controls-present-encore-locations-retry1\error-context.md

    attachment #4: trace (application/zip) ─────────────────────────────────────────────────────────
    reports\test-results\location-management-histor-8e5dd-dit-Delete-controls-present-encore-locations-retry1\trace.zip
    Usage:

        npx playwright show-trace reports\test-results\location-management-histor-8e5dd-dit-Delete-controls-present-encore-locations-retry1\trace.zip

    ────────────────────────────────────────────────────────────────────────────────────────────────

  5) [encore-locations] › specs\locations\location-shared-setup-locations.spec.ts:86:7 › Location Shared Setup Locations @locations @shared-setup › TC-LOC-SSL-035: clear-input restores full row count (BVA empty after non-empty) 

    Error: [2mexpect([22m[31mreceived[39m[2m).[22mtoBeGreaterThan[2m([22m[32mexpected[39m[2m)[22m

    Expected: > [32m3000[39m
    Received:   [31m2653[39m

    Call Log:
    - Timeout 10000ms exceeded while waiting on the predicate

       99 |       },
      100 |       expectBeforeSave: async () => {
    > 101 |         await expect.poll(() => pg.getDialogRowCount(), { timeout: 10_000 }).toBeGreaterThan(SEARCH_BULK_LOWER_BOUND);
          |                                                                              ^
      102 |       },
      103 |       saveAndConfirm: () => pg.clickDialogCancel(),
      104 |       reload: () => pg.reloadAndNavigateToSSLTab(OFFICE_NO),
        at Object.expectBeforeSave (C:\Users\rutvi\projects\encore_framework\clients\encore\specs\locations\location-shared-setup-locations.spec.ts:101:78)
        at saveAndVerifyCase (C:\Users\rutvi\projects\encore_framework\clients\encore\src\core\field-case-runner.ts:48:37)
        at C:\Users\rutvi\projects\encore_framework\clients\encore\specs\locations\location-shared-setup-locations.spec.ts:89:5

    attachment #1: screenshot (image/png) ──────────────────────────────────────────────────────────
    reports\test-results\location-shared-setup-loca-7c26d--BVA-empty-after-non-empty--encore-locations\test-failed-1.png
    ────────────────────────────────────────────────────────────────────────────────────────────────

    Error Context: reports\test-results\location-shared-setup-loca-7c26d--BVA-empty-after-non-empty--encore-locations\error-context.md

    attachment #4: trace (application/zip) ─────────────────────────────────────────────────────────
    reports\test-results\location-shared-setup-loca-7c26d--BVA-empty-after-non-empty--encore-locations\trace.zip
    Usage:

        npx playwright show-trace reports\test-results\location-shared-setup-loca-7c26d--BVA-empty-after-non-empty--encore-locations\trace.zip

    ────────────────────────────────────────────────────────────────────────────────────────────────

    Retry #1 ───────────────────────────────────────────────────────────────────────────────────────

    Error: [2mexpect([22m[31mreceived[39m[2m).[22mtoBeGreaterThan[2m([22m[32mexpected[39m[2m)[22m

    Expected: > [32m3000[39m
    Received:   [31m2653[39m

    Call Log:
    - Timeout 10000ms exceeded while waiting on the predicate

       99 |       },
      100 |       expectBeforeSave: async () => {
    > 101 |         await expect.poll(() => pg.getDialogRowCount(), { timeout: 10_000 }).toBeGreaterThan(SEARCH_BULK_LOWER_BOUND);
          |                                                                              ^
      102 |       },
      103 |       saveAndConfirm: () => pg.clickDialogCancel(),
      104 |       reload: () => pg.reloadAndNavigateToSSLTab(OFFICE_NO),
        at Object.expectBeforeSave (C:\Users\rutvi\projects\encore_framework\clients\encore\specs\locations\location-shared-setup-locations.spec.ts:101:78)
        at saveAndVerifyCase (C:\Users\rutvi\projects\encore_framework\clients\encore\src\core\field-case-runner.ts:48:37)
        at C:\Users\rutvi\projects\encore_framework\clients\encore\specs\locations\location-shared-setup-locations.spec.ts:89:5

    attachment #1: screenshot (image/png) ──────────────────────────────────────────────────────────
    reports\test-results\location-shared-setup-loca-7c26d--BVA-empty-after-non-empty--encore-locations-retry1\test-failed-1.png
    ────────────────────────────────────────────────────────────────────────────────────────────────

    Error Context: reports\test-results\location-shared-setup-loca-7c26d--BVA-empty-after-non-empty--encore-locations-retry1\error-context.md

    attachment #4: trace (application/zip) ─────────────────────────────────────────────────────────
    reports\test-results\location-shared-setup-loca-7c26d--BVA-empty-after-non-empty--encore-locations-retry1\trace.zip
    Usage:

        npx playwright show-trace reports\test-results\location-shared-setup-loca-7c26d--BVA-empty-after-non-empty--encore-locations-retry1\trace.zip

    ────────────────────────────────────────────────────────────────────────────────────────────────

  6) [encore-locations] › specs\locations\location-shared-setup-locations.spec.ts:837:7 › Location Shared Setup Locations @locations @shared-setup › TC-LOC-SSL-024: Already-added location is absent from Change Local Office dialog 

    Error: [2mexpect([22m[31mreceived[39m[2m).[22mnot[2m.[22mtoBe[2m([22m[32mexpected[39m[2m) // Object.is equality[22m

    Expected: not [32m"1565"[39m

      858 |     await expect.poll(() => pg.getDialogRowCount(), { timeout: 8_000 }).toBe(1);
      859 |     const row = await pg.getFirstDialogRowText();
    > 860 |     expect(row.localOffice).not.toBe(added!.localOffice);
          |                                 ^
      861 |     await pg.clickDialogCancel();
      862 |  // Cleanup: delete + save (use dynamic index)
      863 |     await pg.deleteNonSelfRow(added!.index);
        at C:\Users\rutvi\projects\encore_framework\clients\encore\specs\locations\location-shared-setup-locations.spec.ts:860:33

    attachment #1: screenshot (image/png) ──────────────────────────────────────────────────────────
    reports\test-results\location-shared-setup-loca-68b59--Change-Local-Office-dialog-encore-locations\test-failed-1.png
    ────────────────────────────────────────────────────────────────────────────────────────────────

    Error Context: reports\test-results\location-shared-setup-loca-68b59--Change-Local-Office-dialog-encore-locations\error-context.md

    attachment #4: trace (application/zip) ─────────────────────────────────────────────────────────
    reports\test-results\location-shared-setup-loca-68b59--Change-Local-Office-dialog-encore-locations\trace.zip
    Usage:

        npx playwright show-trace reports\test-results\location-shared-setup-loca-68b59--Change-Local-Office-dialog-encore-locations\trace.zip

    ────────────────────────────────────────────────────────────────────────────────────────────────

    Retry #1 ───────────────────────────────────────────────────────────────────────────────────────

    Error: [2mexpect([22m[31mreceived[39m[2m).[22mnot[2m.[22mtoBe[2m([22m[32mexpected[39m[2m) // Object.is equality[22m

    Expected: not [32m"1565"[39m

      858 |     await expect.poll(() => pg.getDialogRowCount(), { timeout: 8_000 }).toBe(1);
      859 |     const row = await pg.getFirstDialogRowText();
    > 860 |     expect(row.localOffice).not.toBe(added!.localOffice);
          |                                 ^
      861 |     await pg.clickDialogCancel();
      862 |  // Cleanup: delete + save (use dynamic index)
      863 |     await pg.deleteNonSelfRow(added!.index);
        at C:\Users\rutvi\projects\encore_framework\clients\encore\specs\locations\location-shared-setup-locations.spec.ts:860:33

    attachment #1: screenshot (image/png) ──────────────────────────────────────────────────────────
    reports\test-results\location-shared-setup-loca-68b59--Change-Local-Office-dialog-encore-locations-retry1\test-failed-1.png
    ────────────────────────────────────────────────────────────────────────────────────────────────

    Error Context: reports\test-results\location-shared-setup-loca-68b59--Change-Local-Office-dialog-encore-locations-retry1\error-context.md

    attachment #4: trace (application/zip) ─────────────────────────────────────────────────────────
    reports\test-results\location-shared-setup-loca-68b59--Change-Local-Office-dialog-encore-locations-retry1\trace.zip
    Usage:

        npx playwright show-trace reports\test-results\location-shared-setup-loca-68b59--Change-Local-Office-dialog-encore-locations-retry1\trace.zip

    ────────────────────────────────────────────────────────────────────────────────────────────────

  7) [encore-locations] › specs\locations\history\location-hist-notes.spec.ts:181:7 › Location Management HIST — Notes col 69 @locations @management-history @notes-hist › TC-LOC-NTS-031: HIST col 69 — newlines and multi-line content 

    Error: [2mexpect([22m[31mreceived[39m[2m).[22mtoBe[2m([22m[32mexpected[39m[2m) // Object.is equality[22m

    Expected: [32m"06/01/2026 - line1[39m
    [32mline2[39m
    [32mline3"[39m
    Received: [31m""[39m

      138 |       const firstRow = rows[0];
      139 |       const actual = firstRow ? (firstRow.Notes ?? '<no Notes col on row 0>') : '<no rows since sinceMs>';
    > 140 |       expect(actual).toBe(formA);
          |                      ^
      141 |       return; // unreachable — expect above throws
      142 |     }
      143 |     // Strict equality on the matched row's Notes value.
        at runCol69Assertion (C:\Users\rutvi\projects\encore_framework\clients\encore\specs\locations\history\location-hist-notes.spec.ts:140:22)
        at C:\Users\rutvi\projects\encore_framework\clients\encore\specs\locations\history\location-hist-notes.spec.ts:186:5

    attachment #1: screenshot (image/png) ──────────────────────────────────────────────────────────
    reports\test-results\history-location-hist-note-f8547-ines-and-multi-line-content-encore-locations\test-failed-1.png
    ────────────────────────────────────────────────────────────────────────────────────────────────

    Error Context: reports\test-results\history-location-hist-note-f8547-ines-and-multi-line-content-encore-locations\error-context.md

    attachment #4: trace (application/zip) ─────────────────────────────────────────────────────────
    reports\test-results\history-location-hist-note-f8547-ines-and-multi-line-content-encore-locations\trace.zip
    Usage:

        npx playwright show-trace reports\test-results\history-location-hist-note-f8547-ines-and-multi-line-content-encore-locations\trace.zip

    ────────────────────────────────────────────────────────────────────────────────────────────────

  8) [encore-locations] › specs\locations\location-account-address.spec.ts:70:7 › Location Account and Address @locations @account-address › TC-LOC-ACC-030: Account List Account Number filter returns matching account 

    TimeoutError: page.waitForFunction: Timeout 15000ms exceeded.

       at src\pages\locations\location-account-address.page.ts:274

      272 |     // 30×500ms = 15s. Selector is rebuilt from the same testid (single source of truth).
      273 |     const firstDataCellSelector = `${this.getLocator('tblAccListResults')} tbody tr:first-child td:nth-child(2)`;
    > 274 |     await this.page.waitForFunction(
          |                     ^
      275 |       (selector: string) => {
      276 |         const el = document.querySelector(selector);
      277 |         return !!el && (el.textContent ?? '').trim().length > 0;
        at LocationAccountAddressPage.searchAccountByFilter (C:\Users\rutvi\projects\encore_framework\clients\encore\src\pages\locations\location-account-address.page.ts:274:21)
        at LocationAccountAddressPage.searchAccountByNumber (C:\Users\rutvi\projects\encore_framework\clients\encore\src\pages\locations\location-account-address.page.ts:260:5)
        at C:\Users\rutvi\projects\encore_framework\clients\encore\specs\locations\location-account-address.spec.ts:74:5

    attachment #1: screenshot (image/png) ──────────────────────────────────────────────────────────
    reports\test-results\location-account-address-L-e12fc-er-returns-matching-account-encore-locations\test-failed-1.png
    ────────────────────────────────────────────────────────────────────────────────────────────────

    Error Context: reports\test-results\location-account-address-L-e12fc-er-returns-matching-account-encore-locations\error-context.md

    attachment #4: trace (application/zip) ─────────────────────────────────────────────────────────
    reports\test-results\location-account-address-L-e12fc-er-returns-matching-account-encore-locations\trace.zip
    Usage:

        npx playwright show-trace reports\test-results\location-account-address-L-e12fc-er-returns-matching-account-encore-locations\trace.zip

    ────────────────────────────────────────────────────────────────────────────────────────────────

  9) [encore-locations] › specs\locations\location-account-address.spec.ts:120:7 › Location Account and Address @locations @account-address › TC-LOC-ACC-004: Account List search returns results 

    TimeoutError: page.waitForFunction: Timeout 15000ms exceeded.

       at src\pages\locations\location-account-address.page.ts:274

      272 |     // 30×500ms = 15s. Selector is rebuilt from the same testid (single source of truth).
      273 |     const firstDataCellSelector = `${this.getLocator('tblAccListResults')} tbody tr:first-child td:nth-child(2)`;
    > 274 |     await this.page.waitForFunction(
          |                     ^
      275 |       (selector: string) => {
      276 |         const el = document.querySelector(selector);
      277 |         return !!el && (el.textContent ?? '').trim().length > 0;
        at LocationAccountAddressPage.searchAccountByFilter (C:\Users\rutvi\projects\encore_framework\clients\encore\src\pages\locations\location-account-address.page.ts:274:21)
        at LocationAccountAddressPage.searchAccountByName (C:\Users\rutvi\projects\encore_framework\clients\encore\src\pages\locations\location-account-address.page.ts:197:5)
        at C:\Users\rutvi\projects\encore_framework\clients\encore\specs\locations\location-account-address.spec.ts:124:5

    attachment #1: screenshot (image/png) ──────────────────────────────────────────────────────────
    reports\test-results\location-account-address-L-867af-List-search-returns-results-encore-locations\test-failed-1.png
    ────────────────────────────────────────────────────────────────────────────────────────────────

    Error Context: reports\test-results\location-account-address-L-867af-List-search-returns-results-encore-locations\error-context.md

    attachment #4: trace (application/zip) ─────────────────────────────────────────────────────────
    reports\test-results\location-account-address-L-867af-List-search-returns-results-encore-locations\trace.zip
    Usage:

        npx playwright show-trace reports\test-results\location-account-address-L-867af-List-search-returns-results-encore-locations\trace.zip

    ────────────────────────────────────────────────────────────────────────────────────────────────

  10) [encore-locations] › specs\locations\location-account-address.spec.ts:273:7 › Location Account and Address @locations @account-address › TC-LOC-ACC-020: Save changes persist after page reload 

    Error: [2mexpect([22m[31mreceived[39m[2m).[22mtoBe[2m([22m[32mexpected[39m[2m) // Object.is equality[22m

    Expected: [32m"555-000-0001"[39m
    Received: [31m""[39m

    Call Log:
    - Timeout 5000ms exceeded while waiting on the predicate

      278 |  // Defensive poll: reloadAndNavigate now awaits getLocationDetail hydration (where phone2
      279 |  // binds), so phone2 should be populated by the time we read. Poll retained as safety net.
    > 280 |     await expect.poll(() => locationAccountAddressPage.getPhone2Value(), { timeout: 5_000 }).toBe(TEST_PHONE2_VALUE);
          |                                                                                              ^
      281 |     expect(await locationAccountAddressPage.isSaveEnabled()).toBe(false);
      282 |  // Cleanup: restore Phone 2 to empty baseline
      283 |     await locationAccountAddressPage.fillPhone2('');
        at C:\Users\rutvi\projects\encore_framework\clients\encore\specs\locations\location-account-address.spec.ts:280:94

    attachment #1: screenshot (image/png) ──────────────────────────────────────────────────────────
    reports\test-results\location-account-address-L-70a79-s-persist-after-page-reload-encore-locations\test-failed-1.png
    ────────────────────────────────────────────────────────────────────────────────────────────────

    Error Context: reports\test-results\location-account-address-L-70a79-s-persist-after-page-reload-encore-locations\error-context.md

    attachment #4: trace (application/zip) ─────────────────────────────────────────────────────────
    reports\test-results\location-account-address-L-70a79-s-persist-after-page-reload-encore-locations\trace.zip
    Usage:

        npx playwright show-trace reports\test-results\location-account-address-L-70a79-s-persist-after-page-reload-encore-locations\trace.zip

    ────────────────────────────────────────────────────────────────────────────────────────────────

  11) [encore-locations] › specs\locations\location-local-information.spec.ts:346:7 › Location Local Info @locations @local-info › TC-LOC-LI-021/029: Oracle Product valid input + Calculate LDW Net Amount toggle persist 

    Error: [2mexpect([22m[31mreceived[39m[2m).[22mtoBe[2m([22m[32mexpected[39m[2m) // Object.is equality[22m

    Expected: [32mtrue[39m
    Received: [31mfalse[39m

      355 |     await locationLocalInfoPage.clickSave();
      356 |     await locationLocalInfoPage.reloadAndNavigateToLocalInfo(OFFICE_NO);
    > 357 |     expect((await locationLocalInfoPage.getCheckboxState('chkCalculateLDWonNetAmount')).checked).toBe(true);
          |                                                                                                  ^
      358 |     await locationLocalInfoPage.uncheckCheckbox('chkCalculateLDWonNetAmount');
      359 |     await locationLocalInfoPage.clickSave();
      360 |   });
        at C:\Users\rutvi\projects\encore_framework\clients\encore\specs\locations\location-local-information.spec.ts:357:98

    attachment #1: screenshot (image/png) ──────────────────────────────────────────────────────────
    reports\test-results\location-local-information-fa8f5-W-Net-Amount-toggle-persist-encore-locations\test-failed-1.png
    ────────────────────────────────────────────────────────────────────────────────────────────────

    Error Context: reports\test-results\location-local-information-fa8f5-W-Net-Amount-toggle-persist-encore-locations\error-context.md

    attachment #4: trace (application/zip) ─────────────────────────────────────────────────────────
    reports\test-results\location-local-information-fa8f5-W-Net-Amount-toggle-persist-encore-locations\trace.zip
    Usage:

        npx playwright show-trace reports\test-results\location-local-information-fa8f5-W-Net-Amount-toggle-persist-encore-locations\trace.zip

    ────────────────────────────────────────────────────────────────────────────────────────────────

  12) [encore-locations] › specs\locations\location-notes.spec.ts:42:7 › Location Notes — FCC @locations @notes @fcc › TC-LOC-NTS-039: 1-char persist (BVA min) 

    [31mTest timeout of 30000ms exceeded while running "beforeEach" hook.[39m

      33 |   // D-2 lifecycle refactor 2026-05-21: DOM-presence beats url.includes
      34 |   // (shared `settings/location` URL across sub-tabs).
    > 35 |   test.beforeEach(async ({ locationNotesPage }) => {
         |        ^
      36 |     if (!(await locationNotesPage.isOnNotesTab())) {
      37 |       await locationNotesPage.navigateToNotesTab(OFFICE_NO);
      38 |     }
        at C:\Users\rutvi\projects\encore_framework\clients\encore\specs\locations\location-notes.spec.ts:35:8

    TimeoutError: locator.waitFor: Timeout 30000ms exceeded.
    Call log:
    [2m  - waiting for locator('[data-testid="location-settings-sub-tab-notes"]') to be visible[22m


       at src\core\base-page.ts:447

      445 |     }
      446 |     const tab = this.getElement(tabKey);
    > 447 |     await tab.waitFor({ state: 'visible', timeout: 30_000 });
          |               ^
      448 |     const isSelected = await tab.getAttribute('aria-selected').catch(() => null);
      449 |     if (isSelected !== 'true') {
      450 |       await tab.click();
        at LocationNotesPage.navigateToSubTab (C:\Users\rutvi\projects\encore_framework\clients\encore\src\core\base-page.ts:447:15)
        at LocationNotesPage.navigateToNotesTab (C:\Users\rutvi\projects\encore_framework\clients\encore\src\pages\locations\location-notes.page.ts:18:16)
        at C:\Users\rutvi\projects\encore_framework\clients\encore\specs\locations\location-notes.spec.ts:37:31

    attachment #1: screenshot (image/png) ──────────────────────────────────────────────────────────
    reports\test-results\location-notes-Location-No-79a66-039-1-char-persist-BVA-min--encore-locations\test-failed-1.png
    ────────────────────────────────────────────────────────────────────────────────────────────────

    Error Context: reports\test-results\location-notes-Location-No-79a66-039-1-char-persist-BVA-min--encore-locations\error-context.md

    attachment #4: trace (application/zip) ─────────────────────────────────────────────────────────
    reports\test-results\location-notes-Location-No-79a66-039-1-char-persist-BVA-min--encore-locations\trace.zip
    Usage:

        npx playwright show-trace reports\test-results\location-notes-Location-No-79a66-039-1-char-persist-BVA-min--encore-locations\trace.zip

    ────────────────────────────────────────────────────────────────────────────────────────────────

  13) [encore-locations] › specs\locations\location-notes.spec.ts:211:7 › Location Notes — FCC @locations @notes @fcc › TC-LOC-NTS-046: Edit partial-replace (slice middle) 

    TimeoutError: locator.focus: Timeout 10000ms exceeded.
    Call log:
    [2m  - waiting for locator('[data-testid="location-settings-section-notes"] textarea').first()[22m


       at src\pages\locations\location-notes.page.ts:152

      150 |   async replaceSliceInNote(row: number, start: number, end: number, newText: string): Promise<void> {
      151 |     const textarea = this.getElement('txtNoteInputAll').nth(row);
    > 152 |     await textarea.focus();
          |                    ^
      153 |     await textarea.evaluate((el: HTMLTextAreaElement, args: { s: number; e: number; n: string }) => {
      154 |       const v = el.value;
      155 |       const setter = Object.getOwnPropertyDescriptor(window.HTMLTextAreaElement.prototype, 'value')?.set;
        at LocationNotesPage.replaceSliceInNote (C:\Users\rutvi\projects\encore_framework\clients\encore\src\pages\locations\location-notes.page.ts:152:20)
        at Object.act (C:\Users\rutvi\projects\encore_framework\clients\encore\specs\locations\location-notes.spec.ts:227:36)
        at saveAndVerifyCase (C:\Users\rutvi\projects\encore_framework\clients\encore\src\core\field-case-runner.ts:47:13)
        at C:\Users\rutvi\projects\encore_framework\clients\encore\specs\locations\location-notes.spec.ts:218:5

    attachment #1: screenshot (image/png) ──────────────────────────────────────────────────────────
    reports\test-results\location-notes-Location-No-2904f-rtial-replace-slice-middle--encore-locations\test-failed-1.png
    ────────────────────────────────────────────────────────────────────────────────────────────────

    Error Context: reports\test-results\location-notes-Location-No-2904f-rtial-replace-slice-middle--encore-locations\error-context.md

    attachment #4: trace (application/zip) ─────────────────────────────────────────────────────────
    reports\test-results\location-notes-Location-No-2904f-rtial-replace-slice-middle--encore-locations\trace.zip
    Usage:

        npx playwright show-trace reports\test-results\location-notes-Location-No-2904f-rtial-replace-slice-middle--encore-locations\trace.zip

    ────────────────────────────────────────────────────────────────────────────────────────────────

  14) [encore-locations] › specs\locations\location-notes.spec.ts:239:7 › Location Notes — FCC @locations @notes @fcc › TC-LOC-NTS-047: Edit clear-to-empty (row stays with empty value) 

    Error: [2mexpect([22m[31mreceived[39m[2m).[22mtoBe[2m([22m[32mexpected[39m[2m) // Object.is equality[22m

    Expected: [32m""[39m
    Received: [31m"Base text"[39m

      259 |           expect(await locationNotesPage.isDefaultEmptyState()).toBe(true);
      260 |         } else {
    > 261 |           expect(await locationNotesPage.getNoteValue(0)).toBe('');
          |                                                           ^
      262 |         }
      263 |       },
      264 |       cleanup: () => locationNotesPage.ensureEmptyState(),
        at Object.expectAfterReload (C:\Users\rutvi\projects\encore_framework\clients\encore\specs\locations\location-notes.spec.ts:261:59)
        at saveAndVerifyCase (C:\Users\rutvi\projects\encore_framework\clients\encore\src\core\field-case-runner.ts:52:5)
        at C:\Users\rutvi\projects\encore_framework\clients\encore\specs\locations\location-notes.spec.ts:242:5

    attachment #1: screenshot (image/png) ──────────────────────────────────────────────────────────
    reports\test-results\location-notes-Location-No-b2698-row-stays-with-empty-value--encore-locations\test-failed-1.png
    ────────────────────────────────────────────────────────────────────────────────────────────────

    Error Context: reports\test-results\location-notes-Location-No-b2698-row-stays-with-empty-value--encore-locations\error-context.md

    attachment #4: trace (application/zip) ─────────────────────────────────────────────────────────
    reports\test-results\location-notes-Location-No-b2698-row-stays-with-empty-value--encore-locations\trace.zip
    Usage:

        npx playwright show-trace reports\test-results\location-notes-Location-No-b2698-row-stays-with-empty-value--encore-locations\trace.zip

    ────────────────────────────────────────────────────────────────────────────────────────────────

  15) [encore-locations] › specs\locations\location-notes.spec.ts:599:7 › Location Notes — FCC @locations @notes @fcc › TC-LOC-NTS-059: Sequential save persists most recent value (HIST row verification deferred to HIST spec) 

    TimeoutError: locator.focus: Timeout 10000ms exceeded.
    Call log:
    [2m  - waiting for locator('[data-testid="location-settings-section-notes"] textarea').first()[22m


       at src\pages\locations\location-notes.page.ts:166

      164 |   async clearNote(row: number): Promise<void> {
      165 |     const textarea = this.getElement('txtNoteInputAll').nth(row);
    > 166 |     await textarea.focus();
          |                    ^
      167 |     await textarea.evaluate((el: HTMLTextAreaElement) => {
      168 |       const setter = Object.getOwnPropertyDescriptor(window.HTMLTextAreaElement.prototype, 'value')?.set;
      169 |       setter?.call(el, '');
        at LocationNotesPage.clearNote (C:\Users\rutvi\projects\encore_framework\clients\encore\src\pages\locations\location-notes.page.ts:166:20)
        at C:\Users\rutvi\projects\encore_framework\clients\encore\specs\locations\location-notes.spec.ts:608:29

    attachment #1: screenshot (image/png) ──────────────────────────────────────────────────────────
    reports\test-results\location-notes-Location-No-9e4c3-tion-deferred-to-HIST-spec--encore-locations\test-failed-1.png
    ────────────────────────────────────────────────────────────────────────────────────────────────

    Error Context: reports\test-results\location-notes-Location-No-9e4c3-tion-deferred-to-HIST-spec--encore-locations\error-context.md

    attachment #4: trace (application/zip) ─────────────────────────────────────────────────────────
    reports\test-results\location-notes-Location-No-9e4c3-tion-deferred-to-HIST-spec--encore-locations\trace.zip
    Usage:

        npx playwright show-trace reports\test-results\location-notes-Location-No-9e4c3-tion-deferred-to-HIST-spec--encore-locations\trace.zip

    ────────────────────────────────────────────────────────────────────────────────────────────────

  6 failed
    [encore-local-office] › specs\local-office\local-office-history.spec.ts:55:7 › Local Office Settings — History Tab @locations @local-office-history › TC-LOS-HIS-006: History tab is read-only — no Save, no editable fields 
    [encore-locations] › specs\locations\history\location-hist-notes.spec.ts:157:7 › Location Management HIST — Notes col 69 @locations @management-history @notes-hist › TC-LOC-NTS-028: HIST col 69 — empty to "hello" save 
    [encore-locations] › specs\locations\location-management-history.spec.ts:96:7 › Location Management History @locations @management-history › TC-LOC-MGH-008: Data row renders with correct values (location 1604) 
    [encore-locations] › specs\locations\location-management-history.spec.ts:183:7 › Location Management History @locations @management-history › TC-LOC-MGH-015: Read-only -- no Add/Edit/Delete controls present 
    [encore-locations] › specs\locations\location-shared-setup-locations.spec.ts:86:7 › Location Shared Setup Locations @locations @shared-setup › TC-LOC-SSL-035: clear-input restores full row count (BVA empty after non-empty) 
    [encore-locations] › specs\locations\location-shared-setup-locations.spec.ts:837:7 › Location Shared Setup Locations @locations @shared-setup › TC-LOC-SSL-024: Already-added location is absent from Change Local Office dialog 
  9 flaky
    [encore-locations] › specs\locations\history\location-hist-notes.spec.ts:181:7 › Location Management HIST — Notes col 69 @locations @management-history @notes-hist › TC-LOC-NTS-031: HIST col 69 — newlines and multi-line content 
    [encore-locations] › specs\locations\location-account-address.spec.ts:70:7 › Location Account and Address @locations @account-address › TC-LOC-ACC-030: Account List Account Number filter returns matching account 
    [encore-locations] › specs\locations\location-account-address.spec.ts:120:7 › Location Account and Address @locations @account-address › TC-LOC-ACC-004: Account List search returns results 
    [encore-locations] › specs\locations\location-account-address.spec.ts:273:7 › Location Account and Address @locations @account-address › TC-LOC-ACC-020: Save changes persist after page reload 
    [encore-locations] › specs\locations\location-local-information.spec.ts:346:7 › Location Local Info @locations @local-info › TC-LOC-LI-021/029: Oracle Product valid input + Calculate LDW Net Amount toggle persist 
    [encore-locations] › specs\locations\location-notes.spec.ts:42:7 › Location Notes — FCC @locations @notes @fcc › TC-LOC-NTS-039: 1-char persist (BVA min) 
    [encore-locations] › specs\locations\location-notes.spec.ts:211:7 › Location Notes — FCC @locations @notes @fcc › TC-LOC-NTS-046: Edit partial-replace (slice middle) 
    [encore-locations] › specs\locations\location-notes.spec.ts:239:7 › Location Notes — FCC @locations @notes @fcc › TC-LOC-NTS-047: Edit clear-to-empty (row stays with empty value) 
    [encore-locations] › specs\locations\location-notes.spec.ts:599:7 › Location Notes — FCC @locations @notes @fcc › TC-LOC-NTS-059: Sequential save persists most recent value (HIST row verification deferred to HIST spec) 
  22 skipped
  333 passed (35.5m)
PLAYWRIGHT_EXIT=1
RUN1 END 15:29:01
