RUN2 START 15:31:46
2026-06-01 15:31:47 [31244] INFO  AutomationFramework - === Global Test Setup Started ===
2026-06-01 15:31:47 [31244] INFO  AutomationFramework - Workers: 1
2026-06-01 15:31:47 [31244] INFO  AutomationFramework - Projects: 7
2026-06-01 15:31:47 [31244] INFO  AutomationFramework - Created report directory: reports/allure-results
2026-06-01 15:31:47 [31244] INFO  AutomationFramework - Created report directory: reports/html-report
2026-06-01 15:31:47 [31244] INFO  AutomationFramework - Created report directory: reports/test-results
2026-06-01 15:31:47 [31244] INFO  AutomationFramework - Created report directory: reports/diagnostics
2026-06-01 15:31:48 [31244] INFO  AutomationFramework - Loading credentials from env source
2026-06-01 15:31:49 [31244] INFO  AutomationFramework - [OK] Credentials loaded for: s-prd-clickauto@psav.com
2026-06-01 15:31:49 [31244] INFO  AutomationFramework - === Global Test Setup Completed ===

Running 370 tests using 1 worker

[auth.setup] existing state stale -> refresh under lock
2026-06-01 15:32:00 [31540] INFO  AutomationFramework - Loading credentials from env source
2026-06-01 15:32:00 [31540] INFO  AutomationFramework - [OK] Credentials loaded for: s-prd-clickauto@psav.com
2026-06-01 15:32:05 [31540] INFO  AutomationFramework - LoginPage constructed for Navigator Cloud
2026-06-01 15:32:05 [31540] INFO  AutomationFramework - Starting Microsoft SSO login for s-prd-clickauto@psav.com
2026-06-01 15:32:05 [31540] INFO  AutomationFramework - Waiting for Navigator Cloud sign-in page...
2026-06-01 15:32:05 [31540] INFO  AutomationFramework - [OK] Clicked "Continue Now" on Navigator Cloud sign-in page
2026-06-01 15:32:05 [31540] INFO  AutomationFramework - Waiting for Microsoft login page...
2026-06-01 15:32:09 [31540] INFO  AutomationFramework - [OK] Microsoft login page loaded
2026-06-01 15:32:09 [31540] INFO  AutomationFramework - Entering email...
2026-06-01 15:32:09 [31540] INFO  AutomationFramework - Waiting for password field...
2026-06-01 15:32:09 [31540] INFO  AutomationFramework - Entering password...
2026-06-01 15:32:11 [31540] INFO  AutomationFramework - "Stay signed in?" prompt detected, clicking Yes...
2026-06-01 15:32:11 [31540] INFO  AutomationFramework - [OK] "Stay signed in" accepted
2026-06-01 15:32:11 [31540] INFO  AutomationFramework - Waiting for redirect to Navigator Cloud...
2026-06-01 15:32:14 [31540] INFO  AutomationFramework - [wait] Waiting for domcontentloaded after redirect...
2026-06-01 15:32:14 [31540] INFO  AutomationFramework - [wait] Waiting for full page load...
2026-06-01 15:32:14 [31540] INFO  AutomationFramework - [OK] Page load complete after redirect
2026-06-01 15:32:17 [31540] INFO  AutomationFramework - Authentication check: [OK] Authenticated -- URL: https://cloudapps-e2e.encoreglobal.com/navigator/locations/1604/home
2026-06-01 15:32:17 [31540] INFO  AutomationFramework - [OK] Microsoft SSO login successful
[auth.setup] login succeeded on attempt 1/3
[auth.setup] state saved -> C:\Users\rutvi\projects\encore_framework\clients\encore\.auth\encore-state.json
[auth.setup] state file validates -> session+csrf cookies present, not expired
  ok   1 [setup] › src\infra\auth.setup.ts:25:6 › acquire shared auth state (28.8s)
2026-06-01 15:32:19 [3688] INFO  AutomationFramework - Loading credentials from env source
2026-06-01 15:32:19 [3688] INFO  AutomationFramework - [OK] Credentials loaded for: s-prd-clickauto@psav.com
2026-06-01 15:32:26 [3688] INFO  AutomationFramework - [OK] Authenticated session ready via shared storageState
2026-06-01 15:32:26 [3688] INFO  AutomationFramework - Navigating to: https://cloudapps-e2e.encoreglobal.com/navigator/locations/1604/settings/local-office
2026-06-01 15:32:26 [3688] INFO  AutomationFramework - [OK] Navigation successful: https://cloudapps-e2e.encoreglobal.com/navigator/locations/1604/settings/local-office
2026-06-01 15:32:32 [3688] INFO  AutomationFramework - [OK] Tab active: tabBasicInformation
2026-06-01 15:32:34 [3688] INFO  AutomationFramework - Text content from lblEctLocationName: 1604 - Parker Palm Springs...
  ok   2 [encore-local-office] › specs\local-office\local-office-ect.spec.ts:27:7 › Local Office Settings — ECT Settings @locations @local-office-ect › TC-LOS-ECT-001: ECT tab — location name, commission link, currency selector (8.4s)
  ok   3 [encore-local-office] › specs\local-office\local-office-ect.spec.ts:46:7 › Local Office Settings — ECT Settings @locations @local-office-ect › TC-LOS-ECT-002: Currency selector — contains USD (139ms)
2026-06-01 15:32:34 [3688] INFO  AutomationFramework - Text content from lblEventProfitTarget: Event Profit Target...
  ok   4 [encore-local-office] › specs\local-office\local-office-ect.spec.ts:52:7 › Local Office Settings — ECT Settings @locations @local-office-ect › TC-LOS-ECT-003: Event Profit Target — label visible, read-only (23ms)
  ok   5 [encore-local-office] › specs\local-office\local-office-ect.spec.ts:58:7 › Local Office Settings — ECT Settings @locations @local-office-ect › TC-LOS-ECT-004: Fixed cost display fields — 7 correct values (124ms)
2026-06-01 15:32:35 [3688] INFO  AutomationFramework - [OK] Save button disabled (btnSaveFixedCosts) — save complete, form pristine
2026-06-01 15:32:39 [3688] INFO  AutomationFramework - [OK] Save button disabled (btnSaveFixedCosts) — save complete, form pristine
  ok   6 [encore-local-office] › specs\local-office\local-office-ect.spec.ts:66:7 › Local Office Settings — ECT Settings @locations @local-office-ect › TC-LOS-ECT-005: Benefits Multiplier — edit, save, persist (4.4s)
2026-06-01 15:32:39 [3688] INFO  AutomationFramework - Navigating to: https://cloudapps-e2e.encoreglobal.com/navigator/locations/1604/settings/local-office
2026-06-01 15:32:39 [3688] INFO  AutomationFramework - [fixture] Auto-accepting beforeunload dialog
2026-06-01 15:32:39 [3688] INFO  AutomationFramework - [dialog] Auto-accepting beforeunload dialog during safe navigation
2026-06-01 15:32:39 [3688] INFO  AutomationFramework - [dialog] Beforeunload dialog already handled by another listener
2026-06-01 15:32:39 [3688] INFO  AutomationFramework - [OK] Navigation successful: https://cloudapps-e2e.encoreglobal.com/navigator/locations/1604/settings/local-office
  ok   7 [encore-local-office] › specs\local-office\local-office-ect.spec.ts:82:7 › Local Office Settings — ECT Settings @locations @local-office-ect › TC-LOS-ECT-006: Historical Subrental % — editable (5.3s)
2026-06-01 15:32:44 [3688] INFO  AutomationFramework - [OK] Tab active: tabBasicInformation
2026-06-01 15:32:47 [3688] INFO  AutomationFramework - Navigating to: https://cloudapps-e2e.encoreglobal.com/navigator/locations/1604/settings/local-office
2026-06-01 15:32:47 [3688] INFO  AutomationFramework - [fixture] Auto-accepting beforeunload dialog
2026-06-01 15:32:47 [3688] INFO  AutomationFramework - [dialog] Auto-accepting beforeunload dialog during safe navigation
2026-06-01 15:32:47 [3688] INFO  AutomationFramework - [dialog] Beforeunload dialog already handled by another listener
2026-06-01 15:32:47 [3688] INFO  AutomationFramework - [OK] Navigation successful: https://cloudapps-e2e.encoreglobal.com/navigator/locations/1604/settings/local-office
  ok   8 [encore-local-office] › specs\local-office\local-office-ect.spec.ts:96:7 › Local Office Settings — ECT Settings @locations @local-office-ect › TC-LOS-ECT-007: Two independent Save buttons (6.7s)
2026-06-01 15:32:51 [3688] INFO  AutomationFramework - Text content from lblLaborCostAssumptions: Labor Cost Assumptions...
  ok   9 [encore-local-office] › specs\local-office\local-office-ect.spec.ts:114:7 › Local Office Settings — ECT Settings @locations @local-office-ect › TC-LOS-ECT-008: Labor Cost Assumptions — class read-only, cost editable (47ms)
2026-06-01 15:32:51 [3688] INFO  AutomationFramework - [OK] Tab active: tabBasicInformation
2026-06-01 15:32:54 [3688] INFO  AutomationFramework - [OK] Save button disabled (btnSaveLaborCosts) — save complete, form pristine
2026-06-01 15:32:57 [3688] INFO  AutomationFramework - [OK] Save button disabled (btnSaveLaborCosts) — save complete, form pristine
  ok  10 [encore-local-office] › specs\local-office\local-office-ect.spec.ts:123:7 › Local Office Settings — ECT Settings @locations @local-office-ect › TC-LOS-ECT-009: Labor cost — edit, save, persist (6.2s)
  ok  11 [encore-local-office] › specs\local-office\local-office-ect.spec.ts:145:7 › Local Office Settings — ECT Settings @locations @local-office-ect › TC-LOS-ECT-010: Labor cost — non-numeric reverts silently (136ms)
2026-06-01 15:32:57 [3688] INFO  AutomationFramework - Text content from lblSubRentalMatrix: SubRental Matrix...
  ok  12 [encore-local-office] › specs\local-office\local-office-ect.spec.ts:153:7 › Local Office Settings — ECT Settings @locations @local-office-ect › TC-LOS-ECT-011: SubRental Matrix — label visible, read-only (29ms)
2026-06-01 15:32:58 [3688] INFO  AutomationFramework - [OK] Save button disabled (btnSaveFixedCosts) — save complete, form pristine
2026-06-01 15:32:59 [3688] INFO  AutomationFramework - Dismissed "Unsaved changes" alertdialog
2026-06-01 15:33:02 [3688] INFO  AutomationFramework - [OK] Save button disabled (btnSaveFixedCosts) — save complete, form pristine
  ok  13 [encore-local-office] › specs\local-office\local-office-ect.spec.ts:159:7 › Local Office Settings — ECT Settings @locations @local-office-ect › TC-LOS-ECT-012: ECT Save — no confirmation dialog, no unsaved dialog after (4.5s)
2026-06-01 15:33:03 [3688] INFO  AutomationFramework - [OK] Save button disabled (btnSaveFixedCosts) — save complete, form pristine
2026-06-01 15:33:06 [3688] INFO  AutomationFramework - [OK] Save button disabled (btnSaveFixedCosts) — save complete, form pristine
  ok  14 [encore-local-office] › specs\local-office\local-office-ect.spec.ts:174:7 › Local Office Settings — ECT Settings @locations @local-office-ect › TC-LOS-ECT-013: Historical Subrental % — edit, save, persist (4.4s)
2026-06-01 15:33:06 [3688] INFO  AutomationFramework - [OK] Tab active: tabBasicInformation
2026-06-01 15:33:09 [3688] INFO  AutomationFramework - [OK] Save button disabled (btnSaveLaborCosts) — save complete, form pristine
2026-06-01 15:33:12 [3688] INFO  AutomationFramework - [OK] Save button disabled (btnSaveLaborCosts) — save complete, form pristine
  ok  15 [encore-local-office] › specs\local-office\local-office-ect.spec.ts:195:9 › Local Office Settings — ECT Settings @locations @local-office-ect › TC-LOS-ECT-014: Labor cost Middle row (index 33) — persistence (6.2s)
2026-06-01 15:33:13 [3688] INFO  AutomationFramework - [OK] Tab active: tabBasicInformation
2026-06-01 15:33:16 [3688] INFO  AutomationFramework - [OK] Save button disabled (btnSaveLaborCosts) — save complete, form pristine
2026-06-01 15:33:19 [3688] INFO  AutomationFramework - [OK] Save button disabled (btnSaveLaborCosts) — save complete, form pristine
  ok  16 [encore-local-office] › specs\local-office\local-office-ect.spec.ts:195:9 › Local Office Settings — ECT Settings @locations @local-office-ect › TC-LOS-ECT-015: Labor cost Last row (index 65) — persistence (6.8s)
2026-06-01 15:33:19 [3688] INFO  AutomationFramework - [OK] Tab active: tabBasicInformation
2026-06-01 15:33:23 [3688] INFO  AutomationFramework - [OK] Save button disabled (btnSaveFixedCosts) — save complete, form pristine
2026-06-01 15:33:23 [3688] INFO  AutomationFramework - Navigating to: https://cloudapps-e2e.encoreglobal.com/navigator/locations/1604/settings/local-office
2026-06-01 15:33:23 [3688] INFO  AutomationFramework - [OK] Navigation successful: https://cloudapps-e2e.encoreglobal.com/navigator/locations/1604/settings/local-office
2026-06-01 15:33:30 [3688] INFO  AutomationFramework - [OK] Save button disabled (btnSaveFixedCosts) — save complete, form pristine
  ok  17 [encore-local-office] › specs\local-office\local-office-ect.spec.ts:217:7 › Local Office Settings — ECT Settings @locations @local-office-ect › TC-LOS-ECT-016: Multi-field Fixed Costs — single save persists both BM and HS (10.5s)
2026-06-01 15:33:30 [3688] INFO  AutomationFramework - [OK] Tab active: tabBasicInformation
  ok  18 [encore-local-office] › specs\local-office\local-office-ect.spec.ts:249:7 › Local Office Settings — ECT Settings @locations @local-office-ect › TC-LOS-ECT-017: Discard unsaved changes — no persistence (5.4s)
2026-06-01 15:33:35 [3688] INFO  AutomationFramework - [OK] Tab active: tabBasicInformation
  ok  19 [encore-local-office] › specs\local-office\local-office-history.spec.ts:17:7 › Local Office Settings — History Tab @locations @local-office-history › TC-LOS-HIS-001: History tab — type selector and table visible (2.2s)
  ok  20 [encore-local-office] › specs\local-office\local-office-history.spec.ts:28:7 › Local Office Settings — History Tab @locations @local-office-history › TC-LOS-HIS-002: History table has column headers (39ms)
  ok  21 [encore-local-office] › specs\local-office\local-office-history.spec.ts:35:7 › Local Office Settings — History Tab @locations @local-office-history › TC-LOS-HIS-003: History table has data for office 1604 (41ms)
  ok  22 [encore-local-office] › specs\local-office\local-office-history.spec.ts:40:7 › Local Office Settings — History Tab @locations @local-office-history › TC-LOS-HIS-004: History type selector — 2 options (255ms)
  ok  23 [encore-local-office] › specs\local-office\local-office-history.spec.ts:49:7 › Local Office Settings — History Tab @locations @local-office-history › TC-LOS-HIS-005: Pagination controls present (79ms)
  x   24 [encore-local-office] › specs\local-office\local-office-history.spec.ts:55:7 › Local Office Settings — History Tab @locations @local-office-history › TC-LOS-HIS-006: History tab is read-only — no Save, no editable fields (167ms)
2026-06-01 15:33:39 [34976] INFO  AutomationFramework - Loading credentials from env source
2026-06-01 15:33:39 [34976] INFO  AutomationFramework - [OK] Credentials loaded for: s-prd-clickauto@psav.com
2026-06-01 15:33:46 [34976] INFO  AutomationFramework - [OK] Authenticated session ready via shared storageState
2026-06-01 15:33:46 [34976] INFO  AutomationFramework - Navigating to: https://cloudapps-e2e.encoreglobal.com/navigator/locations/1604/settings/local-office
2026-06-01 15:33:46 [34976] INFO  AutomationFramework - [OK] Navigation successful: https://cloudapps-e2e.encoreglobal.com/navigator/locations/1604/settings/local-office
  x   25 [encore-local-office] › specs\local-office\local-office-history.spec.ts:55:7 › Local Office Settings — History Tab @locations @local-office-history › TC-LOS-HIS-006: History tab is read-only — no Save, no editable fields (retry #1) (5.1s)
2026-06-01 15:33:52 [26620] INFO  AutomationFramework - Loading credentials from env source
2026-06-01 15:33:52 [26620] INFO  AutomationFramework - [OK] Credentials loaded for: s-prd-clickauto@psav.com
2026-06-01 15:33:58 [26620] INFO  AutomationFramework - [OK] Authenticated session ready via shared storageState
2026-06-01 15:33:58 [26620] INFO  AutomationFramework - Navigating to: https://cloudapps-e2e.encoreglobal.com/navigator/locations/1604/settings/local-office
2026-06-01 15:33:59 [26620] INFO  AutomationFramework - [OK] Navigation successful: https://cloudapps-e2e.encoreglobal.com/navigator/locations/1604/settings/local-office
  ok  26 [encore-local-office] › specs\local-office\local-office-history.spec.ts:60:7 › Local Office Settings — History Tab @locations @local-office-history › TC-LOS-HIS-007: Sort buttons present (8.7s)
2026-06-01 15:34:07 [26620] INFO  AutomationFramework - [OK] Tab active: tabBasicInformation
  ok  27 [encore-local-office] › specs\local-office\local-office-settings.spec.ts:39:7 › Local Office Settings — Basic Information @locations @local-office-settings › TC-LOS-BAS-001: Page load — title, 3 tabs, Basic Info active, Save disabled (462ms)
  ok  28 [encore-local-office] › specs\local-office\local-office-settings.spec.ts:102:7 › Local Office Settings — Basic Information @locations @local-office-settings › TC-LOS-BAS-002: Default date offsets — all 6 match expected values (78ms)
  ok  29 [encore-local-office] › specs\local-office\local-office-settings.spec.ts:109:7 › Local Office Settings — Basic Information @locations @local-office-settings › TC-LOS-BAS-003: Save button disabled on fresh load (22ms)
  ok  30 [encore-local-office] › specs\local-office\local-office-settings.spec.ts:114:7 › Local Office Settings — Basic Information @locations @local-office-settings › TC-LOS-BAS-004: Editing date offset enables Save (310ms)
2026-06-01 15:34:08 [26620] INFO  AutomationFramework - [OK] Save button enabled
2026-06-01 15:34:08 [26620] INFO  AutomationFramework - Save confirmation dialog appeared -- confirming
2026-06-01 15:34:09 [26620] INFO  AutomationFramework - [OK] Save complete (btnSave)
2026-06-01 15:34:09 [26620] INFO  AutomationFramework - Navigating to: https://cloudapps-e2e.encoreglobal.com/navigator/locations/1604/settings/local-office
2026-06-01 15:34:10 [26620] INFO  AutomationFramework - [OK] Navigation successful: https://cloudapps-e2e.encoreglobal.com/navigator/locations/1604/settings/local-office
2026-06-01 15:34:12 [26620] INFO  AutomationFramework - [OK] Save button enabled
2026-06-01 15:34:12 [26620] INFO  AutomationFramework - Save confirmation dialog appeared -- confirming
2026-06-01 15:34:13 [26620] INFO  AutomationFramework - [OK] Save complete (btnSave)
  ok  31 [encore-local-office] › specs\local-office\local-office-settings.spec.ts:122:7 › Local Office Settings — Basic Information @locations @local-office-settings › TC-LOS-BAS-005: Date offset — edit, save, persist after reload (5.4s)
  x   32 [encore-local-office] › specs\local-office\local-office-settings.spec.ts:136:7 › Local Office Settings — Basic Information @locations @local-office-settings › TC-LOS-BAS-006: Non-numeric input triggers aria-invalid, Save disabled (5.3s)
2026-06-01 15:34:19 [31060] INFO  AutomationFramework - Loading credentials from env source
2026-06-01 15:34:19 [31060] INFO  AutomationFramework - [OK] Credentials loaded for: s-prd-clickauto@psav.com
2026-06-01 15:34:26 [31060] INFO  AutomationFramework - [OK] Authenticated session ready via shared storageState
2026-06-01 15:34:26 [31060] INFO  AutomationFramework - Navigating to: https://cloudapps-e2e.encoreglobal.com/navigator/locations/1604/settings/local-office
2026-06-01 15:34:26 [31060] INFO  AutomationFramework - [OK] Navigation successful: https://cloudapps-e2e.encoreglobal.com/navigator/locations/1604/settings/local-office
2026-06-01 15:34:28 [31060] INFO  AutomationFramework - Navigating to: https://cloudapps-e2e.encoreglobal.com/navigator/locations/1604/settings/local-office
2026-06-01 15:34:28 [31060] INFO  AutomationFramework - [fixture] Auto-accepting beforeunload dialog
2026-06-01 15:34:28 [31060] INFO  AutomationFramework - [dialog] Auto-accepting beforeunload dialog during safe navigation
2026-06-01 15:34:28 [31060] INFO  AutomationFramework - [dialog] Beforeunload dialog already handled by another listener
2026-06-01 15:34:30 [31060] INFO  AutomationFramework - [OK] Navigation successful: https://cloudapps-e2e.encoreglobal.com/navigator/locations/1604/settings/local-office
  ok  33 [encore-local-office] › specs\local-office\local-office-settings.spec.ts:136:7 › Local Office Settings — Basic Information @locations @local-office-settings › TC-LOS-BAS-006: Non-numeric input triggers aria-invalid, Save disabled (retry #1) (6.1s)
  ok  34 [encore-local-office] › specs\local-office\local-office-settings.spec.ts:145:7 › Local Office Settings — Basic Information @locations @local-office-settings › TC-LOS-BAS-007: NM-1264 — Delivery < Prep triggers aria-invalid on Delivery (256ms)
  ok  35 [encore-local-office] › specs\local-office\local-office-settings.spec.ts:154:7 › Local Office Settings — Basic Information @locations @local-office-settings › TC-LOS-BAS-008: NM-1264 error recovery — correcting value clears error (484ms)
  ok  36 [encore-local-office] › specs\local-office\local-office-settings.spec.ts:166:7 › Local Office Settings — Basic Information @locations @local-office-settings › TC-LOS-BAS-009: Negative value accepted for date offset (343ms)
  ok  37 [encore-local-office] › specs\local-office\local-office-settings.spec.ts:175:7 › Local Office Settings — Basic Information @locations @local-office-settings › TC-LOS-BAS-010: Zero value accepted for date offset (269ms)
  ok  38 [encore-local-office] › specs\local-office\local-office-settings.spec.ts:183:7 › Local Office Settings — Basic Information @locations @local-office-settings › TC-LOS-BAS-011: Checkbox default states — Fulfillment/QC/Labor/Job (141ms)
2026-06-01 15:34:34 [31060] INFO  AutomationFramework - Checked Radix checkbox: chkUseFulfillment
2026-06-01 15:34:34 [31060] INFO  AutomationFramework - Unchecked Radix checkbox: chkUseFulfillment
  ok  39 [encore-local-office] › specs\local-office\local-office-settings.spec.ts:192:7 › Local Office Settings — Basic Information @locations @local-office-settings › TC-LOS-BAS-012: Fulfillment toggle cascades to QC enabled/disabled (255ms)
2026-06-01 15:34:34 [31060] INFO  AutomationFramework - Checked Radix checkbox: chkUseFulfillment
2026-06-01 15:34:34 [31060] INFO  AutomationFramework - Save confirmation dialog appeared -- confirming
2026-06-01 15:34:35 [31060] INFO  AutomationFramework - [OK] Save complete (btnSave)
2026-06-01 15:34:35 [31060] INFO  AutomationFramework - Navigating to: https://cloudapps-e2e.encoreglobal.com/navigator/locations/1604/settings/local-office
2026-06-01 15:34:35 [31060] INFO  AutomationFramework - [OK] Navigation successful: https://cloudapps-e2e.encoreglobal.com/navigator/locations/1604/settings/local-office
2026-06-01 15:34:37 [31060] INFO  AutomationFramework - Unchecked Radix checkbox: chkUseFulfillment
2026-06-01 15:34:37 [31060] INFO  AutomationFramework - Save confirmation dialog appeared -- confirming
2026-06-01 15:34:38 [31060] INFO  AutomationFramework - [OK] Save complete (btnSave)
  ok  40 [encore-local-office] › specs\local-office\local-office-settings.spec.ts:208:7 › Local Office Settings — Basic Information @locations @local-office-settings › TC-LOS-BAS-013: Fulfillment checked + QC cascade persists after save (4.6s)
2026-06-01 15:34:38 [31060] INFO  AutomationFramework - Checked Radix checkbox: chkDefaultLaborToHourly
2026-06-01 15:34:39 [31060] INFO  AutomationFramework - Save confirmation dialog appeared -- confirming
2026-06-01 15:34:40 [31060] INFO  AutomationFramework - [OK] Save complete (btnSave)
2026-06-01 15:34:40 [31060] INFO  AutomationFramework - Navigating to: https://cloudapps-e2e.encoreglobal.com/navigator/locations/1604/settings/local-office
2026-06-01 15:34:40 [31060] INFO  AutomationFramework - [OK] Navigation successful: https://cloudapps-e2e.encoreglobal.com/navigator/locations/1604/settings/local-office
2026-06-01 15:34:42 [31060] INFO  AutomationFramework - Unchecked Radix checkbox: chkDefaultLaborToHourly
2026-06-01 15:34:42 [31060] INFO  AutomationFramework - Save confirmation dialog appeared -- confirming
2026-06-01 15:34:43 [31060] INFO  AutomationFramework - [OK] Save complete (btnSave)
  ok  41 [encore-local-office] › specs\local-office\local-office-settings.spec.ts:228:7 › Local Office Settings — Basic Information @locations @local-office-settings › TC-LOS-BAS-014: Default Labor to Hourly toggle persists after save (4.7s)
2026-06-01 15:34:43 [31060] INFO  AutomationFramework - Navigating to: https://cloudapps-e2e.encoreglobal.com/navigator/locations/1604/settings/local-office
2026-06-01 15:34:44 [31060] INFO  AutomationFramework - [OK] Navigation successful: https://cloudapps-e2e.encoreglobal.com/navigator/locations/1604/settings/local-office
  ok  42 [encore-local-office] › specs\local-office\local-office-settings.spec.ts:241:7 › Local Office Settings — Basic Information @locations @local-office-settings › TC-LOS-BAS-015: Empty Phone 1 triggers aria-invalid, Save disabled (2.7s)
2026-06-01 15:34:46 [31060] INFO  AutomationFramework - Navigating to: https://cloudapps-e2e.encoreglobal.com/navigator/locations/1604/settings/local-office
2026-06-01 15:34:47 [31060] INFO  AutomationFramework - [OK] Navigation successful: https://cloudapps-e2e.encoreglobal.com/navigator/locations/1604/settings/local-office
  ok  43 [encore-local-office] › specs\local-office\local-office-settings.spec.ts:251:7 › Local Office Settings — Basic Information @locations @local-office-settings › TC-LOS-BAS-016: Phone 1 accepts non-phone format — no format validation (2.9s)
2026-06-01 15:34:49 [31060] INFO  AutomationFramework - [OK] Save button enabled
2026-06-01 15:34:49 [31060] INFO  AutomationFramework - Save confirmation dialog appeared -- confirming
2026-06-01 15:34:50 [31060] INFO  AutomationFramework - [OK] Save complete (btnSave)
2026-06-01 15:34:50 [31060] INFO  AutomationFramework - Navigating to: https://cloudapps-e2e.encoreglobal.com/navigator/locations/1604/settings/local-office
2026-06-01 15:34:51 [31060] INFO  AutomationFramework - [OK] Navigation successful: https://cloudapps-e2e.encoreglobal.com/navigator/locations/1604/settings/local-office
2026-06-01 15:34:53 [31060] INFO  AutomationFramework - [OK] Save button enabled
2026-06-01 15:34:53 [31060] INFO  AutomationFramework - Save confirmation dialog appeared -- confirming
2026-06-01 15:34:54 [31060] INFO  AutomationFramework - [OK] Save complete (btnSave)
  ok  44 [encore-local-office] › specs\local-office\local-office-settings.spec.ts:261:7 › Local Office Settings — Basic Information @locations @local-office-settings › TC-LOS-BAS-017: Valid phone persists after save and reload (5.1s)
2026-06-01 15:34:54 [31060] INFO  AutomationFramework - Navigating to: https://cloudapps-e2e.encoreglobal.com/navigator/locations/1604/settings/local-office
2026-06-01 15:34:55 [31060] INFO  AutomationFramework - [OK] Navigation successful: https://cloudapps-e2e.encoreglobal.com/navigator/locations/1604/settings/local-office
  ok  45 [encore-local-office] › specs\local-office\local-office-settings.spec.ts:275:7 › Local Office Settings — Basic Information @locations @local-office-settings › TC-LOS-BAS-018: Phone 1 error recovery — valid phone clears aria-invalid (3.4s)
  ok  46 [encore-local-office] › specs\local-office\local-office-settings.spec.ts:287:7 › Local Office Settings — Basic Information @locations @local-office-settings › TC-LOS-BAS-019: Phone 2 optional — empty does not trigger validation (193ms)
2026-06-01 15:34:58 [31060] INFO  AutomationFramework - Checked Radix checkbox: chkDefaultJobOneDayEvent
2026-06-01 15:34:58 [31060] INFO  AutomationFramework - Checked Radix checkbox: chkDefaultJobOneDayOutside
2026-06-01 15:34:58 [31060] INFO  AutomationFramework - Checked Radix checkbox: chkDefaultJobOneDayInternal
2026-06-01 15:34:58 [31060] INFO  AutomationFramework - Unchecked Radix checkbox: chkDefaultJobOneDayEvent
2026-06-01 15:34:58 [31060] INFO  AutomationFramework - Unchecked Radix checkbox: chkDefaultJobOneDayOutside
2026-06-01 15:34:58 [31060] INFO  AutomationFramework - Unchecked Radix checkbox: chkDefaultJobOneDayInternal
  ok  47 [encore-local-office] › specs\local-office\local-office-settings.spec.ts:293:7 › Local Office Settings — Basic Information @locations @local-office-settings › TC-LOS-BAS-020: Default New Job 1 Day — 3 sub-checkboxes toggle independently (809ms)
  ok  48 [encore-local-office] › specs\local-office\local-office-settings.spec.ts:306:7 › Local Office Settings — Basic Information @locations @local-office-settings › TC-LOS-BAS-021: Default Order Type — 2 options (Event, Outside) (272ms)
2026-06-01 15:34:59 [31060] INFO  AutomationFramework - [OK] Selected combobox option "Outside" for drpDefaultOrderType
2026-06-01 15:34:59 [31060] INFO  AutomationFramework - Save confirmation dialog appeared -- confirming
2026-06-01 15:35:00 [31060] INFO  AutomationFramework - [OK] Save complete (btnSave)
2026-06-01 15:35:00 [31060] INFO  AutomationFramework - Navigating to: https://cloudapps-e2e.encoreglobal.com/navigator/locations/1604/settings/local-office
2026-06-01 15:35:01 [31060] INFO  AutomationFramework - [OK] Navigation successful: https://cloudapps-e2e.encoreglobal.com/navigator/locations/1604/settings/local-office
2026-06-01 15:35:04 [31060] INFO  AutomationFramework - [OK] Selected combobox option "Event" for drpDefaultOrderType
2026-06-01 15:35:04 [31060] INFO  AutomationFramework - Save confirmation dialog appeared -- confirming
2026-06-01 15:35:05 [31060] INFO  AutomationFramework - [OK] Save complete (btnSave)
  ok  49 [encore-local-office] › specs\local-office\local-office-settings.spec.ts:318:7 › Local Office Settings — Basic Information @locations @local-office-settings › TC-LOS-BAS-022: Default Order Type — selection persists after save (6.8s)
2026-06-01 15:35:05 [31060] INFO  AutomationFramework - Navigating to: https://cloudapps-e2e.encoreglobal.com/navigator/locations/1604/settings/local-office
2026-06-01 15:35:06 [31060] INFO  AutomationFramework - [OK] Navigation successful: https://cloudapps-e2e.encoreglobal.com/navigator/locations/1604/settings/local-office
2026-06-01 15:35:08 [31060] INFO  AutomationFramework - [OK] Save button enabled
2026-06-01 15:35:08 [31060] INFO  AutomationFramework - Save confirmation dialog appeared -- confirming
2026-06-01 15:35:09 [31060] INFO  AutomationFramework - [OK] Save complete (btnSave)
2026-06-01 15:35:09 [31060] INFO  AutomationFramework - Navigating to: https://cloudapps-e2e.encoreglobal.com/navigator/locations/1604/settings/local-office
2026-06-01 15:35:10 [31060] INFO  AutomationFramework - [OK] Navigation successful: https://cloudapps-e2e.encoreglobal.com/navigator/locations/1604/settings/local-office
2026-06-01 15:35:12 [31060] INFO  AutomationFramework - [OK] Save button enabled
2026-06-01 15:35:12 [31060] INFO  AutomationFramework - Save confirmation dialog appeared -- confirming
2026-06-01 15:35:13 [31060] INFO  AutomationFramework - [OK] Save complete (btnSave)
  ok  50 [encore-local-office] › specs\local-office\local-office-settings.spec.ts:337:7 › Local Office Settings — Basic Information @locations @local-office-settings › TC-LOS-BAS-023: PO Number persists after save and reload (7.1s)
2026-06-01 15:35:13 [31060] INFO  AutomationFramework - Navigating to: https://cloudapps-e2e.encoreglobal.com/navigator/locations/1604/settings/local-office
2026-06-01 15:35:13 [31060] INFO  AutomationFramework - [OK] Navigation successful: https://cloudapps-e2e.encoreglobal.com/navigator/locations/1604/settings/local-office
2026-06-01 15:35:15 [31060] INFO  AutomationFramework - [OK] Save button enabled
2026-06-01 15:35:15 [31060] INFO  AutomationFramework - Save confirmation dialog appeared -- confirming
2026-06-01 15:35:16 [31060] INFO  AutomationFramework - [OK] Save complete (btnSave)
2026-06-01 15:35:16 [31060] INFO  AutomationFramework - Navigating to: https://cloudapps-e2e.encoreglobal.com/navigator/locations/1604/settings/local-office
2026-06-01 15:35:17 [31060] INFO  AutomationFramework - [OK] Navigation successful: https://cloudapps-e2e.encoreglobal.com/navigator/locations/1604/settings/local-office
2026-06-01 15:35:18 [31060] INFO  AutomationFramework - [OK] Save button enabled
2026-06-01 15:35:19 [31060] INFO  AutomationFramework - Save confirmation dialog appeared -- confirming
2026-06-01 15:35:19 [31060] INFO  AutomationFramework - [OK] Save complete (btnSave)
  ok  51 [encore-local-office] › specs\local-office\local-office-settings.spec.ts:354:7 › Local Office Settings — Basic Information @locations @local-office-settings › TC-LOS-BAS-024: PO Number Label persists after save and reload (6.9s)
  ok  52 [encore-local-office] › specs\local-office\local-office-settings.spec.ts:370:7 › Local Office Settings — Basic Information @locations @local-office-settings › TC-LOS-BAS-025: Section Configuration — correct active sections (184ms)
2026-06-01 15:35:20 [31060] INFO  AutomationFramework - Navigating to: https://cloudapps-e2e.encoreglobal.com/navigator/locations/1604/settings/local-office
2026-06-01 15:35:20 [31060] INFO  AutomationFramework - [OK] Navigation successful: https://cloudapps-e2e.encoreglobal.com/navigator/locations/1604/settings/local-office
2026-06-01 15:35:22 [31060] INFO  AutomationFramework - Navigating to: https://cloudapps-e2e.encoreglobal.com/navigator/locations/1604/settings/local-office
2026-06-01 15:35:22 [31060] INFO  AutomationFramework - [fixture] Auto-accepting beforeunload dialog
2026-06-01 15:35:22 [31060] INFO  AutomationFramework - [dialog] Auto-accepting beforeunload dialog during safe navigation
2026-06-01 15:35:22 [31060] INFO  AutomationFramework - [dialog] Beforeunload dialog already handled by another listener
2026-06-01 15:35:23 [31060] INFO  AutomationFramework - [OK] Navigation successful: https://cloudapps-e2e.encoreglobal.com/navigator/locations/1604/settings/local-office
  ok  53 [encore-local-office] › specs\local-office\local-office-settings.spec.ts:379:7 › Local Office Settings — Basic Information @locations @local-office-settings › TC-LOS-BAS-026: Section toggle — checkmark disappears/reappears (5.4s)
2026-06-01 15:35:25 [31060] INFO  AutomationFramework - Navigating to: https://cloudapps-e2e.encoreglobal.com/navigator/locations/1604/settings/local-office
2026-06-01 15:35:26 [31060] INFO  AutomationFramework - [OK] Navigation successful: https://cloudapps-e2e.encoreglobal.com/navigator/locations/1604/settings/local-office
  ok  54 [encore-local-office] › specs\local-office\local-office-settings.spec.ts:393:7 › Local Office Settings — Basic Information @locations @local-office-settings › TC-LOS-BAS-027: Section name edit enables Save (3.0s)
2026-06-01 15:35:28 [31060] INFO  AutomationFramework - Navigating to: https://cloudapps-e2e.encoreglobal.com/navigator/locations/1604/settings/local-office
2026-06-01 15:35:28 [31060] INFO  AutomationFramework - [fixture] Auto-accepting beforeunload dialog
2026-06-01 15:35:28 [31060] INFO  AutomationFramework - [dialog] Auto-accepting beforeunload dialog during safe navigation
2026-06-01 15:35:28 [31060] INFO  AutomationFramework - [dialog] Beforeunload dialog already handled by another listener
2026-06-01 15:35:29 [31060] INFO  AutomationFramework - [OK] Navigation successful: https://cloudapps-e2e.encoreglobal.com/navigator/locations/1604/settings/local-office
  ok  55 [encore-local-office] › specs\local-office\local-office-settings.spec.ts:407:7 › Local Office Settings — Basic Information @locations @local-office-settings › TC-LOS-BAS-028: Add new section row (3.0s)
2026-06-01 15:35:31 [31060] INFO  AutomationFramework - Clicking element: btnDefaultSection
2026-06-01 15:35:31 [31060] INFO  AutomationFramework - [OK] Click successful: btnDefaultSection
2026-06-01 15:35:31 [31060] INFO  AutomationFramework - Navigating to: https://cloudapps-e2e.encoreglobal.com/navigator/locations/1604/settings/local-office
2026-06-01 15:35:31 [31060] INFO  AutomationFramework - [fixture] Auto-accepting beforeunload dialog
2026-06-01 15:35:31 [31060] INFO  AutomationFramework - [dialog] Auto-accepting beforeunload dialog during safe navigation
2026-06-01 15:35:31 [31060] INFO  AutomationFramework - [dialog] Beforeunload dialog already handled by another listener
2026-06-01 15:35:33 [31060] INFO  AutomationFramework - [OK] Navigation successful: https://cloudapps-e2e.encoreglobal.com/navigator/locations/1604/settings/local-office
  ok  56 [encore-local-office] › specs\local-office\local-office-settings.spec.ts:415:7 › Local Office Settings — Basic Information @locations @local-office-settings › TC-LOS-BAS-029: Default button resets sections (4.8s)
  ok  57 [encore-local-office] › specs\local-office\local-office-settings.spec.ts:424:7 › Local Office Settings — Basic Information @locations @local-office-settings › TC-LOS-BAS-030: Room Configuration — table structure and baseline (29ms)
2026-06-01 15:35:36 [31060] INFO  AutomationFramework - Navigating to: https://cloudapps-e2e.encoreglobal.com/navigator/locations/1604/settings/local-office
2026-06-01 15:35:36 [31060] INFO  AutomationFramework - [fixture] Auto-accepting beforeunload dialog
2026-06-01 15:35:36 [31060] INFO  AutomationFramework - [dialog] Auto-accepting beforeunload dialog during safe navigation
2026-06-01 15:35:36 [31060] INFO  AutomationFramework - [dialog] Beforeunload dialog already handled by another listener
2026-06-01 15:35:37 [31060] INFO  AutomationFramework - [OK] Navigation successful: https://cloudapps-e2e.encoreglobal.com/navigator/locations/1604/settings/local-office
  ok  58 [encore-local-office] › specs\local-office\local-office-settings.spec.ts:433:7 › Local Office Settings — Basic Information @locations @local-office-settings › TC-LOS-BAS-031: Add room row (3.8s)
  ok  59 [encore-local-office] › specs\local-office\local-office-settings.spec.ts:441:7 › Local Office Settings — Basic Information @locations @local-office-settings › TC-LOS-BAS-032: Logo checkbox default states (72ms)
  ok  60 [encore-local-office] › specs\local-office\local-office-settings.spec.ts:450:7 › Local Office Settings — Basic Information @locations @local-office-settings › TC-LOS-BAS-033: Company Logo combobox — has options (1.5s)
2026-06-01 15:35:42 [31060] INFO  AutomationFramework - [OK] Selected combobox option "Header with Dust Ears and Text" for drpCompanyLogo
2026-06-01 15:35:44 [31060] INFO  AutomationFramework - [OK] Selected combobox option "SAVLogoNew" for drpCompanyLogo
  ok  61 [encore-local-office] › specs\local-office\local-office-settings.spec.ts:456:7 › Local Office Settings — Basic Information @locations @local-office-settings › TC-LOS-BAS-034: Company Logo — preview updates on selection (2.9s)
  ok  62 [encore-local-office] › specs\local-office\local-office-settings.spec.ts:469:7 › Local Office Settings — Basic Information @locations @local-office-settings › TC-LOS-BAS-035: Discount exemption toggles independently (151ms)
2026-06-01 15:35:45 [31060] INFO  AutomationFramework - [OK] Save button enabled
2026-06-01 15:35:45 [31060] INFO  AutomationFramework - Navigating to: https://cloudapps-e2e.encoreglobal.com/navigator/locations/1604/settings/local-office
2026-06-01 15:35:45 [31060] INFO  AutomationFramework - [fixture] Auto-accepting beforeunload dialog
2026-06-01 15:35:45 [31060] INFO  AutomationFramework - [dialog] Auto-accepting beforeunload dialog during safe navigation
2026-06-01 15:35:45 [31060] INFO  AutomationFramework - [dialog] Beforeunload dialog already handled by another listener
2026-06-01 15:35:46 [31060] INFO  AutomationFramework - [OK] Navigation successful: https://cloudapps-e2e.encoreglobal.com/navigator/locations/1604/settings/local-office
  ok  63 [encore-local-office] › specs\local-office\local-office-settings.spec.ts:479:7 › Local Office Settings — Basic Information @locations @local-office-settings › TC-LOS-BAS-036: Save dialog — exact text and No cancels (3.0s)
2026-06-01 15:35:48 [31060] INFO  AutomationFramework - [OK] Save button enabled
2026-06-01 15:35:48 [31060] INFO  AutomationFramework - Navigating to: https://cloudapps-e2e.encoreglobal.com/navigator/locations/1604/settings/local-office
2026-06-01 15:35:48 [31060] INFO  AutomationFramework - [fixture] Auto-accepting beforeunload dialog
2026-06-01 15:35:48 [31060] INFO  AutomationFramework - [dialog] Auto-accepting beforeunload dialog during safe navigation
2026-06-01 15:35:48 [31060] INFO  AutomationFramework - [dialog] Beforeunload dialog already handled by another listener
2026-06-01 15:35:49 [31060] INFO  AutomationFramework - [OK] Navigation successful: https://cloudapps-e2e.encoreglobal.com/navigator/locations/1604/settings/local-office
  ok  64 [encore-local-office] › specs\local-office\local-office-settings.spec.ts:491:7 › Local Office Settings — Basic Information @locations @local-office-settings › TC-LOS-BAS-037: Unsaved changes — Stay keeps changes (3.2s)
2026-06-01 15:35:51 [31060] INFO  AutomationFramework - [OK] Save button enabled
  ok  65 [encore-local-office] › specs\local-office\local-office-settings.spec.ts:504:7 › Local Office Settings — Basic Information @locations @local-office-settings › TC-LOS-BAS-038: Unsaved changes — Discard navigates away (1.1s)
2026-06-01 15:35:52 [31060] INFO  AutomationFramework - Save confirmation dialog appeared -- confirming
2026-06-01 15:35:53 [31060] INFO  AutomationFramework - [OK] Save complete (btnSave)
2026-06-01 15:35:53 [31060] INFO  AutomationFramework - Navigating to: https://cloudapps-e2e.encoreglobal.com/navigator/locations/1604/settings/local-office
2026-06-01 15:35:53 [31060] INFO  AutomationFramework - [OK] Navigation successful: https://cloudapps-e2e.encoreglobal.com/navigator/locations/1604/settings/local-office
2026-06-01 15:35:56 [31060] INFO  AutomationFramework - Save confirmation dialog appeared -- confirming
2026-06-01 15:35:56 [31060] INFO  AutomationFramework - [OK] Save complete (btnSave)
  ok  66 [encore-local-office] › specs\local-office\local-office-settings.spec.ts:518:7 › Local Office Settings — Basic Information @locations @local-office-settings › TC-LOS-BAS-039: XSS in PO Number — stored as plain text, never executed (4.2s)
2026-06-01 15:35:56 [31060] INFO  AutomationFramework - Navigating to: https://cloudapps-e2e.encoreglobal.com/navigator/locations/1604/settings/local-office
2026-06-01 15:35:57 [31060] INFO  AutomationFramework - [OK] Navigation successful: https://cloudapps-e2e.encoreglobal.com/navigator/locations/1604/settings/local-office
2026-06-01 15:36:00 [31060] INFO  AutomationFramework - Navigating to: https://cloudapps-e2e.encoreglobal.com/navigator/locations/1604/settings/local-office
2026-06-01 15:36:00 [31060] INFO  AutomationFramework - [OK] Navigation successful: https://cloudapps-e2e.encoreglobal.com/navigator/locations/1604/settings/local-office
  ok  67 [encore-local-office] › specs\local-office\local-office-settings.spec.ts:541:7 › Local Office Settings — Basic Information @locations @local-office-settings › TC-LOS-BAS-047: Section edit → Escape does NOT revert (no cancel-on-Escape in live app) (6.0s)
2026-06-01 15:36:02 [31060] INFO  AutomationFramework - Navigating to: https://cloudapps-e2e.encoreglobal.com/navigator/locations/1604/settings/local-office
2026-06-01 15:36:03 [31060] INFO  AutomationFramework - [OK] Navigation successful: https://cloudapps-e2e.encoreglobal.com/navigator/locations/1604/settings/local-office
2026-06-01 15:36:05 [31060] INFO  AutomationFramework - Navigating to: https://cloudapps-e2e.encoreglobal.com/navigator/locations/1604/settings/local-office
2026-06-01 15:36:06 [31060] INFO  AutomationFramework - [OK] Navigation successful: https://cloudapps-e2e.encoreglobal.com/navigator/locations/1604/settings/local-office
  ok  68 [encore-local-office] › specs\local-office\local-office-settings.spec.ts:561:7 › Local Office Settings — Basic Information @locations @local-office-settings › TC-LOS-BAS-053: Positive value in "relative to start" fields → aria-invalid (7.1s)
2026-06-01 15:36:10 [31060] INFO  AutomationFramework - Navigating to: https://cloudapps-e2e.encoreglobal.com/navigator/locations/1604/settings/local-office
2026-06-01 15:36:11 [31060] INFO  AutomationFramework - [OK] Navigation successful: https://cloudapps-e2e.encoreglobal.com/navigator/locations/1604/settings/local-office
  ok  69 [encore-local-office] › specs\local-office\local-office-settings.spec.ts:578:7 › Local Office Settings — Basic Information @locations @local-office-settings › TC-LOS-BAS-054: Negative value in "relative to end" fields → aria-invalid (3.3s)
2026-06-01 15:36:13 [31060] INFO  AutomationFramework - Navigating to: https://cloudapps-e2e.encoreglobal.com/navigator/locations/1604/settings/local-office
2026-06-01 15:36:13 [31060] INFO  AutomationFramework - [fixture] Auto-accepting beforeunload dialog
2026-06-01 15:36:13 [31060] INFO  AutomationFramework - [dialog] Auto-accepting beforeunload dialog during safe navigation
2026-06-01 15:36:13 [31060] INFO  AutomationFramework - [dialog] Beforeunload dialog already handled by another listener
2026-06-01 15:36:13 [31060] INFO  AutomationFramework - [OK] Navigation successful: https://cloudapps-e2e.encoreglobal.com/navigator/locations/1604/settings/local-office
  ok  70 [encore-local-office] › specs\local-office\local-office-settings.spec.ts:592:7 › Local Office Settings — Basic Information @locations @local-office-settings › TC-LOS-BAS-055: Non-numeric input on Return field triggers aria-invalid (2.7s)
2026-06-01 15:36:15 [31060] INFO  AutomationFramework - Navigating to: https://cloudapps-e2e.encoreglobal.com/navigator/locations/1604/settings/local-office
2026-06-01 15:36:15 [31060] INFO  AutomationFramework - [fixture] Auto-accepting beforeunload dialog
2026-06-01 15:36:15 [31060] INFO  AutomationFramework - [dialog] Auto-accepting beforeunload dialog during safe navigation
2026-06-01 15:36:15 [31060] INFO  AutomationFramework - [dialog] Beforeunload dialog already handled by another listener
2026-06-01 15:36:16 [31060] INFO  AutomationFramework - [OK] Navigation successful: https://cloudapps-e2e.encoreglobal.com/navigator/locations/1604/settings/local-office
  ok  71 [encore-local-office] › specs\local-office\local-office-settings.spec.ts:606:7 › Local Office Settings — Basic Information @locations @local-office-settings › TC-LOS-BAS-056: Non-numeric input on Delivery field triggers aria-invalid (2.5s)
2026-06-01 15:36:18 [31060] INFO  AutomationFramework - Navigating to: https://cloudapps-e2e.encoreglobal.com/navigator/locations/1604/settings/local-office
2026-06-01 15:36:19 [31060] INFO  AutomationFramework - [OK] Navigation successful: https://cloudapps-e2e.encoreglobal.com/navigator/locations/1604/settings/local-office
  ok  72 [encore-local-office] › specs\local-office\local-office-settings.spec.ts:619:7 › Local Office Settings — Basic Information @locations @local-office-settings › TC-LOS-BAS-061: MaxLen boundary — 3-char field rejects 4+ chars (3.5s)
2026-06-01 15:36:21 [31060] INFO  AutomationFramework - Navigating to: https://cloudapps-e2e.encoreglobal.com/navigator/locations/1604/settings/local-office
2026-06-01 15:36:22 [31060] INFO  AutomationFramework - [OK] Navigation successful: https://cloudapps-e2e.encoreglobal.com/navigator/locations/1604/settings/local-office
  ok  73 [encore-local-office] › specs\local-office\local-office-settings.spec.ts:636:7 › Local Office Settings — Basic Information @locations @local-office-settings › TC-LOS-BAS-062: MaxLen boundary — 4-char field accepts value at limit (2.9s)
2026-06-01 15:36:25 [31060] INFO  AutomationFramework - Navigating to: https://cloudapps-e2e.encoreglobal.com/navigator/locations/1604/settings/local-office
2026-06-01 15:36:25 [31060] INFO  AutomationFramework - [OK] Navigation successful: https://cloudapps-e2e.encoreglobal.com/navigator/locations/1604/settings/local-office
  ok  74 [encore-local-office] › specs\local-office\local-office-settings.spec.ts:654:7 › Local Office Settings — Basic Information @locations @local-office-settings › TC-LOS-BAS-063: Multi-field error recovery — cross-validation clears after correction (3.5s)
2026-06-01 15:36:28 [31060] INFO  AutomationFramework - Navigating to: https://cloudapps-e2e.encoreglobal.com/navigator/locations/1604/settings/local-office
2026-06-01 15:36:29 [31060] INFO  AutomationFramework - [OK] Navigation successful: https://cloudapps-e2e.encoreglobal.com/navigator/locations/1604/settings/local-office
  ok  75 [encore-local-office] › specs\local-office\local-office-settings.spec.ts:682:7 › Local Office Settings — Basic Information @locations @local-office-settings › TC-LOS-BAS-040: Empty section name — reverts to previous value on blur (3.4s)
2026-06-01 15:36:31 [31060] INFO  AutomationFramework - Navigating to: https://cloudapps-e2e.encoreglobal.com/navigator/locations/1604/settings/local-office
2026-06-01 15:36:32 [31060] INFO  AutomationFramework - [OK] Navigation successful: https://cloudapps-e2e.encoreglobal.com/navigator/locations/1604/settings/local-office
  ok  76 [encore-local-office] › specs\local-office\local-office-settings.spec.ts:695:7 › Local Office Settings — Basic Information @locations @local-office-settings › TC-LOS-BAS-041: Whitespace-only section name — accepted as new content (3.2s)
  ok  77 [encore-local-office] › specs\local-office\local-office-settings.spec.ts:713:7 › Local Office Settings — Basic Information @locations @local-office-settings › TC-LOS-BAS-044: Add new section with empty name — rejected (95ms)
  ok  78 [encore-local-office] › specs\local-office\local-office-settings.spec.ts:722:7 › Local Office Settings — Basic Information @locations @local-office-settings › TC-LOS-BAS-045: Add new section with duplicate name — silently rejected (95ms)
2026-06-01 15:36:34 [31060] INFO  AutomationFramework - Navigating to: https://cloudapps-e2e.encoreglobal.com/navigator/locations/1604/settings/local-office
2026-06-01 15:36:35 [31060] INFO  AutomationFramework - [OK] Navigation successful: https://cloudapps-e2e.encoreglobal.com/navigator/locations/1604/settings/local-office
2026-06-01 15:36:38 [31060] INFO  AutomationFramework - Navigating to: https://cloudapps-e2e.encoreglobal.com/navigator/locations/1604/settings/local-office
2026-06-01 15:36:38 [31060] INFO  AutomationFramework - [fixture] Auto-accepting beforeunload dialog
2026-06-01 15:36:38 [31060] INFO  AutomationFramework - [dialog] Auto-accepting beforeunload dialog during safe navigation
2026-06-01 15:36:38 [31060] INFO  AutomationFramework - [dialog] Beforeunload dialog already handled by another listener
2026-06-01 15:36:39 [31060] INFO  AutomationFramework - [OK] Navigation successful: https://cloudapps-e2e.encoreglobal.com/navigator/locations/1604/settings/local-office
  ok  79 [encore-local-office] › specs\local-office\local-office-settings.spec.ts:737:7 › Local Office Settings — Basic Information @locations @local-office-settings › TC-LOS-BAS-050: Empty room name — revert behavior (7.3s)
2026-06-01 15:36:42 [31060] INFO  AutomationFramework - Navigating to: https://cloudapps-e2e.encoreglobal.com/navigator/locations/1604/settings/local-office
2026-06-01 15:36:42 [31060] INFO  AutomationFramework - [fixture] Auto-accepting beforeunload dialog
2026-06-01 15:36:42 [31060] INFO  AutomationFramework - [dialog] Auto-accepting beforeunload dialog during safe navigation
2026-06-01 15:36:42 [31060] INFO  AutomationFramework - [dialog] Beforeunload dialog already handled by another listener
2026-06-01 15:36:43 [31060] INFO  AutomationFramework - [OK] Navigation successful: https://cloudapps-e2e.encoreglobal.com/navigator/locations/1604/settings/local-office
  ok  80 [encore-local-office] › specs\local-office\local-office-settings.spec.ts:756:7 › Local Office Settings — Basic Information @locations @local-office-settings › TC-LOS-BAS-051: Duplicate room name via Add New — silently rejected (2.6s)
  -   81 [encore-local-office] › specs\local-office\local-office-settings.spec.ts:773:8 › Local Office Settings — Basic Information @locations @local-office-settings › TC-LOS-BAS-048: Room toggle round-trip — toggle inactive → save → reload → verify
2026-06-01 15:36:44 [31060] INFO  AutomationFramework - Navigating to: https://cloudapps-e2e.encoreglobal.com/navigator/locations/1604/settings/local-office
2026-06-01 15:36:46 [31060] INFO  AutomationFramework - [OK] Navigation successful: https://cloudapps-e2e.encoreglobal.com/navigator/locations/1604/settings/local-office
2026-06-01 15:36:48 [31060] INFO  AutomationFramework - [OK] Save button enabled
2026-06-01 15:36:48 [31060] INFO  AutomationFramework - Save confirmation dialog appeared -- confirming
2026-06-01 15:36:49 [31060] INFO  AutomationFramework - [OK] Save complete (btnSave)
2026-06-01 15:36:49 [31060] INFO  AutomationFramework - Navigating to: https://cloudapps-e2e.encoreglobal.com/navigator/locations/1604/settings/local-office
2026-06-01 15:36:49 [31060] INFO  AutomationFramework - [OK] Navigation successful: https://cloudapps-e2e.encoreglobal.com/navigator/locations/1604/settings/local-office
2026-06-01 15:36:51 [31060] INFO  AutomationFramework - [OK] Save button enabled
2026-06-01 15:36:52 [31060] INFO  AutomationFramework - Save confirmation dialog appeared -- confirming
2026-06-01 15:36:53 [31060] INFO  AutomationFramework - [OK] Save complete (btnSave)
  ok  82 [encore-local-office] › specs\local-office\local-office-settings.spec.ts:812:7 › Local Office Settings — Basic Information @locations @local-office-settings › TC-LOS-BAS-049: Room edit name round-trip — rename → save → reload → verify (8.5s)
2026-06-01 15:36:53 [31060] INFO  AutomationFramework - Navigating to: https://cloudapps-e2e.encoreglobal.com/navigator/locations/1604/settings/local-office
2026-06-01 15:36:53 [31060] INFO  AutomationFramework - [OK] Navigation successful: https://cloudapps-e2e.encoreglobal.com/navigator/locations/1604/settings/local-office
2026-06-01 15:36:56 [31060] INFO  AutomationFramework - [OK] Save button enabled
2026-06-01 15:36:56 [31060] INFO  AutomationFramework - Save confirmation dialog appeared -- confirming
2026-06-01 15:36:57 [31060] INFO  AutomationFramework - [OK] Save complete (btnSave)
2026-06-01 15:36:57 [31060] INFO  AutomationFramework - Navigating to: https://cloudapps-e2e.encoreglobal.com/navigator/locations/1604/settings/local-office
2026-06-01 15:36:58 [31060] INFO  AutomationFramework - [OK] Navigation successful: https://cloudapps-e2e.encoreglobal.com/navigator/locations/1604/settings/local-office
2026-06-01 15:37:00 [31060] INFO  AutomationFramework - [OK] Save button enabled
2026-06-01 15:37:00 [31060] INFO  AutomationFramework - Save confirmation dialog appeared -- confirming
2026-06-01 15:37:02 [31060] INFO  AutomationFramework - [OK] Save complete (btnSave)
  ok  83 [encore-local-office] › specs\local-office\local-office-settings.spec.ts:861:7 › Local Office Settings — Basic Information @locations @local-office-settings › TC-LOS-BAS-064: Clear Prep offset → save → reload → verify empty (not "0") (8.6s)
2026-06-01 15:37:02 [31060] INFO  AutomationFramework - [OK] Save button enabled
2026-06-01 15:37:02 [31060] INFO  AutomationFramework - Save confirmation dialog appeared -- confirming
2026-06-01 15:37:03 [31060] INFO  AutomationFramework - [OK] Save complete (btnSave)
2026-06-01 15:37:03 [31060] INFO  AutomationFramework - Navigating to: https://cloudapps-e2e.encoreglobal.com/navigator/locations/1604/settings/local-office
2026-06-01 15:37:03 [31060] INFO  AutomationFramework - [OK] Navigation successful: https://cloudapps-e2e.encoreglobal.com/navigator/locations/1604/settings/local-office
  x   84 [encore-local-office] › specs\local-office\local-office-settings.spec.ts:878:7 › Local Office Settings — Basic Information @locations @local-office-settings › TC-LOS-BAS-065: Clear Return offset → save → reload → app re-applies default 1 (4.6s)
2026-06-01 15:37:08 [35120] INFO  AutomationFramework - Loading credentials from env source
2026-06-01 15:37:08 [35120] INFO  AutomationFramework - [OK] Credentials loaded for: s-prd-clickauto@psav.com
2026-06-01 15:37:15 [35120] INFO  AutomationFramework - [OK] Authenticated session ready via shared storageState
2026-06-01 15:37:15 [35120] INFO  AutomationFramework - Navigating to: https://cloudapps-e2e.encoreglobal.com/navigator/locations/1604/settings/local-office
2026-06-01 15:37:16 [35120] INFO  AutomationFramework - [OK] Navigation successful: https://cloudapps-e2e.encoreglobal.com/navigator/locations/1604/settings/local-office
2026-06-01 15:37:28 [35120] INFO  AutomationFramework - [WARN] Save button did not enable within timeout
2026-06-01 15:37:28 [35120] INFO  AutomationFramework - Save button disabled (btnSave) -- skipping click
2026-06-01 15:37:28 [35120] INFO  AutomationFramework - Navigating to: https://cloudapps-e2e.encoreglobal.com/navigator/locations/1604/settings/local-office
2026-06-01 15:37:28 [35120] INFO  AutomationFramework - [OK] Navigation successful: https://cloudapps-e2e.encoreglobal.com/navigator/locations/1604/settings/local-office
  x   85 [encore-local-office] › specs\local-office\local-office-settings.spec.ts:878:7 › Local Office Settings — Basic Information @locations @local-office-settings › TC-LOS-BAS-065: Clear Return offset → save → reload → app re-applies default 1 (retry #1) (15.5s)
2026-06-01 15:37:32 [18196] INFO  AutomationFramework - Loading credentials from env source
2026-06-01 15:37:32 [18196] INFO  AutomationFramework - [OK] Credentials loaded for: s-prd-clickauto@psav.com
2026-06-01 15:37:39 [18196] INFO  AutomationFramework - [OK] Authenticated session ready via shared storageState
2026-06-01 15:37:39 [18196] INFO  AutomationFramework - Navigating to: https://cloudapps-e2e.encoreglobal.com/navigator/locations/1604/settings/local-office
2026-06-01 15:37:39 [18196] INFO  AutomationFramework - [OK] Navigation successful: https://cloudapps-e2e.encoreglobal.com/navigator/locations/1604/settings/local-office
2026-06-01 15:37:41 [18196] INFO  AutomationFramework - Navigating to: https://cloudapps-e2e.encoreglobal.com/navigator/locations/1604/settings/local-office
2026-06-01 15:37:42 [18196] INFO  AutomationFramework - [OK] Navigation successful: https://cloudapps-e2e.encoreglobal.com/navigator/locations/1604/settings/local-office
2026-06-01 15:37:44 [18196] INFO  AutomationFramework - Navigating to: https://cloudapps-e2e.encoreglobal.com/navigator/locations/1604/settings/local-office
2026-06-01 15:37:44 [18196] INFO  AutomationFramework - [fixture] Auto-accepting beforeunload dialog
2026-06-01 15:37:44 [18196] INFO  AutomationFramework - [dialog] Auto-accepting beforeunload dialog during safe navigation
2026-06-01 15:37:44 [18196] INFO  AutomationFramework - [dialog] Beforeunload dialog already handled by another listener
2026-06-01 15:37:45 [18196] INFO  AutomationFramework - [OK] Navigation successful: https://cloudapps-e2e.encoreglobal.com/navigator/locations/1604/settings/local-office
  ok  86 [encore-local-office] › specs\local-office\local-office-settings.spec.ts:893:7 › Local Office Settings — Basic Information @locations @local-office-settings › TC-LOS-BAS-066: Clear Prep but keep Delivery → no cross-validation error (8.5s)
2026-06-01 15:37:47 [18196] INFO  AutomationFramework - Navigating to: https://cloudapps-e2e.encoreglobal.com/navigator/locations/1604/settings/local-office
2026-06-01 15:37:48 [18196] INFO  AutomationFramework - [OK] Navigation successful: https://cloudapps-e2e.encoreglobal.com/navigator/locations/1604/settings/local-office
2026-06-01 15:37:50 [18196] INFO  AutomationFramework - [OK] Save button enabled
2026-06-01 15:37:50 [18196] INFO  AutomationFramework - Save confirmation dialog appeared -- confirming
2026-06-01 15:37:51 [18196] INFO  AutomationFramework - [OK] Save complete (btnSave)
2026-06-01 15:37:51 [18196] INFO  AutomationFramework - Navigating to: https://cloudapps-e2e.encoreglobal.com/navigator/locations/1604/settings/local-office
2026-06-01 15:37:52 [18196] INFO  AutomationFramework - [OK] Navigation successful: https://cloudapps-e2e.encoreglobal.com/navigator/locations/1604/settings/local-office
2026-06-01 15:37:54 [18196] INFO  AutomationFramework - [OK] Save button enabled
2026-06-01 15:37:54 [18196] INFO  AutomationFramework - Save confirmation dialog appeared -- confirming
2026-06-01 15:37:55 [18196] INFO  AutomationFramework - [OK] Save complete (btnSave)
  ok  87 [encore-local-office] › specs\local-office\local-office-settings.spec.ts:910:7 › Local Office Settings — Basic Information @locations @local-office-settings › TC-LOS-BAS-067: Clear all 6 offsets → save → reload → all empty (7.9s)
2026-06-01 15:37:56 [10708] INFO  AutomationFramework - Loading credentials from env source
2026-06-01 15:37:56 [10708] INFO  AutomationFramework - [OK] Credentials loaded for: s-prd-clickauto@psav.com
2026-06-01 15:38:03 [10708] INFO  AutomationFramework - [OK] Authenticated session ready via shared storageState
2026-06-01 15:38:03 [10708] INFO  AutomationFramework - LocationNotesPage initialized
2026-06-01 15:38:03 [10708] INFO  AutomationFramework - Navigating to locations/1604/settings/location
2026-06-01 15:38:03 [10708] INFO  AutomationFramework - Navigating to: https://cloudapps-e2e.encoreglobal.com/navigator/locations/1604/settings/location
2026-06-01 15:38:03 [10708] INFO  AutomationFramework - [OK] Navigation successful: https://cloudapps-e2e.encoreglobal.com/navigator/locations/1604/settings/location
2026-06-01 15:38:06 [10708] INFO  AutomationFramework - [OK] Tab active: tabNotes
2026-06-01 15:38:07 [10708] INFO  AutomationFramework - Clicking element: tabNotes
2026-06-01 15:38:09 [10708] INFO  AutomationFramework - [OK] Click successful: tabNotes
2026-06-01 15:38:09 [10708] INFO  AutomationFramework - [OK] Notes ensured empty (DB clean)
2026-06-01 15:38:09 [10708] INFO  AutomationFramework - Clicking element: btnNotesAdd
2026-06-01 15:38:09 [10708] INFO  AutomationFramework - [OK] Click successful: btnNotesAdd
2026-06-01 15:38:09 [10708] INFO  AutomationFramework - [OK] Filled note row 0 with 5 chars
2026-06-01 15:38:09 [10708] INFO  AutomationFramework - Save confirmation dialog appeared -- confirming
2026-06-01 15:38:09 [10708] INFO  AutomationFramework - [OK] Save complete (btnSaveNotes)
  ok  88 [encore-locations] › specs\locations\history\location-hist-notes.spec.ts:157:7 › Location Management HIST — Notes col 69 @locations @management-history @notes-hist › TC-LOC-NTS-028: HIST col 69 — empty to "hello" save (10.2s)
2026-06-01 15:38:13 [10708] INFO  AutomationFramework - LocationNotesPage initialized
2026-06-01 15:38:13 [10708] INFO  AutomationFramework - Clicking element: tabNotes
2026-06-01 15:38:13 [10708] INFO  AutomationFramework - [OK] Click successful: tabNotes
2026-06-01 15:38:13 [10708] INFO  AutomationFramework - [OK] All note rows deleted
2026-06-01 15:38:14 [10708] INFO  AutomationFramework - Save confirmation dialog appeared -- confirming
2026-06-01 15:38:15 [10708] INFO  AutomationFramework - [OK] Save complete (btnSaveNotes)
2026-06-01 15:38:15 [10708] INFO  AutomationFramework - Clicking element: tabNotes
2026-06-01 15:38:17 [10708] INFO  AutomationFramework - [OK] Click successful: tabNotes
2026-06-01 15:38:17 [10708] INFO  AutomationFramework - [OK] Notes ensured empty (DB clean)
2026-06-01 15:38:17 [10708] INFO  AutomationFramework - Clicking element: btnNotesAdd
2026-06-01 15:38:17 [10708] INFO  AutomationFramework - [OK] Click successful: btnNotesAdd
2026-06-01 15:38:17 [10708] INFO  AutomationFramework - [OK] Filled note row 0 with 4000 chars
2026-06-01 15:38:17 [10708] INFO  AutomationFramework - Save confirmation dialog appeared -- confirming
2026-06-01 15:38:18 [10708] INFO  AutomationFramework - [OK] Save complete (btnSaveNotes)
  ok  89 [encore-locations] › specs\locations\history\location-hist-notes.spec.ts:165:7 › Location Management HIST — Notes col 69 @locations @management-history @notes-hist › TC-LOC-NTS-029: HIST col 69 — long text 4000 chars (boundary) (7.6s)
2026-06-01 15:38:20 [10708] INFO  AutomationFramework - LocationNotesPage initialized
2026-06-01 15:38:20 [10708] INFO  AutomationFramework - Clicking element: tabNotes
2026-06-01 15:38:21 [10708] INFO  AutomationFramework - [OK] Click successful: tabNotes
2026-06-01 15:38:21 [10708] INFO  AutomationFramework - [OK] All note rows deleted
2026-06-01 15:38:21 [10708] INFO  AutomationFramework - Save confirmation dialog appeared -- confirming
2026-06-01 15:38:23 [10708] INFO  AutomationFramework - [OK] Save complete (btnSaveNotes)
2026-06-01 15:38:23 [10708] INFO  AutomationFramework - Clicking element: tabNotes
2026-06-01 15:38:24 [10708] INFO  AutomationFramework - [OK] Click successful: tabNotes
2026-06-01 15:38:24 [10708] INFO  AutomationFramework - [OK] Notes ensured empty (DB clean)
2026-06-01 15:38:24 [10708] INFO  AutomationFramework - Clicking element: btnNotesAdd
2026-06-01 15:38:25 [10708] INFO  AutomationFramework - [OK] Click successful: btnNotesAdd
2026-06-01 15:38:25 [10708] INFO  AutomationFramework - [OK] Filled note row 0 with 56 chars
2026-06-01 15:38:25 [10708] INFO  AutomationFramework - Save confirmation dialog appeared -- confirming
2026-06-01 15:38:25 [10708] INFO  AutomationFramework - [OK] Save complete (btnSaveNotes)
  ok  90 [encore-locations] › specs\locations\history\location-hist-notes.spec.ts:173:7 › Location Management HIST — Notes col 69 @locations @management-history @notes-hist › TC-LOC-NTS-030: HIST col 69 — special chars (HTML-like, quotes, backticks) (7.7s)
2026-06-01 15:38:28 [10708] INFO  AutomationFramework - LocationNotesPage initialized
2026-06-01 15:38:28 [10708] INFO  AutomationFramework - Clicking element: tabNotes
2026-06-01 15:38:28 [10708] INFO  AutomationFramework - [OK] Click successful: tabNotes
2026-06-01 15:38:29 [10708] INFO  AutomationFramework - [OK] All note rows deleted
2026-06-01 15:38:29 [10708] INFO  AutomationFramework - Save confirmation dialog appeared -- confirming
2026-06-01 15:38:30 [10708] INFO  AutomationFramework - [OK] Save complete (btnSaveNotes)
2026-06-01 15:38:31 [10708] INFO  AutomationFramework - Clicking element: tabNotes
2026-06-01 15:38:33 [10708] INFO  AutomationFramework - [OK] Click successful: tabNotes
2026-06-01 15:38:33 [10708] INFO  AutomationFramework - [OK] Notes ensured empty (DB clean)
2026-06-01 15:38:33 [10708] INFO  AutomationFramework - Clicking element: btnNotesAdd
2026-06-01 15:38:33 [10708] INFO  AutomationFramework - [OK] Click successful: btnNotesAdd
2026-06-01 15:38:33 [10708] INFO  AutomationFramework - [OK] Pasted 17 chars into note row 0
2026-06-01 15:38:33 [10708] INFO  AutomationFramework - Save confirmation dialog appeared -- confirming
2026-06-01 15:38:33 [10708] INFO  AutomationFramework - [OK] Save complete (btnSaveNotes)
  ok  91 [encore-locations] › specs\locations\history\location-hist-notes.spec.ts:181:7 › Location Management HIST — Notes col 69 @locations @management-history @notes-hist › TC-LOC-NTS-031: HIST col 69 — newlines and multi-line content (8.3s)
2026-06-01 15:38:37 [10708] INFO  AutomationFramework - LocationNotesPage initialized
2026-06-01 15:38:37 [10708] INFO  AutomationFramework - Clicking element: tabNotes
2026-06-01 15:38:37 [10708] INFO  AutomationFramework - [OK] Click successful: tabNotes
2026-06-01 15:38:37 [10708] INFO  AutomationFramework - [OK] All note rows deleted
2026-06-01 15:38:37 [10708] INFO  AutomationFramework - Save confirmation dialog appeared -- confirming
2026-06-01 15:38:39 [10708] INFO  AutomationFramework - [OK] Save complete (btnSaveNotes)
2026-06-01 15:38:39 [10708] INFO  AutomationFramework - Clicking element: tabNotes
2026-06-01 15:38:41 [10708] INFO  AutomationFramework - [OK] Click successful: tabNotes
2026-06-01 15:38:41 [10708] INFO  AutomationFramework - [OK] Notes ensured empty (DB clean)
2026-06-01 15:38:41 [10708] INFO  AutomationFramework - Clicking element: btnNotesAdd
2026-06-01 15:38:41 [10708] INFO  AutomationFramework - [OK] Click successful: btnNotesAdd
2026-06-01 15:38:41 [10708] INFO  AutomationFramework - [OK] Filled note row 0 with 16 chars
2026-06-01 15:38:41 [10708] INFO  AutomationFramework - Save confirmation dialog appeared -- confirming
2026-06-01 15:38:41 [10708] INFO  AutomationFramework - [OK] Save complete (btnSaveNotes)
[col69-no-match] sinceMs=1780328316246 validForms=["06/01/2026 - café résumé 中文 ✔","06/01/2026 - café résumé 中文 ✔ | 06/01/2026 -"] rows=[{"modifiedOn":"06/01/2026 03:38:38 PM","notesLen":0,"notesHead":""}]
2026-06-01 15:38:44 [10708] INFO  AutomationFramework - Clicking element: tabNotes
2026-06-01 15:38:54 [10708] WARN  AutomationFramework - [WARN] Click attempt 1/3 failed: tabNotes
2026-06-01 15:39:05 [10708] WARN  AutomationFramework - [WARN] Click attempt 2/3 failed: tabNotes
2026-06-01 15:39:15 [10708] WARN  AutomationFramework - [WARN] Click attempt 3/3 failed: tabNotes
2026-06-01 15:39:15 [10708] ERROR AutomationFramework - [ERR] Click failed after 3 attempts: tabNotes
  x   92 [encore-locations] › specs\locations\history\location-hist-notes.spec.ts:189:7 › Location Management HIST — Notes col 69 @locations @management-history @notes-hist › TC-LOC-NTS-032: HIST col 69 — unicode (Latin diacritic + CJK + dingbat) (38.7s)
2026-06-01 15:39:17 [27376] INFO  AutomationFramework - Loading credentials from env source
2026-06-01 15:39:17 [27376] INFO  AutomationFramework - [OK] Credentials loaded for: s-prd-clickauto@psav.com
2026-06-01 15:39:23 [27376] INFO  AutomationFramework - [OK] Authenticated session ready via shared storageState
2026-06-01 15:39:23 [27376] INFO  AutomationFramework - LocationNotesPage initialized
2026-06-01 15:39:23 [27376] INFO  AutomationFramework - Navigating to locations/1604/settings/location
2026-06-01 15:39:23 [27376] INFO  AutomationFramework - Navigating to: https://cloudapps-e2e.encoreglobal.com/navigator/locations/1604/settings/location
2026-06-01 15:39:24 [27376] INFO  AutomationFramework - [OK] Navigation successful: https://cloudapps-e2e.encoreglobal.com/navigator/locations/1604/settings/location
2026-06-01 15:39:26 [27376] INFO  AutomationFramework - [OK] Tab active: tabNotes
2026-06-01 15:39:27 [27376] INFO  AutomationFramework - [OK] All note rows deleted
2026-06-01 15:39:27 [27376] INFO  AutomationFramework - Save confirmation dialog appeared -- confirming
2026-06-01 15:39:28 [27376] INFO  AutomationFramework - [OK] Save complete (btnSaveNotes)
2026-06-01 15:39:29 [27376] INFO  AutomationFramework - Clicking element: tabNotes
2026-06-01 15:39:30 [27376] INFO  AutomationFramework - [OK] Click successful: tabNotes
2026-06-01 15:39:30 [27376] INFO  AutomationFramework - [OK] Notes ensured empty (DB clean)
2026-06-01 15:39:30 [27376] INFO  AutomationFramework - Clicking element: btnNotesAdd
2026-06-01 15:39:30 [27376] INFO  AutomationFramework - [OK] Click successful: btnNotesAdd
2026-06-01 15:39:30 [27376] INFO  AutomationFramework - [OK] Filled note row 0 with 16 chars
2026-06-01 15:39:30 [27376] INFO  AutomationFramework - Save confirmation dialog appeared -- confirming
2026-06-01 15:39:31 [27376] INFO  AutomationFramework - [OK] Save complete (btnSaveNotes)
2026-06-01 15:39:45 [27376] INFO  AutomationFramework - Clicking element: tabNotes
2026-06-01 15:39:45 [27376] INFO  AutomationFramework - [OK] Click successful: tabNotes
2026-06-01 15:39:45 [27376] INFO  AutomationFramework - [OK] All note rows deleted
2026-06-01 15:39:46 [27376] INFO  AutomationFramework - Save confirmation dialog appeared -- confirming
2026-06-01 15:39:47 [27376] INFO  AutomationFramework - [OK] Save complete (btnSaveNotes)
2026-06-01 15:39:47 [27376] INFO  AutomationFramework - Clicking element: tabNotes
2026-06-01 15:39:49 [27376] INFO  AutomationFramework - [OK] Click successful: tabNotes
2026-06-01 15:39:49 [27376] INFO  AutomationFramework - [OK] Notes ensured empty (DB clean)
  ok  93 [encore-locations] › specs\locations\history\location-hist-notes.spec.ts:189:7 › Location Management HIST — Notes col 69 @locations @management-history @notes-hist › TC-LOC-NTS-032: HIST col 69 — unicode (Latin diacritic + CJK + dingbat) (retry #1) (25.6s)
2026-06-01 15:39:49 [27376] INFO  AutomationFramework - LocationNotesPage initialized
2026-06-01 15:39:49 [27376] INFO  AutomationFramework - Clicking element: tabNotes
2026-06-01 15:39:49 [27376] INFO  AutomationFramework - [OK] Click successful: tabNotes
2026-06-01 15:39:51 [27376] INFO  AutomationFramework - Clicking element: tabNotes
2026-06-01 15:39:52 [27376] INFO  AutomationFramework - [OK] Click successful: tabNotes
2026-06-01 15:39:52 [27376] INFO  AutomationFramework - [OK] Notes ensured empty (DB clean)
2026-06-01 15:39:52 [27376] INFO  AutomationFramework - Clicking element: btnNotesAdd
2026-06-01 15:39:52 [27376] INFO  AutomationFramework - [OK] Click successful: btnNotesAdd
2026-06-01 15:39:52 [27376] INFO  AutomationFramework - [OK] Filled note row 0 with 10 chars
2026-06-01 15:39:52 [27376] INFO  AutomationFramework - Save confirmation dialog appeared -- confirming
2026-06-01 15:39:53 [27376] INFO  AutomationFramework - [OK] Save complete (btnSaveNotes)
2026-06-01 15:39:53 [27376] INFO  AutomationFramework - Clicking element: tabNotes
2026-06-01 15:39:55 [27376] INFO  AutomationFramework - [OK] Click successful: tabNotes
2026-06-01 15:39:55 [27376] INFO  AutomationFramework - [OK] Filled note row 0 with 10 chars
2026-06-01 15:39:55 [27376] INFO  AutomationFramework - Save confirmation dialog appeared -- confirming
2026-06-01 15:39:56 [27376] INFO  AutomationFramework - [OK] Save complete (btnSaveNotes)
2026-06-01 15:39:59 [27376] INFO  AutomationFramework - Clicking element: tabNotes
2026-06-01 15:39:59 [27376] INFO  AutomationFramework - [OK] Click successful: tabNotes
2026-06-01 15:40:00 [27376] INFO  AutomationFramework - [OK] All note rows deleted
2026-06-01 15:40:00 [27376] INFO  AutomationFramework - Save confirmation dialog appeared -- confirming
2026-06-01 15:40:01 [27376] INFO  AutomationFramework - [OK] Save complete (btnSaveNotes)
2026-06-01 15:40:02 [27376] INFO  AutomationFramework - Clicking element: tabNotes
2026-06-01 15:40:03 [27376] INFO  AutomationFramework - [OK] Click successful: tabNotes
2026-06-01 15:40:03 [27376] INFO  AutomationFramework - [OK] Notes ensured empty (DB clean)
  ok  94 [encore-locations] › specs\locations\history\location-hist-notes.spec.ts:225:7 › Location Management HIST — Notes col 69 @locations @management-history @notes-hist › TC-LOC-NTS-038: HIST col 69 — sequential save (A then B) produces 2 distinct history rows (14.6s)
  -   95 [encore-locations] › specs\locations\location-account-address.spec.ts:42:8 › Location Account and Address @locations @account-address › TC-LOC-ACC-029: Phone 2 cleared value persists empty after reload
2026-06-01 15:40:03 [27376] INFO  AutomationFramework - LocationAccountAddressPage initialized
2026-06-01 15:40:04 [27376] INFO  AutomationFramework - [OK] Tab active: tabAccountAndAddress
2026-06-01 15:40:11 [27376] INFO  AutomationFramework - Clicking element: btnAccName
2026-06-01 15:40:11 [27376] INFO  AutomationFramework - [OK] Click successful: btnAccName
2026-06-01 15:40:11 [27376] INFO  AutomationFramework - Waiting for element: dlgAccountList
2026-06-01 15:40:11 [27376] INFO  AutomationFramework - [OK] Element visible: dlgAccountList
2026-06-01 15:40:11 [27376] INFO  AutomationFramework - [OK] Account List dialog opened
2026-06-01 15:40:11 [27376] INFO  AutomationFramework - Filling element: txtAccListAccountNumber with value: AC000107...
2026-06-01 15:40:11 [27376] INFO  AutomationFramework - [OK] Fill successful: txtAccListAccountNumber
2026-06-01 15:40:11 [27376] INFO  AutomationFramework - Clicking element: btnAccListSearch
2026-06-01 15:40:11 [27376] INFO  AutomationFramework - [OK] Click successful: btnAccListSearch
  x   96 [encore-locations] › specs\locations\location-account-address.spec.ts:70:7 › Location Account and Address @locations @account-address › TC-LOC-ACC-030: Account List Account Number filter returns matching account (22.6s)
2026-06-01 15:40:28 [24732] INFO  AutomationFramework - Loading credentials from env source
2026-06-01 15:40:28 [24732] INFO  AutomationFramework - [OK] Credentials loaded for: s-prd-clickauto@psav.com
2026-06-01 15:40:35 [24732] INFO  AutomationFramework - [OK] Authenticated session ready via shared storageState
2026-06-01 15:40:35 [24732] INFO  AutomationFramework - LocationAccountAddressPage initialized
2026-06-01 15:40:35 [24732] INFO  AutomationFramework - Navigating to locations/1604/settings/location
2026-06-01 15:40:35 [24732] INFO  AutomationFramework - Navigating to: https://cloudapps-e2e.encoreglobal.com/navigator/locations/1604/settings/location
2026-06-01 15:40:36 [24732] INFO  AutomationFramework - [OK] Navigation successful: https://cloudapps-e2e.encoreglobal.com/navigator/locations/1604/settings/location
2026-06-01 15:40:39 [24732] INFO  AutomationFramework - [OK] Tab active: tabAccountAndAddress
2026-06-01 15:40:44 [24732] INFO  AutomationFramework - Clicking element: btnAccName
2026-06-01 15:40:44 [24732] INFO  AutomationFramework - [OK] Click successful: btnAccName
2026-06-01 15:40:44 [24732] INFO  AutomationFramework - Waiting for element: dlgAccountList
2026-06-01 15:40:44 [24732] INFO  AutomationFramework - [OK] Element visible: dlgAccountList
2026-06-01 15:40:44 [24732] INFO  AutomationFramework - [OK] Account List dialog opened
2026-06-01 15:40:44 [24732] INFO  AutomationFramework - Filling element: txtAccListAccountNumber with value: AC000107...
2026-06-01 15:40:44 [24732] INFO  AutomationFramework - [OK] Fill successful: txtAccListAccountNumber
2026-06-01 15:40:44 [24732] INFO  AutomationFramework - Clicking element: btnAccListSearch
2026-06-01 15:40:44 [24732] INFO  AutomationFramework - [OK] Click successful: btnAccListSearch
2026-06-01 15:40:45 [24732] INFO  AutomationFramework - Searched account by number: AC000107
2026-06-01 15:40:45 [24732] INFO  AutomationFramework - Clicking element: btnAccListCancel
2026-06-01 15:40:45 [24732] INFO  AutomationFramework - [OK] Click successful: btnAccListCancel
2026-06-01 15:40:46 [24732] INFO  AutomationFramework - Cancelled Account List dialog
  ok  97 [encore-locations] › specs\locations\location-account-address.spec.ts:70:7 › Location Account and Address @locations @account-address › TC-LOC-ACC-030: Account List Account Number filter returns matching account (retry #1) (10.9s)
2026-06-01 15:40:46 [24732] INFO  AutomationFramework - LocationAccountAddressPage initialized
2026-06-01 15:40:46 [24732] INFO  AutomationFramework - Clicking element: btnAccVenueAddress
2026-06-01 15:40:46 [24732] INFO  AutomationFramework - [OK] Click successful: btnAccVenueAddress
2026-06-01 15:40:46 [24732] INFO  AutomationFramework - Waiting for element: dlgSelectAddress
2026-06-01 15:40:46 [24732] INFO  AutomationFramework - [OK] Element visible: dlgSelectAddress
2026-06-01 15:40:46 [24732] INFO  AutomationFramework - [OK] Select Customer Address dialog opened (venue)
2026-06-01 15:40:46 [24732] INFO  AutomationFramework - Filling element: txtAddrSearch with value: Beverly...
2026-06-01 15:40:46 [24732] INFO  AutomationFramework - [OK] Fill successful: txtAddrSearch
2026-06-01 15:40:46 [24732] INFO  AutomationFramework - Filtered addresses: Beverly
2026-06-01 15:40:46 [24732] INFO  AutomationFramework - Filling element: txtAddrSearch with value: ...
2026-06-01 15:40:46 [24732] INFO  AutomationFramework - [OK] Fill successful: txtAddrSearch
2026-06-01 15:40:46 [24732] INFO  AutomationFramework - Filtered addresses: 
2026-06-01 15:40:46 [24732] INFO  AutomationFramework - Clicking element: btnAddrCancel
2026-06-01 15:40:47 [24732] INFO  AutomationFramework - [OK] Click successful: btnAddrCancel
2026-06-01 15:40:47 [24732] INFO  AutomationFramework - Cancelled Address dialog
  ok  98 [encore-locations] › specs\locations\location-account-address.spec.ts:82:7 › Location Account and Address @locations @account-address › TC-LOC-ACC-031: Address dialog search filter then clear restores full set (969ms)
2026-06-01 15:40:47 [24732] INFO  AutomationFramework - LocationAccountAddressPage initialized
2026-06-01 15:40:47 [24732] INFO  AutomationFramework - [OK] Tab active: tabAccountAndAddress
  ok  99 [encore-locations] › specs\locations\location-account-address.spec.ts:96:7 › Location Account and Address @locations @account-address › TC-LOC-ACC-001: Navigate to Account and Address tab; two-card layout visible (61ms)
2026-06-01 15:40:47 [24732] INFO  AutomationFramework - LocationAccountAddressPage initialized
  ok 100 [encore-locations] › specs\locations\location-account-address.spec.ts:104:7 › Location Account and Address @locations @account-address › TC-LOC-ACC-002: Venue Name field is disabled with correct value (30ms)
2026-06-01 15:40:47 [24732] INFO  AutomationFramework - LocationAccountAddressPage initialized
2026-06-01 15:40:47 [24732] INFO  AutomationFramework - Clicking element: btnAccName
2026-06-01 15:40:47 [24732] INFO  AutomationFramework - [OK] Click successful: btnAccName
2026-06-01 15:40:47 [24732] INFO  AutomationFramework - Waiting for element: dlgAccountList
2026-06-01 15:40:47 [24732] INFO  AutomationFramework - [OK] Element visible: dlgAccountList
2026-06-01 15:40:47 [24732] INFO  AutomationFramework - [OK] Account List dialog opened
2026-06-01 15:40:47 [24732] INFO  AutomationFramework - Clicking element: btnAccListCancel
2026-06-01 15:40:47 [24732] INFO  AutomationFramework - [OK] Click successful: btnAccListCancel
2026-06-01 15:40:47 [24732] INFO  AutomationFramework - Cancelled Account List dialog
  ok 101 [encore-locations] › specs\locations\location-account-address.spec.ts:110:7 › Location Account and Address @locations @account-address › TC-LOC-ACC-003: Name button opens Account List dialog (708ms)
2026-06-01 15:40:47 [24732] INFO  AutomationFramework - LocationAccountAddressPage initialized
2026-06-01 15:40:47 [24732] INFO  AutomationFramework - Clicking element: btnAccName
2026-06-01 15:40:47 [24732] INFO  AutomationFramework - [OK] Click successful: btnAccName
2026-06-01 15:40:47 [24732] INFO  AutomationFramework - Waiting for element: dlgAccountList
2026-06-01 15:40:48 [24732] INFO  AutomationFramework - [OK] Element visible: dlgAccountList
2026-06-01 15:40:48 [24732] INFO  AutomationFramework - [OK] Account List dialog opened
2026-06-01 15:40:48 [24732] INFO  AutomationFramework - Filling element: txtAccListAccountName with value: Parker...
2026-06-01 15:40:48 [24732] INFO  AutomationFramework - [OK] Fill successful: txtAccListAccountName
2026-06-01 15:40:48 [24732] INFO  AutomationFramework - Clicking element: btnAccListSearch
2026-06-01 15:40:48 [24732] INFO  AutomationFramework - [OK] Click successful: btnAccListSearch
2026-06-01 15:40:50 [24732] INFO  AutomationFramework - Searched account by name: Parker
2026-06-01 15:40:50 [24732] INFO  AutomationFramework - Clicking element: btnAccListCancel
2026-06-01 15:40:51 [24732] INFO  AutomationFramework - [OK] Click successful: btnAccListCancel
2026-06-01 15:40:51 [24732] INFO  AutomationFramework - Cancelled Account List dialog
  ok 102 [encore-locations] › specs\locations\location-account-address.spec.ts:120:7 › Location Account and Address @locations @account-address › TC-LOC-ACC-004: Account List search returns results (3.3s)
2026-06-01 15:40:51 [24732] INFO  AutomationFramework - LocationAccountAddressPage initialized
2026-06-01 15:40:51 [24732] INFO  AutomationFramework - Clicking element: btnAccName
2026-06-01 15:40:51 [24732] INFO  AutomationFramework - [OK] Click successful: btnAccName
2026-06-01 15:40:51 [24732] INFO  AutomationFramework - Waiting for element: dlgAccountList
2026-06-01 15:40:51 [24732] INFO  AutomationFramework - [OK] Element visible: dlgAccountList
2026-06-01 15:40:51 [24732] INFO  AutomationFramework - [OK] Account List dialog opened
2026-06-01 15:40:51 [24732] INFO  AutomationFramework - Filling element: txtAccListAccountName with value: Parker...
2026-06-01 15:40:51 [24732] INFO  AutomationFramework - [OK] Fill successful: txtAccListAccountName
2026-06-01 15:40:51 [24732] INFO  AutomationFramework - Clicking element: btnAccListSearch
2026-06-01 15:40:51 [24732] INFO  AutomationFramework - [OK] Click successful: btnAccListSearch
2026-06-01 15:40:52 [24732] INFO  AutomationFramework - Searched account by name: Parker
2026-06-01 15:40:52 [24732] INFO  AutomationFramework - Clicking element: chkAccListRowSelect
2026-06-01 15:40:52 [24732] INFO  AutomationFramework - [OK] Click successful: chkAccListRowSelect
2026-06-01 15:40:52 [24732] INFO  AutomationFramework - Checked first row in Account List
2026-06-01 15:40:52 [24732] INFO  AutomationFramework - Clicking element: btnAccListCancel
2026-06-01 15:40:52 [24732] INFO  AutomationFramework - [OK] Click successful: btnAccListCancel
2026-06-01 15:40:53 [24732] INFO  AutomationFramework - Cancelled Account List dialog
  ok 103 [encore-locations] › specs\locations\location-account-address.spec.ts:133:7 › Location Account and Address @locations @account-address › TC-LOC-ACC-005: Account List Select button disabled until row checked (1.8s)
2026-06-01 15:40:53 [24732] INFO  AutomationFramework - LocationAccountAddressPage initialized
2026-06-01 15:40:53 [24732] INFO  AutomationFramework - Clicking element: btnAccName
2026-06-01 15:40:53 [24732] INFO  AutomationFramework - [OK] Click successful: btnAccName
2026-06-01 15:40:53 [24732] INFO  AutomationFramework - Waiting for element: dlgAccountList
2026-06-01 15:40:53 [24732] INFO  AutomationFramework - [OK] Element visible: dlgAccountList
2026-06-01 15:40:53 [24732] INFO  AutomationFramework - [OK] Account List dialog opened
2026-06-01 15:40:53 [24732] INFO  AutomationFramework - Filling element: txtAccListAccountName with value: Parker...
2026-06-01 15:40:53 [24732] INFO  AutomationFramework - [OK] Fill successful: txtAccListAccountName
2026-06-01 15:40:53 [24732] INFO  AutomationFramework - Clicking element: btnAccListSearch
2026-06-01 15:40:53 [24732] INFO  AutomationFramework - [OK] Click successful: btnAccListSearch
2026-06-01 15:40:54 [24732] INFO  AutomationFramework - Searched account by name: Parker
2026-06-01 15:40:54 [24732] INFO  AutomationFramework - Clicking element: chkAccListRowSelect
2026-06-01 15:40:54 [24732] INFO  AutomationFramework - [OK] Click successful: chkAccListRowSelect
2026-06-01 15:40:54 [24732] INFO  AutomationFramework - Checked first row in Account List
2026-06-01 15:40:54 [24732] INFO  AutomationFramework - Clicking element: btnAccListCancel
2026-06-01 15:40:54 [24732] INFO  AutomationFramework - [OK] Click successful: btnAccListCancel
2026-06-01 15:40:54 [24732] INFO  AutomationFramework - Cancelled Account List dialog
  ok 104 [encore-locations] › specs\locations\location-account-address.spec.ts:143:7 › Location Account and Address @locations @account-address › TC-LOC-ACC-006: Account List Cancel closes without changes (1.6s)
2026-06-01 15:40:54 [24732] INFO  AutomationFramework - LocationAccountAddressPage initialized
2026-06-01 15:40:54 [24732] INFO  AutomationFramework - Clicking element: btnAccName
2026-06-01 15:40:54 [24732] INFO  AutomationFramework - [OK] Click successful: btnAccName
2026-06-01 15:40:54 [24732] INFO  AutomationFramework - Waiting for element: dlgAccountList
2026-06-01 15:40:54 [24732] INFO  AutomationFramework - [OK] Element visible: dlgAccountList
2026-06-01 15:40:54 [24732] INFO  AutomationFramework - [OK] Account List dialog opened
2026-06-01 15:40:54 [24732] INFO  AutomationFramework - Filling element: txtAccListAccountName with value: Parker...
2026-06-01 15:40:54 [24732] INFO  AutomationFramework - [OK] Fill successful: txtAccListAccountName
2026-06-01 15:40:54 [24732] INFO  AutomationFramework - Clicking element: btnAccListSearch
2026-06-01 15:40:55 [24732] INFO  AutomationFramework - [OK] Click successful: btnAccListSearch
2026-06-01 15:40:55 [24732] INFO  AutomationFramework - Searched account by name: Parker
2026-06-01 15:40:55 [24732] INFO  AutomationFramework - Clicking element: btnAccListReset
2026-06-01 15:40:56 [24732] INFO  AutomationFramework - [OK] Click successful: btnAccListReset
2026-06-01 15:40:56 [24732] INFO  AutomationFramework - Reset Account List search
2026-06-01 15:40:56 [24732] INFO  AutomationFramework - Clicking element: btnAccListCancel
2026-06-01 15:40:56 [24732] INFO  AutomationFramework - [OK] Click successful: btnAccListCancel
2026-06-01 15:40:56 [24732] INFO  AutomationFramework - Cancelled Account List dialog
2026-06-01 15:40:56 [24732] INFO  AutomationFramework - [fixture] Auto-accepting beforeunload dialog
2026-06-01 15:40:58 [24732] INFO  AutomationFramework - [OK] Tab active: tabAccountAndAddress
2026-06-01 15:41:04 [24732] INFO  AutomationFramework - [OK] Reloaded and navigated to Account and Address tab
  ok 105 [encore-locations] › specs\locations\location-account-address.spec.ts:152:7 › Location Account and Address @locations @account-address › TC-LOC-ACC-007: Account List Reset clears search fields (10.0s)
2026-06-01 15:41:04 [24732] INFO  AutomationFramework - LocationAccountAddressPage initialized
2026-06-01 15:41:04 [24732] INFO  AutomationFramework - Clicking element: btnAccVenueAddress
2026-06-01 15:41:04 [24732] INFO  AutomationFramework - [OK] Click successful: btnAccVenueAddress
2026-06-01 15:41:04 [24732] INFO  AutomationFramework - Waiting for element: dlgSelectAddress
2026-06-01 15:41:04 [24732] INFO  AutomationFramework - [OK] Element visible: dlgSelectAddress
2026-06-01 15:41:04 [24732] INFO  AutomationFramework - [OK] Select Customer Address dialog opened (venue)
2026-06-01 15:41:04 [24732] INFO  AutomationFramework - Clicking element: btnAddrCancel
2026-06-01 15:41:05 [24732] INFO  AutomationFramework - [OK] Click successful: btnAddrCancel
2026-06-01 15:41:05 [24732] INFO  AutomationFramework - Cancelled Address dialog
  ok 106 [encore-locations] › specs\locations\location-account-address.spec.ts:165:7 › Location Account and Address @locations @account-address › TC-LOC-ACC-008: Venue Address button opens Select Customer Address dialog (369ms)
2026-06-01 15:41:05 [24732] INFO  AutomationFramework - LocationAccountAddressPage initialized
2026-06-01 15:41:05 [24732] INFO  AutomationFramework - Clicking element: btnAccVenueAddress
2026-06-01 15:41:05 [24732] INFO  AutomationFramework - [OK] Click successful: btnAccVenueAddress
2026-06-01 15:41:05 [24732] INFO  AutomationFramework - Waiting for element: dlgSelectAddress
2026-06-01 15:41:05 [24732] INFO  AutomationFramework - [OK] Element visible: dlgSelectAddress
2026-06-01 15:41:05 [24732] INFO  AutomationFramework - [OK] Select Customer Address dialog opened (venue)
2026-06-01 15:41:05 [24732] INFO  AutomationFramework - Clicking element: chkAddrRow
2026-06-01 15:41:05 [24732] INFO  AutomationFramework - [OK] Click successful: chkAddrRow
2026-06-01 15:41:05 [24732] INFO  AutomationFramework - Checked first row in Address dialog
2026-06-01 15:41:05 [24732] INFO  AutomationFramework - Clicking element: btnAddrCancel
2026-06-01 15:41:05 [24732] INFO  AutomationFramework - [OK] Click successful: btnAddrCancel
2026-06-01 15:41:05 [24732] INFO  AutomationFramework - Cancelled Address dialog
  ok 107 [encore-locations] › specs\locations\location-account-address.spec.ts:174:7 › Location Account and Address @locations @account-address › TC-LOC-ACC-009: Address dialog Select button disabled until row checked (514ms)
2026-06-01 15:41:05 [24732] INFO  AutomationFramework - LocationAccountAddressPage initialized
2026-06-01 15:41:05 [24732] INFO  AutomationFramework - Clicking element: btnAccVenueAddress
2026-06-01 15:41:05 [24732] INFO  AutomationFramework - [OK] Click successful: btnAccVenueAddress
2026-06-01 15:41:05 [24732] INFO  AutomationFramework - Waiting for element: dlgSelectAddress
2026-06-01 15:41:05 [24732] INFO  AutomationFramework - [OK] Element visible: dlgSelectAddress
2026-06-01 15:41:05 [24732] INFO  AutomationFramework - [OK] Select Customer Address dialog opened (venue)
2026-06-01 15:41:05 [24732] INFO  AutomationFramework - Filling element: txtAddrSearch with value: Beverly...
2026-06-01 15:41:05 [24732] INFO  AutomationFramework - [OK] Fill successful: txtAddrSearch
2026-06-01 15:41:06 [24732] INFO  AutomationFramework - Filtered addresses: Beverly
2026-06-01 15:41:06 [24732] INFO  AutomationFramework - Clicking element: btnAddrCancel
2026-06-01 15:41:06 [24732] INFO  AutomationFramework - [OK] Click successful: btnAddrCancel
2026-06-01 15:41:06 [24732] INFO  AutomationFramework - Cancelled Address dialog
  ok 108 [encore-locations] › specs\locations\location-account-address.spec.ts:183:7 › Location Account and Address @locations @account-address › TC-LOC-ACC-010: Address dialog search bar filters results client-side (514ms)
2026-06-01 15:41:06 [24732] INFO  AutomationFramework - LocationAccountAddressPage initialized
2026-06-01 15:41:06 [24732] INFO  AutomationFramework - Clicking element: btnAccVenueAddress
2026-06-01 15:41:06 [24732] INFO  AutomationFramework - [OK] Click successful: btnAccVenueAddress
2026-06-01 15:41:06 [24732] INFO  AutomationFramework - Waiting for element: dlgSelectAddress
2026-06-01 15:41:06 [24732] INFO  AutomationFramework - [OK] Element visible: dlgSelectAddress
2026-06-01 15:41:06 [24732] INFO  AutomationFramework - [OK] Select Customer Address dialog opened (venue)
2026-06-01 15:41:06 [24732] INFO  AutomationFramework - Clicking element: chkAddrRow
2026-06-01 15:41:06 [24732] INFO  AutomationFramework - [OK] Click successful: chkAddrRow
2026-06-01 15:41:06 [24732] INFO  AutomationFramework - Checked first row in Address dialog
2026-06-01 15:41:06 [24732] INFO  AutomationFramework - Clicking element: btnAddrCancel
2026-06-01 15:41:06 [24732] INFO  AutomationFramework - [OK] Click successful: btnAddrCancel
2026-06-01 15:41:06 [24732] INFO  AutomationFramework - Cancelled Address dialog
  ok 109 [encore-locations] › specs\locations\location-account-address.spec.ts:194:7 › Location Account and Address @locations @account-address › TC-LOC-ACC-011: Address dialog Save button always disabled (489ms)
2026-06-01 15:41:06 [24732] INFO  AutomationFramework - LocationAccountAddressPage initialized
2026-06-01 15:41:06 [24732] INFO  AutomationFramework - Clicking element: btnAccMasterAddress
2026-06-01 15:41:06 [24732] INFO  AutomationFramework - [OK] Click successful: btnAccMasterAddress
2026-06-01 15:41:06 [24732] INFO  AutomationFramework - Waiting for element: dlgSelectAddress
2026-06-01 15:41:06 [24732] INFO  AutomationFramework - [OK] Element visible: dlgSelectAddress
2026-06-01 15:41:06 [24732] INFO  AutomationFramework - [OK] Select Customer Address dialog opened (master)
2026-06-01 15:41:06 [24732] INFO  AutomationFramework - Clicking element: btnAddrCancel
2026-06-01 15:41:06 [24732] INFO  AutomationFramework - [OK] Click successful: btnAddrCancel
2026-06-01 15:41:06 [24732] INFO  AutomationFramework - Cancelled Address dialog
  ok 110 [encore-locations] › specs\locations\location-account-address.spec.ts:203:7 › Location Account and Address @locations @account-address › TC-LOC-ACC-012: Master Address button opens same Select Customer Address dialog (330ms)
2026-06-01 15:41:06 [24732] INFO  AutomationFramework - LocationAccountAddressPage initialized
  ok 111 [encore-locations] › specs\locations\location-account-address.spec.ts:211:7 › Location Account and Address @locations @account-address › TC-LOC-ACC-013: Venue address display fields are read-only (78ms)
2026-06-01 15:41:07 [24732] INFO  AutomationFramework - LocationAccountAddressPage initialized
  ok 112 [encore-locations] › specs\locations\location-account-address.spec.ts:219:7 › Location Account and Address @locations @account-address › TC-LOC-ACC-014: Master address display fields are read-only (69ms)
2026-06-01 15:41:07 [24732] INFO  AutomationFramework - LocationAccountAddressPage initialized
2026-06-01 15:41:07 [24732] INFO  AutomationFramework - Cleared Phone 1 and blurred
2026-06-01 15:41:07 [24732] INFO  AutomationFramework - Filling element: txtAccPhone1 with value: 760-883-1957...
2026-06-01 15:41:07 [24732] INFO  AutomationFramework - [OK] Fill successful: txtAccPhone1
2026-06-01 15:41:07 [24732] INFO  AutomationFramework - Save button disabled (btnSaveAccountAddress) -- skipping click
  ok 113 [encore-locations] › specs\locations\location-account-address.spec.ts:227:7 › Location Account and Address @locations @account-address › TC-LOC-ACC-015: Phone 1 required field shows inline error when cleared (218ms)
2026-06-01 15:41:07 [24732] INFO  AutomationFramework - LocationAccountAddressPage initialized
  ok 114 [encore-locations] › specs\locations\location-account-address.spec.ts:237:7 › Location Account and Address @locations @account-address › TC-LOC-ACC-016: Phone 2 optional, no validation error when empty (32ms)
2026-06-01 15:41:07 [24732] INFO  AutomationFramework - LocationAccountAddressPage initialized
2026-06-01 15:41:07 [24732] INFO  AutomationFramework - Left-panel Save enabled: false
  ok 115 [encore-locations] › specs\locations\location-account-address.spec.ts:242:7 › Location Account and Address @locations @account-address › TC-LOC-ACC-017: Save button disabled when no pending changes (30ms)
2026-06-01 15:41:07 [24732] INFO  AutomationFramework - LocationAccountAddressPage initialized
2026-06-01 15:41:07 [24732] INFO  AutomationFramework - Left-panel Save enabled: false
2026-06-01 15:41:07 [24732] INFO  AutomationFramework - Filling element: txtAccPhone2 with value: 111-222-3333...
2026-06-01 15:41:07 [24732] INFO  AutomationFramework - [OK] Fill successful: txtAccPhone2
2026-06-01 15:41:07 [24732] INFO  AutomationFramework - Left-panel Save enabled: true
2026-06-01 15:41:07 [24732] INFO  AutomationFramework - [fixture] Auto-accepting beforeunload dialog
2026-06-01 15:41:09 [24732] INFO  AutomationFramework - [OK] Tab active: tabAccountAndAddress
2026-06-01 15:41:15 [24732] INFO  AutomationFramework - [OK] Reloaded and navigated to Account and Address tab
  ok 116 [encore-locations] › specs\locations\location-account-address.spec.ts:247:7 › Location Account and Address @locations @account-address › TC-LOC-ACC-018: Save button enables on field change (8.1s)
2026-06-01 15:41:15 [24732] INFO  AutomationFramework - LocationAccountAddressPage initialized
2026-06-01 15:41:15 [24732] INFO  AutomationFramework - Filling element: txtAccPhone2 with value: 555-000-0001...
2026-06-01 15:41:15 [24732] INFO  AutomationFramework - [OK] Fill successful: txtAccPhone2
2026-06-01 15:41:15 [24732] INFO  AutomationFramework - Left-panel Save enabled: true
2026-06-01 15:41:15 [24732] INFO  AutomationFramework - Save confirmation dialog appeared -- confirming
2026-06-01 15:41:17 [24732] INFO  AutomationFramework - [OK] Save complete (btnSaveAccountAddress)
2026-06-01 15:41:17 [24732] INFO  AutomationFramework - Left-panel Save enabled: false
  ok 117 [encore-locations] › specs\locations\location-account-address.spec.ts:265:7 › Location Account and Address @locations @account-address › TC-LOC-ACC-019: Save flow -- confirmation dialog then success (1.8s)
2026-06-01 15:41:17 [24732] INFO  AutomationFramework - LocationAccountAddressPage initialized
2026-06-01 15:41:19 [24732] INFO  AutomationFramework - [OK] Tab active: tabAccountAndAddress
2026-06-01 15:41:24 [24732] INFO  AutomationFramework - [OK] Reloaded and navigated to Account and Address tab
  x  118 [encore-locations] › specs\locations\location-account-address.spec.ts:273:7 › Location Account and Address @locations @account-address › TC-LOC-ACC-020: Save changes persist after page reload (11.6s)
2026-06-01 15:41:30 [3688] INFO  AutomationFramework - Loading credentials from env source
2026-06-01 15:41:30 [3688] INFO  AutomationFramework - [OK] Credentials loaded for: s-prd-clickauto@psav.com
2026-06-01 15:41:35 [3688] INFO  AutomationFramework - [OK] Authenticated session ready via shared storageState
2026-06-01 15:41:35 [3688] INFO  AutomationFramework - LocationAccountAddressPage initialized
2026-06-01 15:41:36 [3688] INFO  AutomationFramework - Navigating to locations/1604/settings/location
2026-06-01 15:41:36 [3688] INFO  AutomationFramework - Navigating to: https://cloudapps-e2e.encoreglobal.com/navigator/locations/1604/settings/location
2026-06-01 15:41:37 [3688] INFO  AutomationFramework - [OK] Navigation successful: https://cloudapps-e2e.encoreglobal.com/navigator/locations/1604/settings/location
2026-06-01 15:41:39 [3688] INFO  AutomationFramework - [OK] Tab active: tabAccountAndAddress
2026-06-01 15:41:46 [3688] INFO  AutomationFramework - [OK] Tab active: tabAccountAndAddress
2026-06-01 15:41:51 [3688] INFO  AutomationFramework - [OK] Reloaded and navigated to Account and Address tab
2026-06-01 15:41:51 [3688] INFO  AutomationFramework - Left-panel Save enabled: false
2026-06-01 15:41:51 [3688] INFO  AutomationFramework - Filling element: txtAccPhone2 with value: ...
2026-06-01 15:41:51 [3688] INFO  AutomationFramework - [OK] Fill successful: txtAccPhone2
2026-06-01 15:41:51 [3688] INFO  AutomationFramework - Save confirmation dialog appeared -- confirming
2026-06-01 15:41:53 [3688] INFO  AutomationFramework - [OK] Save complete (btnSaveAccountAddress)
  ok 119 [encore-locations] › specs\locations\location-account-address.spec.ts:273:7 › Location Account and Address @locations @account-address › TC-LOC-ACC-020: Save changes persist after page reload (retry #1) (17.2s)
2026-06-01 15:41:53 [3688] INFO  AutomationFramework - LocationAccountAddressPage initialized
2026-06-01 15:41:53 [3688] INFO  AutomationFramework - Filling element: txtAccPhone2 with value: 111-222-3333...
2026-06-01 15:41:53 [3688] INFO  AutomationFramework - [OK] Fill successful: txtAccPhone2
2026-06-01 15:41:53 [3688] INFO  AutomationFramework - Left-panel Save enabled: true
2026-06-01 15:41:53 [3688] INFO  AutomationFramework - Clicking element: btnSaveAccountAddress
2026-06-01 15:41:53 [3688] INFO  AutomationFramework - [OK] Click successful: btnSaveAccountAddress
2026-06-01 15:41:53 [3688] INFO  AutomationFramework - Waiting for element: dlgSaveChanges
2026-06-01 15:41:53 [3688] INFO  AutomationFramework - [OK] Element visible: dlgSaveChanges
2026-06-01 15:41:53 [3688] INFO  AutomationFramework - [OK] Save Changes dialog opened (not confirmed)
2026-06-01 15:41:53 [3688] INFO  AutomationFramework - Clicking element: btnSaveChangesCancel
2026-06-01 15:41:53 [3688] INFO  AutomationFramework - [OK] Click successful: btnSaveChangesCancel
2026-06-01 15:41:53 [3688] INFO  AutomationFramework - Cancelled Save Changes dialog
2026-06-01 15:41:53 [3688] INFO  AutomationFramework - Left-panel Save enabled: true
2026-06-01 15:41:53 [3688] INFO  AutomationFramework - [fixture] Auto-accepting beforeunload dialog
2026-06-01 15:41:55 [3688] INFO  AutomationFramework - [OK] Tab active: tabAccountAndAddress
2026-06-01 15:42:00 [3688] INFO  AutomationFramework - [OK] Reloaded and navigated to Account and Address tab
  ok 120 [encore-locations] › specs\locations\location-account-address.spec.ts:291:7 › Location Account and Address @locations @account-address › TC-LOC-ACC-022: Cancel Save dialog discards save without persisting (6.9s)
2026-06-01 15:42:00 [3688] INFO  AutomationFramework - LocationAccountAddressPage initialized
2026-06-01 15:42:00 [3688] INFO  AutomationFramework - Cleared Phone 1 and blurred
2026-06-01 15:42:00 [3688] INFO  AutomationFramework - Left-panel Save enabled: true
2026-06-01 15:42:00 [3688] INFO  AutomationFramework - [fixture] Auto-accepting beforeunload dialog
2026-06-01 15:42:02 [3688] INFO  AutomationFramework - [OK] Tab active: tabAccountAndAddress
2026-06-01 15:42:07 [3688] INFO  AutomationFramework - [OK] Reloaded and navigated to Account and Address tab
  ok 121 [encore-locations] › specs\locations\location-account-address.spec.ts:306:7 › Location Account and Address @locations @account-address › TC-LOC-ACC-023: Phone 1 cleared shows invalid state and error icon (7.6s)
2026-06-01 15:42:07 [3688] INFO  AutomationFramework - LocationAccountAddressPage initialized
2026-06-01 15:42:07 [3688] INFO  AutomationFramework - Clicking element: btnAccName
2026-06-01 15:42:07 [3688] INFO  AutomationFramework - [OK] Click successful: btnAccName
2026-06-01 15:42:07 [3688] INFO  AutomationFramework - Waiting for element: dlgAccountList
2026-06-01 15:42:07 [3688] INFO  AutomationFramework - [OK] Element visible: dlgAccountList
2026-06-01 15:42:07 [3688] INFO  AutomationFramework - [OK] Account List dialog opened
2026-06-01 15:42:07 [3688] INFO  AutomationFramework - Filling element: txtAccListAddress with value: Beverly...
2026-06-01 15:42:08 [3688] INFO  AutomationFramework - [OK] Fill successful: txtAccListAddress
2026-06-01 15:42:08 [3688] INFO  AutomationFramework - Clicking element: btnAccListSearch
2026-06-01 15:42:08 [3688] INFO  AutomationFramework - [OK] Click successful: btnAccListSearch
2026-06-01 15:42:10 [3688] INFO  AutomationFramework - Searched account by address: Beverly
2026-06-01 15:42:10 [3688] INFO  AutomationFramework - Clicking element: btnAccListCancel
2026-06-01 15:42:10 [3688] INFO  AutomationFramework - [OK] Click successful: btnAccListCancel
2026-06-01 15:42:11 [3688] INFO  AutomationFramework - Cancelled Account List dialog
  ok 122 [encore-locations] › specs\locations\location-account-address.spec.ts:319:7 › Location Account and Address @locations @account-address › TC-LOC-ACC-025: Account List Address filter returns matching results (3.4s)
2026-06-01 15:42:11 [3688] INFO  AutomationFramework - LocationAccountAddressPage initialized
2026-06-01 15:42:11 [3688] INFO  AutomationFramework - Clicking element: btnAccName
2026-06-01 15:42:11 [3688] INFO  AutomationFramework - [OK] Click successful: btnAccName
2026-06-01 15:42:11 [3688] INFO  AutomationFramework - Waiting for element: dlgAccountList
2026-06-01 15:42:11 [3688] INFO  AutomationFramework - [OK] Element visible: dlgAccountList
2026-06-01 15:42:11 [3688] INFO  AutomationFramework - [OK] Account List dialog opened
2026-06-01 15:42:11 [3688] INFO  AutomationFramework - Filling element: txtAccListCity with value: LOS ANGELES...
2026-06-01 15:42:11 [3688] INFO  AutomationFramework - [OK] Fill successful: txtAccListCity
2026-06-01 15:42:11 [3688] INFO  AutomationFramework - Clicking element: btnAccListSearch
2026-06-01 15:42:11 [3688] INFO  AutomationFramework - [OK] Click successful: btnAccListSearch
2026-06-01 15:42:14 [3688] INFO  AutomationFramework - Searched account by city: LOS ANGELES
2026-06-01 15:42:14 [3688] INFO  AutomationFramework - Clicking element: btnAccListCancel
2026-06-01 15:42:14 [3688] INFO  AutomationFramework - [OK] Click successful: btnAccListCancel
2026-06-01 15:42:14 [3688] INFO  AutomationFramework - Cancelled Account List dialog
  ok 123 [encore-locations] › specs\locations\location-account-address.spec.ts:331:7 › Location Account and Address @locations @account-address › TC-LOC-ACC-026: Account List City filter returns matching results (3.3s)
2026-06-01 15:42:14 [3688] INFO  AutomationFramework - LocationAccountAddressPage initialized
2026-06-01 15:42:14 [3688] INFO  AutomationFramework - Clicking element: btnAccVenueAddress
2026-06-01 15:42:14 [3688] INFO  AutomationFramework - [OK] Click successful: btnAccVenueAddress
2026-06-01 15:42:14 [3688] INFO  AutomationFramework - Waiting for element: dlgSelectAddress
2026-06-01 15:42:14 [3688] INFO  AutomationFramework - [OK] Element visible: dlgSelectAddress
2026-06-01 15:42:14 [3688] INFO  AutomationFramework - [OK] Select Customer Address dialog opened (venue)
2026-06-01 15:42:14 [3688] INFO  AutomationFramework - Clicking element: btnAddrSelect
2026-06-01 15:42:15 [3688] INFO  AutomationFramework - [OK] Click successful: btnAddrSelect
2026-06-01 15:42:15 [3688] INFO  AutomationFramework - [OK] Selected address row: 4200 E Palm Canyon Dr
2026-06-01 15:42:15 [3688] INFO  AutomationFramework - Left-panel Save enabled: true
2026-06-01 15:42:15 [3688] INFO  AutomationFramework - [fixture] Auto-accepting beforeunload dialog
2026-06-01 15:42:17 [3688] INFO  AutomationFramework - [OK] Tab active: tabAccountAndAddress
2026-06-01 15:42:22 [3688] INFO  AutomationFramework - [OK] Reloaded and navigated to Account and Address tab
  ok 124 [encore-locations] › specs\locations\location-account-address.spec.ts:343:7 › Location Account and Address @locations @account-address › TC-LOC-ACC-027: Address selection changes venue display fields (8.1s)
2026-06-01 15:42:22 [3688] INFO  AutomationFramework - LocationAccountAddressPage initialized
2026-06-01 15:42:22 [3688] INFO  AutomationFramework - Clicking element: btnAccName
2026-06-01 15:42:22 [3688] INFO  AutomationFramework - [OK] Click successful: btnAccName
2026-06-01 15:42:22 [3688] INFO  AutomationFramework - Waiting for element: dlgAccountList
2026-06-01 15:42:22 [3688] INFO  AutomationFramework - [OK] Element visible: dlgAccountList
2026-06-01 15:42:22 [3688] INFO  AutomationFramework - [OK] Account List dialog opened
2026-06-01 15:42:22 [3688] INFO  AutomationFramework - Filling element: txtAccListAccountName with value: Parker...
2026-06-01 15:42:22 [3688] INFO  AutomationFramework - [OK] Fill successful: txtAccListAccountName
2026-06-01 15:42:22 [3688] INFO  AutomationFramework - Clicking element: btnAccListSearch
2026-06-01 15:42:22 [3688] INFO  AutomationFramework - [OK] Click successful: btnAccListSearch
2026-06-01 15:42:23 [3688] INFO  AutomationFramework - Searched account by name: Parker
2026-06-01 15:42:23 [3688] INFO  AutomationFramework - Clicking element: chkAccListRowSelect
2026-06-01 15:42:23 [3688] INFO  AutomationFramework - [OK] Click successful: chkAccListRowSelect
2026-06-01 15:42:23 [3688] INFO  AutomationFramework - Clicking element: btnAccListSelect
2026-06-01 15:42:23 [3688] INFO  AutomationFramework - [OK] Click successful: btnAccListSelect
2026-06-01 15:42:24 [3688] INFO  AutomationFramework - [OK] Selected first account row and applied
2026-06-01 15:42:24 [3688] INFO  AutomationFramework - Left-panel Save enabled: false
2026-06-01 15:42:24 [3688] INFO  AutomationFramework - Left-panel Save enabled: false
2026-06-01 15:42:24 [3688] INFO  AutomationFramework - Left-panel Save enabled: true
2026-06-01 15:42:24 [3688] INFO  AutomationFramework - Save confirmation dialog appeared -- confirming
2026-06-01 15:42:26 [3688] INFO  AutomationFramework - [OK] Save complete (btnSaveAccountAddress)
2026-06-01 15:42:26 [3688] INFO  AutomationFramework - Left-panel Save enabled: false
2026-06-01 15:42:28 [3688] INFO  AutomationFramework - [OK] Tab active: tabAccountAndAddress
2026-06-01 15:42:34 [3688] INFO  AutomationFramework - [OK] Reloaded and navigated to Account and Address tab
  ok 125 [encore-locations] › specs\locations\location-account-address.spec.ts:362:7 › Location Account and Address @locations @account-address › TC-LOC-ACC-028: Account selection changes venue name and persists (11.6s)
2026-06-01 15:42:34 [3688] INFO  AutomationFramework - LocationAutoAddonPage initialized
2026-06-01 15:42:35 [3688] INFO  AutomationFramework - [OK] Tab active: tabAutoAddon
2026-06-01 15:42:35 [3688] INFO  AutomationFramework - [OK] Tab active: tabAutoAddon
  ok 126 [encore-locations] › specs\locations\location-auto-addon.spec.ts:15:7 › Location Auto Add-On @locations @auto-addon › TC-LOC-AAO-001: Navigate to Auto Add-On Tab (1.0s)
2026-06-01 15:42:35 [3688] INFO  AutomationFramework - LocationAutoAddonPage initialized
  ok 127 [encore-locations] › specs\locations\location-auto-addon.spec.ts:38:7 › Location Auto Add-On @locations @auto-addon › TC-LOC-AAO-002: Default State of Checkbox Items (location 1604) (73ms)
2026-06-01 15:42:35 [3688] INFO  AutomationFramework - LocationAutoAddonPage initialized
  ok 128 [encore-locations] › specs\locations\location-auto-addon.spec.ts:47:7 › Location Auto Add-On @locations @auto-addon › TC-LOC-AAO-003: Toggle Checked Item to Unchecked -- Save Enables (189ms)
2026-06-01 15:42:35 [3688] INFO  AutomationFramework - LocationAutoAddonPage initialized
  ok 129 [encore-locations] › specs\locations\location-auto-addon.spec.ts:57:7 › Location Auto Add-On @locations @auto-addon › TC-LOC-AAO-004: Toggle Unchecked Item to Checked -- Save Enables (196ms)
2026-06-01 15:42:35 [3688] INFO  AutomationFramework - LocationAutoAddonPage initialized
  ok 130 [encore-locations] › specs\locations\location-auto-addon.spec.ts:67:7 › Location Auto Add-On @locations @auto-addon › TC-LOC-AAO-005: Revert Toggle Re-Disables Save (Smart Form Diff) (193ms)
2026-06-01 15:42:35 [3688] INFO  AutomationFramework - LocationAutoAddonPage initialized
  ok 131 [encore-locations] › specs\locations\location-auto-addon.spec.ts:76:7 › Location Auto Add-On @locations @auto-addon › TC-LOC-AAO-006: Save Dialog Appears on Save Click (635ms)
2026-06-01 15:42:36 [3688] INFO  AutomationFramework - LocationAutoAddonPage initialized
  ok 132 [encore-locations] › specs\locations\location-auto-addon.spec.ts:88:7 › Location Auto Add-On @locations @auto-addon › TC-LOC-AAO-007: Save Dialog Cancel -- Dismisses Without Saving (623ms)
2026-06-01 15:42:37 [3688] INFO  AutomationFramework - LocationAutoAddonPage initialized
2026-06-01 15:42:38 [3688] INFO  AutomationFramework - Save button disabled -- skipping click
  ok 133 [encore-locations] › specs\locations\location-auto-addon.spec.ts:99:7 › Location Auto Add-On @locations @auto-addon › TC-LOC-AAO-008: Save Dialog Ok -- Saves Successfully with Toast (1.5s)
2026-06-01 15:42:38 [3688] INFO  AutomationFramework - LocationAutoAddonPage initialized
2026-06-01 15:42:40 [3688] INFO  AutomationFramework - Navigating to: about:blank
2026-06-01 15:42:40 [3688] INFO  AutomationFramework - [OK] Navigation successful: about:blank
2026-06-01 15:42:40 [3688] INFO  AutomationFramework - Navigating to: https://cloudapps-e2e.encoreglobal.com/navigator/locations/1604/settings/location
2026-06-01 15:42:40 [3688] INFO  AutomationFramework - [OK] Navigation successful: https://cloudapps-e2e.encoreglobal.com/navigator/locations/1604/settings/location
2026-06-01 15:42:45 [3688] INFO  AutomationFramework - [OK] Tab active: tabAutoAddon
  ok 134 [encore-locations] › specs\locations\location-auto-addon.spec.ts:111:7 › Location Auto Add-On @locations @auto-addon › TC-LOC-AAO-009: Toggle Persists After Page Reload (8.2s)
2026-06-01 15:42:46 [3688] INFO  AutomationFramework - LocationAutoAddonPage initialized
2026-06-01 15:42:46 [3688] INFO  AutomationFramework - Navigating to: about:blank
2026-06-01 15:42:46 [3688] INFO  AutomationFramework - [OK] Navigation successful: about:blank
2026-06-01 15:42:46 [3688] INFO  AutomationFramework - Navigating to: https://cloudapps-e2e.encoreglobal.com/navigator/locations/1604/settings/location
2026-06-01 15:42:47 [3688] INFO  AutomationFramework - [OK] Navigation successful: https://cloudapps-e2e.encoreglobal.com/navigator/locations/1604/settings/location
2026-06-01 15:42:50 [3688] INFO  AutomationFramework - [OK] Tab active: tabAutoAddon
  ok 135 [encore-locations] › specs\locations\location-auto-addon.spec.ts:123:7 › Location Auto Add-On @locations @auto-addon › TC-LOC-AAO-010: Save Button Disabled on Fresh Load (No Changes) (3.3s)
2026-06-01 15:42:50 [3688] INFO  AutomationFramework - LocationAutoAddonPage initialized
2026-06-01 15:42:50 [3688] INFO  AutomationFramework - Navigating to: about:blank
2026-06-01 15:42:50 [3688] INFO  AutomationFramework - [OK] Navigation successful: about:blank
2026-06-01 15:42:50 [3688] INFO  AutomationFramework - Navigating to: https://cloudapps-e2e.encoreglobal.com/navigator/locations/1604/settings/location
2026-06-01 15:42:50 [3688] INFO  AutomationFramework - [OK] Navigation successful: https://cloudapps-e2e.encoreglobal.com/navigator/locations/1604/settings/location
2026-06-01 15:42:54 [3688] INFO  AutomationFramework - [OK] Tab active: tabAutoAddon
2026-06-01 15:42:54 [3688] INFO  AutomationFramework - Checked Radix checkbox: chkAutoAddonExpressContentDesignSession
2026-06-01 15:42:54 [3688] INFO  AutomationFramework - Unchecked Radix checkbox: chkAutoAddonEncoreMusic
2026-06-01 15:42:56 [3688] INFO  AutomationFramework - Navigating to: about:blank
2026-06-01 15:42:56 [3688] INFO  AutomationFramework - [OK] Navigation successful: about:blank
2026-06-01 15:42:56 [3688] INFO  AutomationFramework - Navigating to: https://cloudapps-e2e.encoreglobal.com/navigator/locations/1604/settings/location
2026-06-01 15:42:56 [3688] INFO  AutomationFramework - [OK] Navigation successful: https://cloudapps-e2e.encoreglobal.com/navigator/locations/1604/settings/location
2026-06-01 15:42:59 [3688] INFO  AutomationFramework - [OK] Tab active: tabAutoAddon
2026-06-01 15:42:59 [3688] INFO  AutomationFramework - Unchecked Radix checkbox: chkAutoAddonExpressContentDesignSession
2026-06-01 15:42:59 [3688] INFO  AutomationFramework - Checked Radix checkbox: chkAutoAddonEncoreMusic
  ok 136 [encore-locations] › specs\locations\location-auto-addon.spec.ts:129:7 › Location Auto Add-On @locations @auto-addon › TC-LOC-AAO-011: Multiple Toggles Saved Together (10.9s)
2026-06-01 15:43:01 [3688] INFO  AutomationFramework - LocationAutoAddonPage initialized
2026-06-01 15:43:02 [3688] INFO  AutomationFramework - [OK] Tab active: tabAutoAddon
  ok 137 [encore-locations] › specs\locations\location-auto-addon.spec.ts:147:7 › Location Auto Add-On @locations @auto-addon › TC-LOC-AAO-012: Sub-Tab Switch with Unsaved Changes -- No Dialog (1.2s)
2026-06-01 15:43:02 [3688] INFO  AutomationFramework - LocationAutoAddonPage initialized
2026-06-01 15:43:02 [3688] INFO  AutomationFramework - Navigating to: about:blank
2026-06-01 15:43:02 [3688] INFO  AutomationFramework - [OK] Navigation successful: about:blank
2026-06-01 15:43:02 [3688] INFO  AutomationFramework - Navigating to: https://cloudapps-e2e.encoreglobal.com/navigator/locations/1604/settings/location
2026-06-01 15:43:02 [3688] INFO  AutomationFramework - [OK] Navigation successful: https://cloudapps-e2e.encoreglobal.com/navigator/locations/1604/settings/location
2026-06-01 15:43:05 [3688] INFO  AutomationFramework - [OK] Tab active: tabAutoAddon
  ok 138 [encore-locations] › specs\locations\location-auto-addon.spec.ts:159:7 › Location Auto Add-On @locations @auto-addon › TC-LOC-AAO-013: Unsaved Changes Dialog Appears on Page Navigation Away (3.2s)
2026-06-01 15:43:05 [3688] INFO  AutomationFramework - LocationAutoAddonPage initialized
2026-06-01 15:43:05 [3688] INFO  AutomationFramework - Navigating to: about:blank
2026-06-01 15:43:05 [3688] INFO  AutomationFramework - [OK] Navigation successful: about:blank
2026-06-01 15:43:05 [3688] INFO  AutomationFramework - Navigating to: https://cloudapps-e2e.encoreglobal.com/navigator/locations/1604/settings/location
2026-06-01 15:43:06 [3688] INFO  AutomationFramework - [OK] Navigation successful: https://cloudapps-e2e.encoreglobal.com/navigator/locations/1604/settings/location
2026-06-01 15:43:09 [3688] INFO  AutomationFramework - [OK] Tab active: tabAutoAddon
  ok 139 [encore-locations] › specs\locations\location-auto-addon.spec.ts:174:7 › Location Auto Add-On @locations @auto-addon › TC-LOC-AAO-014: Unsaved Changes -- Stay Button Keeps User on Page (4.4s)
2026-06-01 15:43:09 [3688] INFO  AutomationFramework - LocationAutoAddonPage initialized
2026-06-01 15:43:10 [3688] INFO  AutomationFramework - Navigating to: about:blank
2026-06-01 15:43:10 [3688] INFO  AutomationFramework - [OK] Navigation successful: about:blank
2026-06-01 15:43:10 [3688] INFO  AutomationFramework - Navigating to: https://cloudapps-e2e.encoreglobal.com/navigator/locations/1604/settings/location
2026-06-01 15:43:10 [3688] INFO  AutomationFramework - [OK] Navigation successful: https://cloudapps-e2e.encoreglobal.com/navigator/locations/1604/settings/location
2026-06-01 15:43:12 [3688] INFO  AutomationFramework - [OK] Tab active: tabAutoAddon
2026-06-01 15:43:15 [3688] INFO  AutomationFramework - Navigating to: about:blank
2026-06-01 15:43:15 [3688] INFO  AutomationFramework - [OK] Navigation successful: about:blank
2026-06-01 15:43:15 [3688] INFO  AutomationFramework - Navigating to: https://cloudapps-e2e.encoreglobal.com/navigator/locations/1604/settings/location
2026-06-01 15:43:15 [3688] INFO  AutomationFramework - [OK] Navigation successful: https://cloudapps-e2e.encoreglobal.com/navigator/locations/1604/settings/location
2026-06-01 15:43:18 [3688] INFO  AutomationFramework - [OK] Tab active: tabAutoAddon
  ok 140 [encore-locations] › specs\locations\location-auto-addon.spec.ts:188:7 › Location Auto Add-On @locations @auto-addon › TC-LOC-AAO-015: Unsaved Changes -- Discard Button Navigates Away (8.7s)
2026-06-01 15:43:18 [3688] INFO  AutomationFramework - LocationAutoAddonPage initialized
2026-06-01 15:43:18 [3688] INFO  AutomationFramework - Navigating to: about:blank
2026-06-01 15:43:18 [3688] INFO  AutomationFramework - [OK] Navigation successful: about:blank
2026-06-01 15:43:18 [3688] INFO  AutomationFramework - Navigating to: https://cloudapps-e2e.encoreglobal.com/navigator/locations/1604/settings/location
2026-06-01 15:43:19 [3688] INFO  AutomationFramework - [OK] Navigation successful: https://cloudapps-e2e.encoreglobal.com/navigator/locations/1604/settings/location
2026-06-01 15:43:22 [3688] INFO  AutomationFramework - [OK] Tab active: tabAutoAddon
2026-06-01 15:43:22 [3688] INFO  AutomationFramework - Unchecked Radix checkbox: chkAutoAddonWordly
2026-06-01 15:43:24 [3688] INFO  AutomationFramework - Navigating to: about:blank
2026-06-01 15:43:24 [3688] INFO  AutomationFramework - [OK] Navigation successful: about:blank
2026-06-01 15:43:24 [3688] INFO  AutomationFramework - Navigating to: https://cloudapps-e2e.encoreglobal.com/navigator/locations/1604/settings/location
2026-06-01 15:43:24 [3688] INFO  AutomationFramework - [OK] Navigation successful: https://cloudapps-e2e.encoreglobal.com/navigator/locations/1604/settings/location
2026-06-01 15:43:28 [3688] INFO  AutomationFramework - [OK] Tab active: tabAutoAddon
2026-06-01 15:43:28 [3688] INFO  AutomationFramework - Checked Radix checkbox: chkAutoAddonWordly
  ok 141 [encore-locations] › specs\locations\location-auto-addon.spec.ts:204:9 › Location Auto Add-On @locations @auto-addon › TC-LOC-AAO-017: Wordly Uncheck Persists After Save+Reload (11.1s)
2026-06-01 15:43:29 [3688] INFO  AutomationFramework - LocationAutoAddonPage initialized
2026-06-01 15:43:29 [3688] INFO  AutomationFramework - Navigating to: about:blank
2026-06-01 15:43:29 [3688] INFO  AutomationFramework - [OK] Navigation successful: about:blank
2026-06-01 15:43:29 [3688] INFO  AutomationFramework - Navigating to: https://cloudapps-e2e.encoreglobal.com/navigator/locations/1604/settings/location
2026-06-01 15:43:30 [3688] INFO  AutomationFramework - [OK] Navigation successful: https://cloudapps-e2e.encoreglobal.com/navigator/locations/1604/settings/location
2026-06-01 15:43:33 [3688] INFO  AutomationFramework - [OK] Tab active: tabAutoAddon
2026-06-01 15:43:33 [3688] INFO  AutomationFramework - Unchecked Radix checkbox: chkAutoAddonLabor
2026-06-01 15:43:34 [3688] INFO  AutomationFramework - Navigating to: about:blank
2026-06-01 15:43:34 [3688] INFO  AutomationFramework - [OK] Navigation successful: about:blank
2026-06-01 15:43:34 [3688] INFO  AutomationFramework - Navigating to: https://cloudapps-e2e.encoreglobal.com/navigator/locations/1604/settings/location
2026-06-01 15:43:35 [3688] INFO  AutomationFramework - [OK] Navigation successful: https://cloudapps-e2e.encoreglobal.com/navigator/locations/1604/settings/location
2026-06-01 15:43:38 [3688] INFO  AutomationFramework - [OK] Tab active: tabAutoAddon
2026-06-01 15:43:38 [3688] INFO  AutomationFramework - Checked Radix checkbox: chkAutoAddonLabor
  ok 142 [encore-locations] › specs\locations\location-auto-addon.spec.ts:204:9 › Location Auto Add-On @locations @auto-addon › TC-LOC-AAO-018: Labor Uncheck Persists After Save+Reload (9.7s)
2026-06-01 15:43:39 [3688] INFO  AutomationFramework - LocationAutoAddonPage initialized
2026-06-01 15:43:39 [3688] INFO  AutomationFramework - Navigating to: about:blank
2026-06-01 15:43:39 [3688] INFO  AutomationFramework - [OK] Navigation successful: about:blank
2026-06-01 15:43:39 [3688] INFO  AutomationFramework - Navigating to: https://cloudapps-e2e.encoreglobal.com/navigator/locations/1604/settings/location
2026-06-01 15:43:40 [3688] INFO  AutomationFramework - [OK] Navigation successful: https://cloudapps-e2e.encoreglobal.com/navigator/locations/1604/settings/location
2026-06-01 15:43:42 [3688] INFO  AutomationFramework - [OK] Tab active: tabAutoAddon
2026-06-01 15:43:43 [3688] INFO  AutomationFramework - Navigating to: about:blank
2026-06-01 15:43:43 [3688] INFO  AutomationFramework - [fixture] Auto-accepting beforeunload dialog
2026-06-01 15:43:43 [3688] INFO  AutomationFramework - [dialog] Auto-accepting beforeunload dialog during safe navigation
2026-06-01 15:43:43 [3688] INFO  AutomationFramework - [dialog] Beforeunload dialog already handled by another listener
2026-06-01 15:43:43 [3688] INFO  AutomationFramework - [OK] Navigation successful: about:blank
2026-06-01 15:43:43 [3688] INFO  AutomationFramework - Navigating to: https://cloudapps-e2e.encoreglobal.com/navigator/locations/1604/settings/location
2026-06-01 15:43:43 [3688] INFO  AutomationFramework - [OK] Navigation successful: https://cloudapps-e2e.encoreglobal.com/navigator/locations/1604/settings/location
2026-06-01 15:43:46 [3688] INFO  AutomationFramework - [OK] Tab active: tabAutoAddon
  ok 143 [encore-locations] › specs\locations\location-auto-addon.spec.ts:223:7 › Location Auto Add-On @locations @auto-addon › TC-LOC-AAO-019: Cancel Does Not Persist Toggle (6.5s)
2026-06-01 15:43:46 [3688] INFO  AutomationFramework - LocationAutoAddonPage initialized
2026-06-01 15:43:46 [3688] INFO  AutomationFramework - Navigating to: about:blank
2026-06-01 15:43:46 [3688] INFO  AutomationFramework - [OK] Navigation successful: about:blank
2026-06-01 15:43:46 [3688] INFO  AutomationFramework - Navigating to: https://cloudapps-e2e.encoreglobal.com/navigator/locations/1604/settings/location
2026-06-01 15:43:46 [3688] INFO  AutomationFramework - [OK] Navigation successful: https://cloudapps-e2e.encoreglobal.com/navigator/locations/1604/settings/location
2026-06-01 15:43:50 [3688] INFO  AutomationFramework - [OK] Tab active: tabAutoAddon
2026-06-01 15:43:50 [3688] INFO  AutomationFramework - Unchecked Radix checkbox: chkAutoAddonEncoreMusic
2026-06-01 15:43:50 [3688] INFO  AutomationFramework - Unchecked Radix checkbox: chkAutoAddonWirelessPresenter
2026-06-01 15:43:50 [3688] INFO  AutomationFramework - Checked Radix checkbox: chkAutoAddonExpressContentDesignSession
2026-06-01 15:43:50 [3688] INFO  AutomationFramework - Unchecked Radix checkbox: chkAutoAddonWordly
2026-06-01 15:43:50 [3688] INFO  AutomationFramework - Unchecked Radix checkbox: chkAutoAddonLabor
2026-06-01 15:43:51 [3688] INFO  AutomationFramework - Navigating to: about:blank
2026-06-01 15:43:51 [3688] INFO  AutomationFramework - [OK] Navigation successful: about:blank
2026-06-01 15:43:51 [3688] INFO  AutomationFramework - Navigating to: https://cloudapps-e2e.encoreglobal.com/navigator/locations/1604/settings/location
2026-06-01 15:43:52 [3688] INFO  AutomationFramework - [OK] Navigation successful: https://cloudapps-e2e.encoreglobal.com/navigator/locations/1604/settings/location
2026-06-01 15:43:54 [3688] INFO  AutomationFramework - [OK] Tab active: tabAutoAddon
2026-06-01 15:43:54 [3688] INFO  AutomationFramework - Checked Radix checkbox: chkAutoAddonEncoreMusic
2026-06-01 15:43:54 [3688] INFO  AutomationFramework - Checked Radix checkbox: chkAutoAddonWirelessPresenter
2026-06-01 15:43:54 [3688] INFO  AutomationFramework - Unchecked Radix checkbox: chkAutoAddonExpressContentDesignSession
2026-06-01 15:43:55 [3688] INFO  AutomationFramework - Checked Radix checkbox: chkAutoAddonWordly
2026-06-01 15:43:55 [3688] INFO  AutomationFramework - Checked Radix checkbox: chkAutoAddonLabor
  ok 144 [encore-locations] › specs\locations\location-auto-addon.spec.ts:238:7 › Location Auto Add-On @locations @auto-addon › TC-LOC-AAO-020: Bulk Invert All Checkboxes Persists After Save+Reload (10.5s)
2026-06-01 15:43:56 [3688] INFO  AutomationFramework - LocationCurrencyPage initialized
2026-06-01 15:43:56 [3688] INFO  AutomationFramework - [OK] Tab active: tabCurrency
2026-06-01 15:43:56 [3688] INFO  AutomationFramework - [OK] Tab active: tabCurrency
2026-06-01 15:43:56 [3688] INFO  AutomationFramework - Checked: chkUSDSelected
2026-06-01 15:43:56 [3688] INFO  AutomationFramework - Checked: chkUSDIsDefault
2026-06-01 15:43:57 [3688] INFO  AutomationFramework - Selected merchant option: 316370 - PSAV US/USD
2026-06-01 15:43:57 [3688] INFO  AutomationFramework - Unchecked: chkCADSelected
2026-06-01 15:43:57 [3688] INFO  AutomationFramework - Unchecked: chkMXNSelected
2026-06-01 15:43:57 [3688] INFO  AutomationFramework - Save button disabled (btnSaveCurrency) -- skipping click
2026-06-01 15:43:57 [3688] INFO  AutomationFramework - Currency grid rows: 3
  ok 145 [encore-locations] › specs\locations\location-currency.spec.ts:15:7 › Location Currency @locations @currency › TC-LOC-CUR-001: Navigate to Currency tab; 3 rows, 4 column headers visible (456ms)
2026-06-01 15:43:57 [3688] INFO  AutomationFramework - LocationCurrencyPage initialized
2026-06-01 15:43:57 [3688] INFO  AutomationFramework - [OK] Tab active: tabCurrency
2026-06-01 15:43:57 [3688] INFO  AutomationFramework - chkUSDSelected: checked=true, disabled=false
2026-06-01 15:43:57 [3688] INFO  AutomationFramework - chkUSDIsDefault: checked=true, disabled=false
  ok 146 [encore-locations] › specs\locations\location-currency.spec.ts:33:7 › Location Currency @locations @currency › TC-LOC-CUR-002: USD default -- Selected, Is Default checked; merchant set (94ms)
2026-06-01 15:43:57 [3688] INFO  AutomationFramework - LocationCurrencyPage initialized
2026-06-01 15:43:57 [3688] INFO  AutomationFramework - chkCADSelected: checked=false, disabled=false
2026-06-01 15:43:57 [3688] INFO  AutomationFramework - chkCADIsDefault: checked=false, disabled=true
  ok 147 [encore-locations] › specs\locations\location-currency.spec.ts:45:9 › Location Currency @locations @currency › TC-LOC-CUR-003: CAD default -- unselected, Is Default disabled (46ms)
2026-06-01 15:43:57 [3688] INFO  AutomationFramework - LocationCurrencyPage initialized
2026-06-01 15:43:57 [3688] INFO  AutomationFramework - chkMXNSelected: checked=false, disabled=false
2026-06-01 15:43:57 [3688] INFO  AutomationFramework - chkMXNIsDefault: checked=false, disabled=true
  ok 148 [encore-locations] › specs\locations\location-currency.spec.ts:45:9 › Location Currency @locations @currency › TC-LOC-CUR-004: MXN default -- unselected, Is Default disabled (50ms)
2026-06-01 15:43:57 [3688] INFO  AutomationFramework - LocationCurrencyPage initialized
2026-06-01 15:43:57 [3688] INFO  AutomationFramework - USD code cell editable inputs: 0
  ok 149 [encore-locations] › specs\locations\location-currency.spec.ts:52:7 › Location Currency @locations @currency › TC-LOC-CUR-018: Currency Code column is read-only (28ms)
2026-06-01 15:43:57 [3688] INFO  AutomationFramework - LocationCurrencyPage initialized
2026-06-01 15:43:57 [3688] INFO  AutomationFramework - drpCADMerchant accessible: true
  ok 150 [encore-locations] › specs\locations\location-currency.spec.ts:57:7 › Location Currency @locations @currency › TC-LOC-CUR-019: Merchant dropdown accessible for unselected currency (124ms)
2026-06-01 15:43:57 [3688] INFO  AutomationFramework - LocationCurrencyPage initialized
2026-06-01 15:43:57 [3688] INFO  AutomationFramework - Currency Save enabled: false
2026-06-01 15:43:57 [3688] INFO  AutomationFramework - Checked: chkCADSelected
2026-06-01 15:43:57 [3688] INFO  AutomationFramework - Currency Save enabled: true
2026-06-01 15:43:57 [3688] INFO  AutomationFramework - Unchecked: chkCADSelected
  ok 151 [encore-locations] › specs\locations\location-currency.spec.ts:62:7 › Location Currency @locations @currency › TC-LOC-CUR-015: Save disabled initially; enabled after field change (259ms)
2026-06-01 15:43:57 [3688] INFO  AutomationFramework - LocationCurrencyPage initialized
2026-06-01 15:43:57 [3688] INFO  AutomationFramework - chkCADIsDefault: checked=false, disabled=true
2026-06-01 15:43:57 [3688] INFO  AutomationFramework - Checked: chkCADSelected
2026-06-01 15:43:57 [3688] INFO  AutomationFramework - chkCADIsDefault: checked=false, disabled=false
2026-06-01 15:43:58 [3688] INFO  AutomationFramework - Unchecked: chkCADSelected
  ok 152 [encore-locations] › specs\locations\location-currency.spec.ts:70:7 › Location Currency @locations @currency › TC-LOC-CUR-005: Selecting currency enables its Is Default checkbox (259ms)
2026-06-01 15:43:58 [3688] INFO  AutomationFramework - LocationCurrencyPage initialized
2026-06-01 15:43:58 [3688] INFO  AutomationFramework - Checked: chkCADSelected
2026-06-01 15:43:58 [3688] INFO  AutomationFramework - Checked: chkCADIsDefault
2026-06-01 15:43:58 [3688] INFO  AutomationFramework - Unchecked: chkCADSelected
2026-06-01 15:43:58 [3688] INFO  AutomationFramework - chkCADIsDefault: checked=false, disabled=true
2026-06-01 15:43:58 [3688] INFO  AutomationFramework - Checked: chkUSDIsDefault
2026-06-01 15:43:58 [3688] INFO  AutomationFramework - Save button disabled (btnSaveCurrency) -- skipping click
  ok 153 [encore-locations] › specs\locations\location-currency.spec.ts:82:7 › Location Currency @locations @currency › TC-LOC-CUR-007: Unselecting currency disables and unchecks Is Default (457ms)
2026-06-01 15:43:58 [3688] INFO  AutomationFramework - LocationCurrencyPage initialized
2026-06-01 15:43:58 [3688] INFO  AutomationFramework - chkUSDIsDefault: checked=true, disabled=false
2026-06-01 15:43:58 [3688] INFO  AutomationFramework - Checked: chkCADSelected
2026-06-01 15:43:58 [3688] INFO  AutomationFramework - Checked: chkCADIsDefault
2026-06-01 15:43:58 [3688] INFO  AutomationFramework - chkUSDIsDefault: checked=false, disabled=false
2026-06-01 15:43:58 [3688] INFO  AutomationFramework - Unchecked: chkCADSelected
2026-06-01 15:43:58 [3688] INFO  AutomationFramework - Checked: chkUSDIsDefault
2026-06-01 15:43:58 [3688] INFO  AutomationFramework - Save button disabled (btnSaveCurrency) -- skipping click
  ok 154 [encore-locations] › specs\locations\location-currency.spec.ts:95:7 › Location Currency @locations @currency › TC-LOC-CUR-006: Single default rule -- setting CAD default auto-unchecks USD default (472ms)
2026-06-01 15:43:59 [3688] INFO  AutomationFramework - LocationCurrencyPage initialized
2026-06-01 15:43:59 [3688] INFO  AutomationFramework - Merchant options for drpUSDMerchant: 316370 - PSAV US/USD, 316426 - Encore Bahamas/USD
  ok 155 [encore-locations] › specs\locations\location-currency.spec.ts:107:7 › Location Currency @locations @currency › TC-LOC-CUR-008: USD Merchant dropdown shows 2 options (169ms)
2026-06-01 15:43:59 [3688] INFO  AutomationFramework - LocationCurrencyPage initialized
2026-06-01 15:43:59 [3688] INFO  AutomationFramework - Merchant options for drpCADMerchant: 316446 - PSAV Canada/CAD
  ok 156 [encore-locations] › specs\locations\location-currency.spec.ts:115:7 › Location Currency @locations @currency › TC-LOC-CUR-009: CAD Merchant dropdown shows 1 option (157ms)
2026-06-01 15:43:59 [3688] INFO  AutomationFramework - LocationCurrencyPage initialized
2026-06-01 15:43:59 [3688] INFO  AutomationFramework - Checked: chkMXNSelected
2026-06-01 15:43:59 [3688] INFO  AutomationFramework - chkMXNIsDefault: checked=false, disabled=false
2026-06-01 15:43:59 [3688] INFO  AutomationFramework - Checked: chkMXNIsDefault
2026-06-01 15:43:59 [3688] INFO  AutomationFramework - chkMXNIsDefault: checked=true, disabled=false
2026-06-01 15:43:59 [3688] INFO  AutomationFramework - drpMXNMerchant No Matches Found: true
2026-06-01 15:43:59 [3688] INFO  AutomationFramework - Unchecked: chkMXNSelected
2026-06-01 15:43:59 [3688] INFO  AutomationFramework - Save confirmation dialog appeared -- confirming
2026-06-01 15:44:01 [3688] INFO  AutomationFramework - [OK] Save complete (btnSaveCurrency)
  ok 157 [encore-locations] › specs\locations\location-currency.spec.ts:122:7 › Location Currency @locations @currency › TC-LOC-CUR-010: MXN Merchant dropdown shows No Matches Found (1.9s)
2026-06-01 15:44:01 [3688] INFO  AutomationFramework - LocationCurrencyPage initialized
2026-06-01 15:44:01 [3688] INFO  AutomationFramework - Checked: chkCADSelected
2026-06-01 15:44:01 [3688] INFO  AutomationFramework - Selected merchant option: 316446 - PSAV Canada/CAD
2026-06-01 15:44:01 [3688] INFO  AutomationFramework - Unchecked: chkCADSelected
2026-06-01 15:44:01 [3688] INFO  AutomationFramework - Save button disabled (btnSaveCurrency) -- skipping click
  ok 158 [encore-locations] › specs\locations\location-currency.spec.ts:133:7 › Location Currency @locations @currency › TC-LOC-CUR-011: Select merchant for CAD currency (604ms)
2026-06-01 15:44:01 [3688] INFO  AutomationFramework - LocationCurrencyPage initialized
2026-06-01 15:44:01 [3688] INFO  AutomationFramework - Checked: chkCADSelected
2026-06-01 15:44:02 [3688] INFO  AutomationFramework - Selected merchant option: 316446 - PSAV Canada/CAD
2026-06-01 15:44:02 [3688] INFO  AutomationFramework - Unchecked: chkCADSelected
2026-06-01 15:44:02 [3688] INFO  AutomationFramework - Save button disabled (btnSaveCurrency) -- skipping click
  ok 159 [encore-locations] › specs\locations\location-currency.spec.ts:142:7 › Location Currency @locations @currency › TC-LOC-CUR-012: Merchant value persists when currency is unselected (583ms)
2026-06-01 15:44:02 [3688] INFO  AutomationFramework - LocationCurrencyPage initialized
2026-06-01 15:44:02 [3688] INFO  AutomationFramework - Selected merchant option: 316426 - Encore Bahamas/USD
2026-06-01 15:44:03 [3688] INFO  AutomationFramework - Selected merchant option: 316370 - PSAV US/USD
2026-06-01 15:44:03 [3688] INFO  AutomationFramework - Save button disabled (btnSaveCurrency) -- skipping click
  ok 160 [encore-locations] › specs\locations\location-currency.spec.ts:151:7 › Location Currency @locations @currency › TC-LOC-CUR-016: USD Merchant can be changed to alternate option (836ms)
2026-06-01 15:44:03 [3688] INFO  AutomationFramework - LocationCurrencyPage initialized
2026-06-01 15:44:03 [3688] INFO  AutomationFramework - Unchecked: chkUSDSelected
2026-06-01 15:44:03 [3688] INFO  AutomationFramework - chkUSDIsDefault: checked=false, disabled=true
2026-06-01 15:44:03 [3688] INFO  AutomationFramework - Currency Save enabled: false
2026-06-01 15:44:03 [3688] INFO  AutomationFramework - Checked: chkUSDSelected
2026-06-01 15:44:03 [3688] INFO  AutomationFramework - Checked: chkUSDIsDefault
2026-06-01 15:44:03 [3688] INFO  AutomationFramework - Save confirmation dialog appeared -- confirming
2026-06-01 15:44:04 [3688] INFO  AutomationFramework - [OK] Save complete (btnSaveCurrency)
  ok 161 [encore-locations] › specs\locations\location-currency.spec.ts:160:7 › Location Currency @locations @currency › TC-LOC-CUR-013: Validation -- at least one currency must be selected (1.6s)
2026-06-01 15:44:04 [3688] INFO  AutomationFramework - LocationCurrencyPage initialized
2026-06-01 15:44:05 [3688] INFO  AutomationFramework - Unchecked: chkUSDIsDefault
2026-06-01 15:44:05 [3688] INFO  AutomationFramework - Save Changes dialog appeared
2026-06-01 15:44:05 [3688] INFO  AutomationFramework - Checked: chkUSDIsDefault
2026-06-01 15:44:05 [3688] INFO  AutomationFramework - Save button disabled (btnSaveCurrency) -- skipping click
  ok 162 [encore-locations] › specs\locations\location-currency.spec.ts:174:7 › Location Currency @locations @currency › TC-LOC-CUR-014: Save without default currency shows confirmation dialog (not an error) (661ms)
2026-06-01 15:44:05 [3688] INFO  AutomationFramework - LocationCurrencyPage initialized
2026-06-01 15:44:05 [3688] INFO  AutomationFramework - Checked: chkCADSelected
2026-06-01 15:44:05 [3688] INFO  AutomationFramework - Unchecked: chkUSDIsDefault
2026-06-01 15:44:05 [3688] INFO  AutomationFramework - Save Changes dialog appeared
2026-06-01 15:44:06 [3688] INFO  AutomationFramework - Unchecked: chkCADSelected
2026-06-01 15:44:06 [3688] INFO  AutomationFramework - Checked: chkUSDIsDefault
2026-06-01 15:44:06 [3688] INFO  AutomationFramework - Save button disabled (btnSaveCurrency) -- skipping click
  ok 163 [encore-locations] › specs\locations\location-currency.spec.ts:184:7 › Location Currency @locations @currency › TC-LOC-CUR-017: Multiple currencies selected without default -- save confirmation shown (890ms)
2026-06-01 15:44:06 [3688] INFO  AutomationFramework - LocationCurrencyPage initialized
2026-06-01 15:44:06 [3688] INFO  AutomationFramework - Checked: chkCADSelected
2026-06-01 15:44:06 [3688] INFO  AutomationFramework - Checked: chkMXNSelected
2026-06-01 15:44:06 [3688] INFO  AutomationFramework - chkUSDSelected: checked=true, disabled=false
2026-06-01 15:44:06 [3688] INFO  AutomationFramework - chkCADSelected: checked=true, disabled=false
2026-06-01 15:44:06 [3688] INFO  AutomationFramework - chkMXNSelected: checked=true, disabled=false
2026-06-01 15:44:06 [3688] INFO  AutomationFramework - Unchecked: chkCADSelected
2026-06-01 15:44:06 [3688] INFO  AutomationFramework - Unchecked: chkMXNSelected
2026-06-01 15:44:07 [3688] INFO  AutomationFramework - Save button disabled (btnSaveCurrency) -- skipping click
  ok 164 [encore-locations] › specs\locations\location-currency.spec.ts:196:7 › Location Currency @locations @currency › TC-LOC-CUR-020: All three currencies can be selected simultaneously (485ms)
2026-06-01 15:44:07 [3688] INFO  AutomationFramework - LocationCurrencyPage initialized
2026-06-01 15:44:08 [3688] INFO  AutomationFramework - Clicking element: tabCurrency
2026-06-01 15:44:09 [3688] INFO  AutomationFramework - [OK] Click successful: tabCurrency
2026-06-01 15:44:09 [3688] INFO  AutomationFramework - Checked: chkCADSelected
2026-06-01 15:44:09 [3688] INFO  AutomationFramework - Currency Save enabled: true
2026-06-01 15:44:10 [3688] INFO  AutomationFramework - Save confirmation dialog appeared -- confirming
2026-06-01 15:44:10 [3688] INFO  AutomationFramework - [OK] Save complete (btnSaveCurrency)
2026-06-01 15:44:10 [3688] INFO  AutomationFramework - Currency Save enabled: false
2026-06-01 15:44:11 [3688] INFO  AutomationFramework - Clicking element: tabCurrency
2026-06-01 15:44:13 [3688] INFO  AutomationFramework - [OK] Click successful: tabCurrency
2026-06-01 15:44:14 [3688] INFO  AutomationFramework - chkCADSelected: checked=false, disabled=false
  x  165 [encore-locations] › specs\locations\location-currency.spec.ts:212:7 › Location Currency @locations @currency › TC-LOC-CUR-021: Selected currency persists after save and reload (7.2s)
2026-06-01 15:44:16 [12120] INFO  AutomationFramework - Loading credentials from env source
2026-06-01 15:44:16 [12120] INFO  AutomationFramework - [OK] Credentials loaded for: s-prd-clickauto@psav.com
2026-06-01 15:44:22 [12120] INFO  AutomationFramework - [OK] Authenticated session ready via shared storageState
2026-06-01 15:44:22 [12120] INFO  AutomationFramework - LocationCurrencyPage initialized
2026-06-01 15:44:22 [12120] INFO  AutomationFramework - Navigating to locations/1604/settings/location
2026-06-01 15:44:22 [12120] INFO  AutomationFramework - Navigating to: https://cloudapps-e2e.encoreglobal.com/navigator/locations/1604/settings/location
2026-06-01 15:44:23 [12120] INFO  AutomationFramework - [OK] Navigation successful: https://cloudapps-e2e.encoreglobal.com/navigator/locations/1604/settings/location
2026-06-01 15:44:26 [12120] INFO  AutomationFramework - [OK] Tab active: tabCurrency
2026-06-01 15:44:27 [12120] INFO  AutomationFramework - Clicking element: tabCurrency
2026-06-01 15:44:28 [12120] INFO  AutomationFramework - [OK] Click successful: tabCurrency
2026-06-01 15:44:29 [12120] INFO  AutomationFramework - Checked: chkCADSelected
2026-06-01 15:44:29 [12120] INFO  AutomationFramework - Currency Save enabled: true
2026-06-01 15:44:29 [12120] INFO  AutomationFramework - Save confirmation dialog appeared -- confirming
2026-06-01 15:44:31 [12120] INFO  AutomationFramework - [OK] Save complete (btnSaveCurrency)
2026-06-01 15:44:31 [12120] INFO  AutomationFramework - Currency Save enabled: false
2026-06-01 15:44:31 [12120] INFO  AutomationFramework - Clicking element: tabCurrency
2026-06-01 15:44:33 [12120] INFO  AutomationFramework - [OK] Click successful: tabCurrency
2026-06-01 15:44:33 [12120] INFO  AutomationFramework - chkCADSelected: checked=true, disabled=false
2026-06-01 15:44:33 [12120] INFO  AutomationFramework - Unchecked: chkCADSelected
2026-06-01 15:44:33 [12120] INFO  AutomationFramework - Save confirmation dialog appeared -- confirming
2026-06-01 15:44:34 [12120] INFO  AutomationFramework - [OK] Save complete (btnSaveCurrency)
  ok 166 [encore-locations] › specs\locations\location-currency.spec.ts:212:7 › Location Currency @locations @currency › TC-LOC-CUR-021: Selected currency persists after save and reload (retry #1) (12.2s)
2026-06-01 15:44:35 [12120] INFO  AutomationFramework - LocationCurrencyPage initialized
2026-06-01 15:44:36 [12120] INFO  AutomationFramework - Clicking element: tabCurrency
2026-06-01 15:44:37 [12120] INFO  AutomationFramework - [OK] Click successful: tabCurrency
2026-06-01 15:44:39 [12120] INFO  AutomationFramework - Selected merchant option: 316426 - Encore Bahamas/USD
2026-06-01 15:44:39 [12120] INFO  AutomationFramework - Currency Save enabled: true
2026-06-01 15:44:39 [12120] INFO  AutomationFramework - Save confirmation dialog appeared -- confirming
2026-06-01 15:44:39 [12120] INFO  AutomationFramework - [OK] Save complete (btnSaveCurrency)
2026-06-01 15:44:39 [12120] INFO  AutomationFramework - Currency Save enabled: false
2026-06-01 15:44:40 [12120] INFO  AutomationFramework - Clicking element: tabCurrency
2026-06-01 15:44:41 [12120] INFO  AutomationFramework - [OK] Click successful: tabCurrency
2026-06-01 15:44:43 [12120] INFO  AutomationFramework - Selected merchant option: 316370 - PSAV US/USD
2026-06-01 15:44:43 [12120] INFO  AutomationFramework - Save confirmation dialog appeared -- confirming
2026-06-01 15:44:43 [12120] INFO  AutomationFramework - [OK] Save complete (btnSaveCurrency)
  ok 167 [encore-locations] › specs\locations\location-currency.spec.ts:230:7 › Location Currency @locations @currency › TC-LOC-CUR-022: Merchant change persists after save and reload (8.8s)
2026-06-01 15:44:43 [12120] INFO  AutomationFramework - LocationCurrencyPage initialized
2026-06-01 15:44:44 [12120] INFO  AutomationFramework - Clicking element: tabCurrency
2026-06-01 15:44:45 [12120] INFO  AutomationFramework - [OK] Click successful: tabCurrency
2026-06-01 15:44:46 [12120] INFO  AutomationFramework - Checked: chkCADSelected
2026-06-01 15:44:46 [12120] INFO  AutomationFramework - Checked: chkCADIsDefault
2026-06-01 15:44:46 [12120] INFO  AutomationFramework - chkUSDIsDefault: checked=false, disabled=false
2026-06-01 15:44:46 [12120] INFO  AutomationFramework - Currency Save enabled: true
2026-06-01 15:44:46 [12120] INFO  AutomationFramework - Save confirmation dialog appeared -- confirming
2026-06-01 15:44:47 [12120] INFO  AutomationFramework - [OK] Save complete (btnSaveCurrency)
2026-06-01 15:44:47 [12120] INFO  AutomationFramework - Currency Save enabled: false
2026-06-01 15:44:48 [12120] INFO  AutomationFramework - Clicking element: tabCurrency
2026-06-01 15:44:49 [12120] INFO  AutomationFramework - [OK] Click successful: tabCurrency
2026-06-01 15:44:49 [12120] INFO  AutomationFramework - chkCADIsDefault: checked=true, disabled=false
2026-06-01 15:44:49 [12120] INFO  AutomationFramework - chkUSDIsDefault: checked=false, disabled=false
2026-06-01 15:44:49 [12120] INFO  AutomationFramework - Unchecked: chkCADSelected
2026-06-01 15:44:50 [12120] INFO  AutomationFramework - Checked: chkUSDIsDefault
2026-06-01 15:44:50 [12120] INFO  AutomationFramework - Save confirmation dialog appeared -- confirming
2026-06-01 15:44:50 [12120] INFO  AutomationFramework - [OK] Save complete (btnSaveCurrency)
  ok 168 [encore-locations] › specs\locations\location-currency.spec.ts:249:7 › Location Currency @locations @currency › TC-LOC-CUR-023: IsDefault change persists after save and reload (cascade) (6.7s)
2026-06-01 15:44:50 [12120] INFO  AutomationFramework - LocationCurrencyPage initialized
2026-06-01 15:44:51 [12120] INFO  AutomationFramework - Clicking element: tabCurrency
2026-06-01 15:44:52 [12120] INFO  AutomationFramework - [OK] Click successful: tabCurrency
2026-06-01 15:44:53 [12120] INFO  AutomationFramework - Checked: chkCADSelected
2026-06-01 15:44:53 [12120] INFO  AutomationFramework - Selected merchant option: 316426 - Encore Bahamas/USD
2026-06-01 15:44:53 [12120] INFO  AutomationFramework - Currency Save enabled: true
2026-06-01 15:44:53 [12120] INFO  AutomationFramework - Save confirmation dialog appeared -- confirming
2026-06-01 15:44:54 [12120] INFO  AutomationFramework - [OK] Save complete (btnSaveCurrency)
2026-06-01 15:44:54 [12120] INFO  AutomationFramework - Currency Save enabled: false
2026-06-01 15:44:55 [12120] INFO  AutomationFramework - Clicking element: tabCurrency
2026-06-01 15:44:56 [12120] INFO  AutomationFramework - [OK] Click successful: tabCurrency
2026-06-01 15:44:57 [12120] INFO  AutomationFramework - chkCADSelected: checked=true, disabled=false
2026-06-01 15:44:57 [12120] INFO  AutomationFramework - Unchecked: chkCADSelected
2026-06-01 15:44:57 [12120] INFO  AutomationFramework - Selected merchant option: 316370 - PSAV US/USD
2026-06-01 15:44:58 [12120] INFO  AutomationFramework - Save confirmation dialog appeared -- confirming
2026-06-01 15:44:59 [12120] INFO  AutomationFramework - [OK] Save complete (btnSaveCurrency)
  ok 169 [encore-locations] › specs\locations\location-currency.spec.ts:271:7 › Location Currency @locations @currency › TC-LOC-CUR-024: Combined changes persist after single save and reload (9.1s)
2026-06-01 15:44:59 [12120] INFO  AutomationFramework - LocationCurrencyPage initialized
2026-06-01 15:45:00 [12120] INFO  AutomationFramework - Clicking element: tabCurrency
2026-06-01 15:45:02 [12120] INFO  AutomationFramework - [OK] Click successful: tabCurrency
2026-06-01 15:45:02 [12120] INFO  AutomationFramework - Checked: chkCADSelected
2026-06-01 15:45:02 [12120] INFO  AutomationFramework - Currency Save enabled: true
2026-06-01 15:45:02 [12120] INFO  AutomationFramework - Save Changes dialog appeared
2026-06-01 15:45:03 [12120] INFO  AutomationFramework - [fixture] Auto-accepting beforeunload dialog
2026-06-01 15:45:03 [12120] INFO  AutomationFramework - Clicking element: tabCurrency
2026-06-01 15:45:05 [12120] INFO  AutomationFramework - [OK] Click successful: tabCurrency
2026-06-01 15:45:06 [12120] INFO  AutomationFramework - chkCADSelected: checked=false, disabled=false
  ok 170 [encore-locations] › specs\locations\location-currency.spec.ts:296:7 › Location Currency @locations @currency › TC-LOC-CUR-025: Cancel save discards changes — reload shows original state (6.4s)
2026-06-01 15:45:06 [12120] INFO  AutomationFramework - LocationCurrencyPage initialized
2026-06-01 15:45:06 [12120] INFO  AutomationFramework - Clicking element: tabCurrency
2026-06-01 15:45:07 [12120] INFO  AutomationFramework - [OK] Click successful: tabCurrency
2026-06-01 15:45:08 [12120] INFO  AutomationFramework - Checked: chkCADSelected
2026-06-01 15:45:08 [12120] INFO  AutomationFramework - Currency Save enabled: true
2026-06-01 15:45:08 [12120] INFO  AutomationFramework - [fixture] Auto-accepting beforeunload dialog
2026-06-01 15:45:09 [12120] INFO  AutomationFramework - Clicking element: tabCurrency
2026-06-01 15:45:11 [12120] INFO  AutomationFramework - [OK] Click successful: tabCurrency
  ok 171 [encore-locations] › specs\locations\location-currency.spec.ts:313:7 › Location Currency @locations @currency › TC-LOC-CUR-026: Beforeunload dialog fires when form is dirty (5.8s)
2026-06-01 15:45:11 [12120] INFO  AutomationFramework - LocationCurrencyPage initialized
2026-06-01 15:45:12 [12120] INFO  AutomationFramework - Clicking element: tabCurrency
2026-06-01 15:45:13 [12120] INFO  AutomationFramework - [OK] Click successful: tabCurrency
2026-06-01 15:45:14 [12120] INFO  AutomationFramework - Unchecked: chkUSDIsDefault
2026-06-01 15:45:14 [12120] INFO  AutomationFramework - chkUSDIsDefault: checked=false, disabled=false
2026-06-01 15:45:14 [12120] INFO  AutomationFramework - Currency Save enabled: true
2026-06-01 15:45:14 [12120] INFO  AutomationFramework - Save confirmation dialog appeared -- confirming
2026-06-01 15:45:16 [12120] INFO  AutomationFramework - [OK] Save complete (btnSaveCurrency)
2026-06-01 15:45:16 [12120] INFO  AutomationFramework - Currency Save enabled: false
2026-06-01 15:45:16 [12120] INFO  AutomationFramework - Clicking element: tabCurrency
2026-06-01 15:45:18 [12120] INFO  AutomationFramework - [OK] Click successful: tabCurrency
2026-06-01 15:45:18 [12120] INFO  AutomationFramework - chkUSDIsDefault: checked=false, disabled=false
2026-06-01 15:45:19 [12120] INFO  AutomationFramework - Checked: chkUSDIsDefault
2026-06-01 15:45:19 [12120] INFO  AutomationFramework - Save confirmation dialog appeared -- confirming
2026-06-01 15:45:19 [12120] INFO  AutomationFramework - [OK] Save complete (btnSaveCurrency)
  ok 172 [encore-locations] › specs\locations\location-currency.spec.ts:331:7 › Location Currency @locations @currency › TC-LOC-CUR-027: No-default state persists after save and reload (7.6s)
2026-06-01 15:45:19 [12120] INFO  AutomationFramework - LocationLegalPage initialized
2026-06-01 15:45:19 [12120] INFO  AutomationFramework - [OK] Tab active: tabLegal
2026-06-01 15:45:23 [12120] WARN  AutomationFramework - [RETRY] Listbox not visible after click — retrying drpLegalServiceCharge0
2026-06-01 15:45:23 [12120] INFO  AutomationFramework - [OK] Selected combobox option "Administrative Fee" for drpLegalServiceCharge0
2026-06-01 15:45:23 [12120] INFO  AutomationFramework - [OK] Save button enabled
2026-06-01 15:45:23 [12120] INFO  AutomationFramework - Save confirmation dialog appeared -- confirming
2026-06-01 15:45:25 [12120] INFO  AutomationFramework - [OK] Save complete (btnSaveLegal)
2026-06-01 15:45:25 [12120] INFO  AutomationFramework - Clicking element: tabLegal
2026-06-01 15:45:27 [12120] INFO  AutomationFramework - [OK] Click successful: tabLegal
2026-06-01 15:45:29 [12120] WARN  AutomationFramework - [RETRY 1/3] Option click failed for "Resort Service Charge" on drpLegalServiceCharge0 — Escape and reopen
2026-06-01 15:45:29 [12120] INFO  AutomationFramework - [OK] Selected combobox option "Resort Service Charge" for drpLegalServiceCharge0
2026-06-01 15:45:29 [12120] INFO  AutomationFramework - [OK] Save button enabled
2026-06-01 15:45:30 [12120] INFO  AutomationFramework - Save confirmation dialog appeared -- confirming
2026-06-01 15:45:31 [12120] INFO  AutomationFramework - [OK] Save complete (btnSaveLegal)
2026-06-01 15:45:31 [12120] INFO  AutomationFramework - Clicking element: tabLegal
2026-06-01 15:45:33 [12120] INFO  AutomationFramework - [OK] Click successful: tabLegal
  ok 173 [encore-locations] › specs\locations\location-legal.spec.ts:65:7 › Location Legal — FCC @locations @legal @fcc › TC-LOC-LGL-019: No UI path to submit out-of-list SC value (negative enumeration + save-cycle) (15.7s)
2026-06-01 15:45:35 [12120] INFO  AutomationFramework - LocationLegalPage initialized
2026-06-01 15:45:35 [12120] INFO  AutomationFramework - Legal grid rows: 1
  ok 174 [encore-locations] › specs\locations\location-legal.spec.ts:118:7 › Location Legal @locations @legal › TC-LOC-LGL-001: Navigate to Legal tab; 3 column headers, 1 data row (81ms)
2026-06-01 15:45:35 [12120] INFO  AutomationFramework - LocationLegalPage initialized
  ok 175 [encore-locations] › specs\locations\location-legal.spec.ts:127:7 › Location Legal @locations @legal › TC-LOC-LGL-002: Default field values -- US English, Resort Service Charge, LDW (59ms)
2026-06-01 15:45:35 [12120] INFO  AutomationFramework - LocationLegalPage initialized
  ok 176 [encore-locations] › specs\locations\location-legal.spec.ts:134:7 › Location Legal @locations @legal › TC-LOC-LGL-003: Language Name cell is read-only (45ms)
2026-06-01 15:45:35 [12120] INFO  AutomationFramework - LocationLegalPage initialized
  ok 177 [encore-locations] › specs\locations\location-legal.spec.ts:139:7 › Location Legal @locations @legal › TC-LOC-LGL-004: Service Charge dropdown opens with options (183ms)
2026-06-01 15:45:35 [12120] INFO  AutomationFramework - LocationLegalPage initialized
  ok 178 [encore-locations] › specs\locations\location-legal.spec.ts:146:7 › Location Legal @locations @legal › TC-LOC-LGL-005: Terms and Conditions dropdown opens with options (181ms)
2026-06-01 15:45:35 [12120] INFO  AutomationFramework - LocationLegalPage initialized
  ok 179 [encore-locations] › specs\locations\location-legal.spec.ts:153:7 › Location Legal @locations @legal › TC-LOC-LGL-006: No search/filter in either dropdown (339ms)
2026-06-01 15:45:36 [12120] INFO  AutomationFramework - LocationLegalPage initialized
  ok 180 [encore-locations] › specs\locations\location-legal.spec.ts:159:7 › Location Legal @locations @legal › TC-LOC-LGL-007: Save button disabled by default (59ms)
2026-06-01 15:45:36 [12120] INFO  AutomationFramework - LocationLegalPage initialized
2026-06-01 15:45:36 [12120] INFO  AutomationFramework - [OK] Selected combobox option "Administrative Fee" for drpLegalServiceCharge0
2026-06-01 15:45:36 [12120] INFO  AutomationFramework - [fixture] Auto-accepting beforeunload dialog
2026-06-01 15:45:37 [12120] INFO  AutomationFramework - Clicking element: tabLegal
2026-06-01 15:45:38 [12120] INFO  AutomationFramework - [OK] Click successful: tabLegal
  ok 181 [encore-locations] › specs\locations\location-legal.spec.ts:164:7 › Location Legal @locations @legal › TC-LOC-LGL-008: Changing Service Charge enables Save (5.3s)
2026-06-01 15:45:41 [12120] INFO  AutomationFramework - LocationLegalPage initialized
2026-06-01 15:45:41 [12120] WARN  AutomationFramework - [RETRY 1/3] Option click failed for "Encore Terms and Conditions" on drpLegalTerms0 — Escape and reopen
2026-06-01 15:45:42 [12120] INFO  AutomationFramework - [OK] Selected combobox option "Encore Terms and Conditions" for drpLegalTerms0
2026-06-01 15:45:42 [12120] INFO  AutomationFramework - [fixture] Auto-accepting beforeunload dialog
2026-06-01 15:45:42 [12120] INFO  AutomationFramework - Clicking element: tabLegal
2026-06-01 15:45:44 [12120] INFO  AutomationFramework - [OK] Click successful: tabLegal
  ok 182 [encore-locations] › specs\locations\location-legal.spec.ts:173:7 › Location Legal @locations @legal › TC-LOC-LGL-009: Changing Terms enables Save (4.1s)
2026-06-01 15:45:45 [12120] INFO  AutomationFramework - LocationLegalPage initialized
2026-06-01 15:45:46 [12120] INFO  AutomationFramework - [OK] Selected combobox option "Administrative Fee" for drpLegalServiceCharge0
2026-06-01 15:45:46 [12120] INFO  AutomationFramework - [OK] Selected combobox option "Resort Service Charge" for drpLegalServiceCharge0
2026-06-01 15:45:46 [12120] INFO  AutomationFramework - [fixture] Auto-accepting beforeunload dialog
2026-06-01 15:45:47 [12120] INFO  AutomationFramework - Clicking element: tabLegal
2026-06-01 15:45:48 [12120] INFO  AutomationFramework - [OK] Click successful: tabLegal
  ok 183 [encore-locations] › specs\locations\location-legal.spec.ts:182:7 › Location Legal @locations @legal › TC-LOC-LGL-010: Reverting dropdown to original does NOT re-disable Save (4.6s)
2026-06-01 15:45:50 [12120] INFO  AutomationFramework - LocationLegalPage initialized
2026-06-01 15:45:53 [12120] WARN  AutomationFramework - [RETRY] Listbox not visible after click — retrying drpLegalServiceCharge0
2026-06-01 15:45:53 [12120] INFO  AutomationFramework - [OK] Selected combobox option "Administrative Fee" for drpLegalServiceCharge0
2026-06-01 15:45:53 [12120] INFO  AutomationFramework - [OK] Save button enabled
2026-06-01 15:45:53 [12120] INFO  AutomationFramework - Save confirmation dialog appeared -- confirming
2026-06-01 15:45:55 [12120] INFO  AutomationFramework - [OK] Save complete (btnSaveLegal)
2026-06-01 15:45:55 [12120] INFO  AutomationFramework - Clicking element: tabLegal
2026-06-01 15:45:57 [12120] INFO  AutomationFramework - [OK] Click successful: tabLegal
2026-06-01 15:45:59 [12120] INFO  AutomationFramework - [OK] Selected combobox option "Resort Service Charge" for drpLegalServiceCharge0
2026-06-01 15:45:59 [12120] INFO  AutomationFramework - [OK] Save button enabled
2026-06-01 15:45:59 [12120] INFO  AutomationFramework - Save confirmation dialog appeared -- confirming
2026-06-01 15:46:00 [12120] INFO  AutomationFramework - [OK] Save complete (btnSaveLegal)
  ok 184 [encore-locations] › specs\locations\location-legal.spec.ts:194:7 › Location Legal @locations @legal › TC-LOC-LGL-011: Save SC change persists after reload (10.6s)
2026-06-01 15:46:00 [12120] INFO  AutomationFramework - LocationLegalPage initialized
2026-06-01 15:46:01 [12120] INFO  AutomationFramework - Clicking element: tabLegal
2026-06-01 15:46:02 [12120] INFO  AutomationFramework - [OK] Click successful: tabLegal
2026-06-01 15:46:07 [12120] WARN  AutomationFramework - [RETRY 1/3] Option click failed for "Encore Terms and Conditions" on drpLegalTerms0 — Escape and reopen
2026-06-01 15:46:07 [12120] INFO  AutomationFramework - [OK] Selected combobox option "Encore Terms and Conditions" for drpLegalTerms0
2026-06-01 15:46:07 [12120] INFO  AutomationFramework - [OK] Save button enabled
2026-06-01 15:46:08 [12120] INFO  AutomationFramework - Save confirmation dialog appeared -- confirming
2026-06-01 15:46:09 [12120] INFO  AutomationFramework - [OK] Save complete (btnSaveLegal)
2026-06-01 15:46:09 [12120] INFO  AutomationFramework - Clicking element: tabLegal
2026-06-01 15:46:11 [12120] INFO  AutomationFramework - [OK] Click successful: tabLegal
2026-06-01 15:46:14 [12120] INFO  AutomationFramework - [OK] Selected combobox option "LDW" for drpLegalTerms0
2026-06-01 15:46:14 [12120] INFO  AutomationFramework - [OK] Save button enabled
2026-06-01 15:46:14 [12120] INFO  AutomationFramework - Save confirmation dialog appeared -- confirming
2026-06-01 15:46:15 [12120] INFO  AutomationFramework - [OK] Save complete (btnSaveLegal)
  ok 185 [encore-locations] › specs\locations\location-legal.spec.ts:213:7 › Location Legal @locations @legal › TC-LOC-LGL-012: Save T&C change persists after reload (14.6s)
2026-06-01 15:46:15 [12120] INFO  AutomationFramework - LocationLegalPage initialized
2026-06-01 15:46:16 [12120] INFO  AutomationFramework - Clicking element: tabLegal
2026-06-01 15:46:17 [12120] INFO  AutomationFramework - [OK] Click successful: tabLegal
2026-06-01 15:46:20 [12120] INFO  AutomationFramework - [OK] Selected combobox option "Administrative Fee" for drpLegalServiceCharge0
2026-06-01 15:46:20 [12120] INFO  AutomationFramework - [fixture] Auto-accepting beforeunload dialog
2026-06-01 15:46:21 [12120] INFO  AutomationFramework - Clicking element: tabLegal
2026-06-01 15:46:22 [12120] INFO  AutomationFramework - [OK] Click successful: tabLegal
  ok 186 [encore-locations] › specs\locations\location-legal.spec.ts:233:7 › Location Legal @locations @legal › TC-LOC-LGL-013: Cancel in Save dialog discards save (8.9s)
2026-06-01 15:46:24 [12120] INFO  AutomationFramework - LocationLegalPage initialized
2026-06-01 15:46:24 [12120] WARN  AutomationFramework - [RETRY 1/3] Option click failed for "Encore Terms and Conditions" on drpLegalTerms0 — Escape and reopen
2026-06-01 15:46:25 [12120] INFO  AutomationFramework - [OK] Selected combobox option "Encore Terms and Conditions" for drpLegalTerms0
2026-06-01 15:46:25 [12120] INFO  AutomationFramework - [fixture] Auto-accepting beforeunload dialog
2026-06-01 15:46:26 [12120] INFO  AutomationFramework - Clicking element: tabLegal
2026-06-01 15:46:27 [12120] INFO  AutomationFramework - [OK] Click successful: tabLegal
  ok 187 [encore-locations] › specs\locations\location-legal.spec.ts:248:7 › Location Legal @locations @legal › TC-LOC-LGL-014: Beforeunload dialog triggers with unsaved changes (5.3s)
2026-06-01 15:46:29 [12120] INFO  AutomationFramework - LocationLegalPage initialized
2026-06-01 15:46:30 [12120] INFO  AutomationFramework - Clicking element: tabLegal
2026-06-01 15:46:31 [12120] INFO  AutomationFramework - [OK] Click successful: tabLegal
2026-06-01 15:46:37 [12120] WARN  AutomationFramework - [RETRY] Listbox not visible after click — retrying drpLegalServiceCharge0
2026-06-01 15:46:37 [12120] INFO  AutomationFramework - [OK] Selected combobox option "Administrative Fee" for drpLegalServiceCharge0
2026-06-01 15:46:38 [12120] INFO  AutomationFramework - [OK] Selected combobox option "Encore Terms and Conditions" for drpLegalTerms0
2026-06-01 15:46:38 [12120] INFO  AutomationFramework - [OK] Save button enabled
2026-06-01 15:46:38 [12120] INFO  AutomationFramework - Save confirmation dialog appeared -- confirming
2026-06-01 15:46:39 [12120] INFO  AutomationFramework - [OK] Save complete (btnSaveLegal)
2026-06-01 15:46:39 [12120] INFO  AutomationFramework - Clicking element: tabLegal
2026-06-01 15:46:41 [12120] INFO  AutomationFramework - [OK] Click successful: tabLegal
2026-06-01 15:46:45 [12120] WARN  AutomationFramework - [RETRY] Listbox not visible after click — retrying drpLegalServiceCharge0
2026-06-01 15:46:46 [12120] INFO  AutomationFramework - [OK] Selected combobox option "Resort Service Charge" for drpLegalServiceCharge0
2026-06-01 15:46:46 [12120] INFO  AutomationFramework - [OK] Selected combobox option "LDW" for drpLegalTerms0
2026-06-01 15:46:46 [12120] INFO  AutomationFramework - [OK] Save button enabled
2026-06-01 15:46:46 [12120] INFO  AutomationFramework - Save confirmation dialog appeared -- confirming
2026-06-01 15:46:48 [12120] INFO  AutomationFramework - [OK] Save complete (btnSaveLegal)
  ok 188 [encore-locations] › specs\locations\location-legal.spec.ts:264:7 › Location Legal @locations @legal › TC-LOC-LGL-018: Combined SC + T&C change saves and persists both (18.4s)
2026-06-01 15:46:48 [12120] INFO  AutomationFramework - LocationLocalInfoPage initialized
2026-06-01 15:46:48 [12120] INFO  AutomationFramework - [OK] Tab active: tabLocalInformation
2026-06-01 15:46:48 [12120] INFO  AutomationFramework - [OK] Tab active: tabLocalInformation
2026-06-01 15:46:48 [12120] INFO  AutomationFramework - [OK] Form ready: chkApplyLDW is enabled
2026-06-01 15:46:48 [12120] INFO  AutomationFramework - Checkbox [chkApplyCablesConsumablesFee] -> checked=false disabled=false
2026-06-01 15:46:48 [12120] INFO  AutomationFramework - Checkbox [chkAllowETS] -> checked=false disabled=false
2026-06-01 15:46:48 [12120] INFO  AutomationFramework - Checkbox [chkAllowResortTax] -> checked=false disabled=false
2026-06-01 15:46:48 [12120] INFO  AutomationFramework - Checkbox [chkShowServiceChargeAsAdministrativeFee] -> checked=false disabled=false
2026-06-01 15:46:48 [12120] INFO  AutomationFramework - Checkbox [chkCalculateServiceChargeOnNetAmount] -> checked=false disabled=false
2026-06-01 15:46:48 [12120] INFO  AutomationFramework - Checkbox [chkInternetAssetReservation] -> checked=false disabled=false
2026-06-01 15:46:48 [12120] INFO  AutomationFramework - Checkbox [chkExcludeImpliedDiscount] -> checked=false disabled=false
2026-06-01 15:46:48 [12120] INFO  AutomationFramework - Checkbox [chkPromptForApproval] -> checked=false disabled=false
2026-06-01 15:46:48 [12120] INFO  AutomationFramework - Checkbox [chkAllowProductionQuote] -> checked=false disabled=false
2026-06-01 15:46:48 [12120] INFO  AutomationFramework - Checkbox [chkWarehouseBilling] -> checked=false disabled=false
2026-06-01 15:46:48 [12120] INFO  AutomationFramework - Checkbox [chkEnableIDCBilling] -> checked=false disabled=false
2026-06-01 15:46:48 [12120] INFO  AutomationFramework - Checkbox [chkSkipBilling] -> checked=false disabled=false
2026-06-01 15:46:48 [12120] INFO  AutomationFramework - Checkbox [chkSeparateMasterBillCommissionInvoice] -> checked=false disabled=false
2026-06-01 15:46:48 [12120] INFO  AutomationFramework - Checkbox [chkShowSubRental] -> checked=false disabled=false
2026-06-01 15:46:48 [12120] INFO  AutomationFramework - Checkbox [chkInventoryOnly] -> checked=false disabled=false
2026-06-01 15:46:48 [12120] INFO  AutomationFramework - Checkbox [chkCalculateCommissionTax] -> checked=false disabled=false
2026-06-01 15:46:48 [12120] INFO  AutomationFramework - Checkbox [chkCanCreateExternalCustomerLink] -> checked=false disabled=false
2026-06-01 15:46:48 [12120] INFO  AutomationFramework - Checkbox [chkOffsiteEventLocation] -> checked=false disabled=false
2026-06-01 15:46:48 [12120] INFO  AutomationFramework - Checkbox [chkExhibitShowRate] -> checked=false disabled=false
2026-06-01 15:46:48 [12120] INFO  AutomationFramework - Checkbox [chkEnableMultidayPricing] -> checked=false disabled=false
2026-06-01 15:46:48 [12120] INFO  AutomationFramework - Checkbox [chkApplyLDW] -> checked=true disabled=false
2026-06-01 15:46:48 [12120] INFO  AutomationFramework - Checkbox [chkTickerCalc] -> checked=true disabled=false
2026-06-01 15:46:48 [12120] INFO  AutomationFramework - Checkbox [chkEnableSetStrikeLaborMinutes] -> checked=true disabled=false
2026-06-01 15:46:48 [12120] INFO  AutomationFramework - Checkbox [chkApplySetStrikeLaborMinutes] -> checked=true disabled=false
2026-06-01 15:46:48 [12120] INFO  AutomationFramework - Checkbox [chkCompanyRemitTax] -> checked=true disabled=false
2026-06-01 15:46:48 [12120] INFO  AutomationFramework - Checkbox [chkCommReceiver] -> checked=true disabled=false
2026-06-01 15:46:48 [12120] INFO  AutomationFramework - Checkbox [chkIntercompany] -> checked=true disabled=false
2026-06-01 15:46:48 [12120] INFO  AutomationFramework - Checkbox [chkAllowDPCD] -> checked=true disabled=false
2026-06-01 15:46:48 [12120] INFO  AutomationFramework - Checkbox [chkCreditMemoApprovalRequired] -> checked=true disabled=false
2026-06-01 15:46:48 [12120] INFO  AutomationFramework - Checkbox [chkEnableDiscountReason] -> checked=true disabled=false
2026-06-01 15:46:48 [12120] INFO  AutomationFramework - Checkbox [chkEnableProposal] -> checked=true disabled=false
2026-06-01 15:46:48 [12120] INFO  AutomationFramework - Checkbox [chkEnableJobCosting] -> checked=true disabled=true
2026-06-01 15:46:48 [12120] INFO  AutomationFramework - Checkbox [chkServiceCharge] -> checked=true disabled=false
2026-06-01 15:46:48 [12120] INFO  AutomationFramework - Spin [spinLDWPercentage] -> raw="4.00%" value="4.00" disabled=false
2026-06-01 15:46:48 [12120] INFO  AutomationFramework - Spin [spinThreshold] -> raw="0.00%" value="0.00" disabled=true
2026-06-01 15:46:48 [12120] INFO  AutomationFramework - Spin [spinETSPercentage] -> raw="0.00%" value="0.00" disabled=true
2026-06-01 15:46:48 [12120] INFO  AutomationFramework - Spin [spinCCPercentage] -> raw="0.00%" value="0.00" disabled=true
2026-06-01 15:46:49 [12120] INFO  AutomationFramework - Spin [spinResortTaxPercentage] -> raw="0.00%" value="0.00" disabled=true
2026-06-01 15:46:49 [12120] INFO  AutomationFramework - Save button enabled: false
  ok 189 [encore-locations] › specs\locations\location-local-information.spec.ts:29:7 › Location Local Info @locations @local-info › TC-LOC-LI-001: Navigate to Local Info tab; URL correct, Save disabled (813ms)
2026-06-01 15:46:49 [12120] INFO  AutomationFramework - LocationLocalInfoPage initialized
2026-06-01 15:46:49 [12120] INFO  AutomationFramework - [OK] Form ready: chkApplyLDW is enabled
2026-06-01 15:46:49 [12120] INFO  AutomationFramework - Checkbox [chkApplyLDW] -> checked=true disabled=false
2026-06-01 15:46:49 [12120] INFO  AutomationFramework - Spin [spinLDWPercentage] -> raw="4.00%" value="4.00" disabled=false
2026-06-01 15:46:49 [12120] INFO  AutomationFramework - Checkbox [chkApplyLDW] -> checked=true disabled=false
2026-06-01 15:46:49 [12120] INFO  AutomationFramework - Checkbox [chkTickerCalc] -> checked=true disabled=false
2026-06-01 15:46:49 [12120] INFO  AutomationFramework - Checkbox [chkEnableSetStrikeLaborMinutes] -> checked=true disabled=false
2026-06-01 15:46:49 [12120] INFO  AutomationFramework - Checkbox [chkApplySetStrikeLaborMinutes] -> checked=true disabled=false
2026-06-01 15:46:49 [12120] INFO  AutomationFramework - Checkbox [chkCompanyRemitTax] -> checked=true disabled=false
2026-06-01 15:46:49 [12120] INFO  AutomationFramework - Checkbox [chkCommReceiver] -> checked=true disabled=false
2026-06-01 15:46:49 [12120] INFO  AutomationFramework - Checkbox [chkIntercompany] -> checked=true disabled=false
2026-06-01 15:46:49 [12120] INFO  AutomationFramework - Checkbox [chkAllowDPCD] -> checked=true disabled=false
2026-06-01 15:46:49 [12120] INFO  AutomationFramework - Checkbox [chkCreditMemoApprovalRequired] -> checked=true disabled=false
2026-06-01 15:46:49 [12120] INFO  AutomationFramework - Checkbox [chkEnableDiscountReason] -> checked=true disabled=false
2026-06-01 15:46:49 [12120] INFO  AutomationFramework - Checkbox [chkEnableProposal] -> checked=true disabled=false
2026-06-01 15:46:49 [12120] INFO  AutomationFramework - Checkbox [chkEnableJobCosting] -> checked=true disabled=true
2026-06-01 15:46:49 [12120] INFO  AutomationFramework - Checkbox [chkServiceCharge] -> checked=true disabled=false
2026-06-01 15:46:49 [12120] INFO  AutomationFramework - Checkbox defaults: 13 checked, 0 failures
2026-06-01 15:46:49 [12120] INFO  AutomationFramework - Checkbox [chkApplyCablesConsumablesFee] -> checked=false disabled=false
2026-06-01 15:46:49 [12120] INFO  AutomationFramework - Checkbox [chkAllowETS] -> checked=false disabled=false
2026-06-01 15:46:49 [12120] INFO  AutomationFramework - Checkbox [chkAllowResortTax] -> checked=false disabled=false
2026-06-01 15:46:49 [12120] INFO  AutomationFramework - Checkbox [chkShowServiceChargeAsAdministrativeFee] -> checked=false disabled=false
2026-06-01 15:46:49 [12120] INFO  AutomationFramework - Checkbox [chkCalculateServiceChargeOnNetAmount] -> checked=false disabled=false
2026-06-01 15:46:49 [12120] INFO  AutomationFramework - Checkbox [chkInternetAssetReservation] -> checked=false disabled=false
2026-06-01 15:46:49 [12120] INFO  AutomationFramework - Checkbox [chkExcludeImpliedDiscount] -> checked=false disabled=false
2026-06-01 15:46:49 [12120] INFO  AutomationFramework - Checkbox [chkPromptForApproval] -> checked=false disabled=false
2026-06-01 15:46:49 [12120] INFO  AutomationFramework - Checkbox [chkAllowProductionQuote] -> checked=false disabled=false
2026-06-01 15:46:49 [12120] INFO  AutomationFramework - Checkbox [chkWarehouseBilling] -> checked=false disabled=false
2026-06-01 15:46:49 [12120] INFO  AutomationFramework - Checkbox [chkEnableIDCBilling] -> checked=false disabled=false
2026-06-01 15:46:49 [12120] INFO  AutomationFramework - Checkbox [chkSkipBilling] -> checked=false disabled=false
2026-06-01 15:46:49 [12120] INFO  AutomationFramework - Checkbox [chkSeparateMasterBillCommissionInvoice] -> checked=false disabled=false
2026-06-01 15:46:49 [12120] INFO  AutomationFramework - Checkbox [chkShowSubRental] -> checked=false disabled=false
2026-06-01 15:46:49 [12120] INFO  AutomationFramework - Checkbox [chkInventoryOnly] -> checked=false disabled=false
2026-06-01 15:46:49 [12120] INFO  AutomationFramework - Checkbox [chkCalculateCommissionTax] -> checked=false disabled=false
2026-06-01 15:46:49 [12120] INFO  AutomationFramework - Checkbox [chkCanCreateExternalCustomerLink] -> checked=false disabled=false
2026-06-01 15:46:49 [12120] INFO  AutomationFramework - Checkbox [chkOffsiteEventLocation] -> checked=false disabled=false
2026-06-01 15:46:49 [12120] INFO  AutomationFramework - Checkbox [chkExhibitShowRate] -> checked=false disabled=false
2026-06-01 15:46:49 [12120] INFO  AutomationFramework - Checkbox [chkEnableMultidayPricing] -> checked=false disabled=false
2026-06-01 15:46:49 [12120] INFO  AutomationFramework - Checkbox defaults: 20 checked, 0 failures
2026-06-01 15:46:49 [12120] INFO  AutomationFramework - Checkbox [chkSuppressDayRateDiscount] -> checked=false disabled=true
2026-06-01 15:46:49 [12120] INFO  AutomationFramework - Checkbox [chkCompassIntegration] -> checked=true disabled=true
2026-06-01 15:46:49 [12120] INFO  AutomationFramework - Checkbox [chkDisplayTax] -> checked=true disabled=true
2026-06-01 15:46:49 [12120] INFO  AutomationFramework - Checkbox [chkEnableJobCosting] -> checked=true disabled=true
2026-06-01 15:46:49 [12120] INFO  AutomationFramework - Checkbox [chkUseESignature] -> checked=true disabled=true
2026-06-01 15:46:49 [12120] INFO  AutomationFramework - Checkbox [chkEnableProductGroup] -> checked=false disabled=true
2026-06-01 15:46:49 [12120] INFO  AutomationFramework - Checkbox [chkEnableDiscountGuidance] -> checked=true disabled=true
2026-06-01 15:46:49 [12120] INFO  AutomationFramework - Checkbox disabled states: 7 checked, 0 failures
2026-06-01 15:46:49 [12120] INFO  AutomationFramework - Checkbox [chkSuppressDayRateDiscount] -> checked=false disabled=true
2026-06-01 15:46:49 [12120] INFO  AutomationFramework - Checkbox [chkCompassIntegration] -> checked=true disabled=true
2026-06-01 15:46:49 [12120] INFO  AutomationFramework - Checkbox [chkDisplayTax] -> checked=true disabled=true
2026-06-01 15:46:49 [12120] INFO  AutomationFramework - Checkbox [chkEnableJobCosting] -> checked=true disabled=true
2026-06-01 15:46:49 [12120] INFO  AutomationFramework - Checkbox [chkUseESignature] -> checked=true disabled=true
2026-06-01 15:46:49 [12120] INFO  AutomationFramework - Checkbox [chkEnableProductGroup] -> checked=false disabled=true
2026-06-01 15:46:49 [12120] INFO  AutomationFramework - Checkbox [chkEnableDiscountGuidance] -> checked=true disabled=true
2026-06-01 15:46:49 [12120] INFO  AutomationFramework - Checkbox defaults: 7 checked, 0 failures
2026-06-01 15:46:49 [12120] INFO  AutomationFramework - Checkbox [chkECommerceActive] -> checked=true disabled=true
2026-06-01 15:46:49 [12120] INFO  AutomationFramework - Checkbox [chkEnableProductionsOrders] -> checked=true disabled=true
2026-06-01 15:46:49 [12120] INFO  AutomationFramework - Capturing left-panel baseline values
2026-06-01 15:46:49 [12120] INFO  AutomationFramework - Left panel baseline: {"office":"1604","localOffice":"1604","payToAddress":"Encore","eCommerceActive":true,"enableProductionsOrders":true}
  ok 190 [encore-locations] › specs\locations\location-local-information.spec.ts:99:7 › Location Local Info @locations @local-info › TC-LOC-LI-002: All default states (772ms)
2026-06-01 15:46:49 [12120] INFO  AutomationFramework - LocationLocalInfoPage initialized
2026-06-01 15:46:49 [12120] INFO  AutomationFramework - Save button enabled: false
2026-06-01 15:46:49 [12120] INFO  AutomationFramework - Toggled chkWarehouseBilling: false -> true
2026-06-01 15:46:49 [12120] INFO  AutomationFramework - Save button enabled: true
2026-06-01 15:46:50 [12120] INFO  AutomationFramework - Toggled chkWarehouseBilling: true -> false
2026-06-01 15:46:50 [12120] INFO  AutomationFramework - Save button disabled (btnSaveLocalInfo) -- skipping click
  ok 191 [encore-locations] › specs\locations\location-local-information.spec.ts:146:7 › Location Local Info @locations @local-info › TC-LOC-LI-032: Save disabled on load, enabled after change, restored (256ms)
2026-06-01 15:46:50 [12120] INFO  AutomationFramework - LocationLocalInfoPage initialized
2026-06-01 15:46:50 [12120] INFO  AutomationFramework - Unchecked: chkApplyLDW
2026-06-01 15:46:50 [12120] INFO  AutomationFramework - Checked: chkApplyLDW
2026-06-01 15:46:50 [12120] INFO  AutomationFramework - setSpinValue [spinLDWPercentage]: after type, before Tab -> "0.04"
2026-06-01 15:46:50 [12120] INFO  AutomationFramework - setSpinValue [spinLDWPercentage]: after Tab -> "4.00%"
2026-06-01 15:46:50 [12120] INFO  AutomationFramework - Save button disabled (btnSaveLocalInfo) -- skipping click
  ok 192 [encore-locations] › specs\locations\location-local-information.spec.ts:156:9 › Location Local Info @locations @local-info › TC-LOC-LI: Apply LDW -> LDW Percentage (865ms)
2026-06-01 15:46:50 [12120] INFO  AutomationFramework - LocationLocalInfoPage initialized
2026-06-01 15:46:51 [12120] INFO  AutomationFramework - Unchecked: chkCommReceiver
2026-06-01 15:46:51 [12120] INFO  AutomationFramework - Checkbox [chkAllowDPCD] -> checked=false disabled=true
2026-06-01 15:46:51 [12120] INFO  AutomationFramework - Checked: chkCommReceiver
2026-06-01 15:46:51 [12120] INFO  AutomationFramework - Checked: chkAllowDPCD
2026-06-01 15:46:51 [12120] INFO  AutomationFramework - Save button disabled (btnSaveLocalInfo) -- skipping click
  ok 193 [encore-locations] › specs\locations\location-local-information.spec.ts:156:9 › Location Local Info @locations @local-info › TC-LOC-LI: Comm Receiver -> Allow DPCD (552ms)
2026-06-01 15:46:51 [12120] INFO  AutomationFramework - LocationLocalInfoPage initialized
2026-06-01 15:46:51 [12120] INFO  AutomationFramework - Unchecked: chkCommReceiver
2026-06-01 15:46:51 [12120] INFO  AutomationFramework - Checkbox [chkShowSubRental] -> checked=false disabled=true
2026-06-01 15:46:51 [12120] INFO  AutomationFramework - Checked: chkCommReceiver
2026-06-01 15:46:52 [12120] INFO  AutomationFramework - Checked: chkAllowDPCD
2026-06-01 15:46:52 [12120] INFO  AutomationFramework - Save button disabled (btnSaveLocalInfo) -- skipping click
  ok 194 [encore-locations] › specs\locations\location-local-information.spec.ts:156:9 › Location Local Info @locations @local-info › TC-LOC-LI: Comm Receiver -> Show SubRental (490ms)
2026-06-01 15:46:52 [12120] INFO  AutomationFramework - LocationLocalInfoPage initialized
2026-06-01 15:46:52 [12120] INFO  AutomationFramework - Unchecked: chkCompanyRemitTax
2026-06-01 15:46:52 [12120] INFO  AutomationFramework - Checkbox [chkDisplayTax] -> checked=true disabled=false
2026-06-01 15:46:52 [12120] INFO  AutomationFramework - Checked: chkCompanyRemitTax
2026-06-01 15:46:52 [12120] INFO  AutomationFramework - Save button disabled (btnSaveLocalInfo) -- skipping click
  ok 195 [encore-locations] › specs\locations\location-local-information.spec.ts:156:9 › Location Local Info @locations @local-info › TC-LOC-LI: Company Remit Tax -> Display Tax (332ms)
2026-06-01 15:46:52 [12120] INFO  AutomationFramework - LocationLocalInfoPage initialized
2026-06-01 15:46:52 [12120] INFO  AutomationFramework - Unchecked: chkIntercompany
2026-06-01 15:46:52 [12120] INFO  AutomationFramework - Checkbox [chkEnableIDCBilling] -> checked=false disabled=true
2026-06-01 15:46:52 [12120] INFO  AutomationFramework - Checked: chkIntercompany
2026-06-01 15:46:52 [12120] INFO  AutomationFramework - Save button disabled (btnSaveLocalInfo) -- skipping click
  ok 196 [encore-locations] › specs\locations\location-local-information.spec.ts:156:9 › Location Local Info @locations @local-info › TC-LOC-LI: Intercompany -> Enable IDC Billing (305ms)
2026-06-01 15:46:52 [12120] INFO  AutomationFramework - LocationLocalInfoPage initialized
2026-06-01 15:46:52 [12120] INFO  AutomationFramework - Spin [spinThreshold] -> raw="0.00%" value="0.00" disabled=true
2026-06-01 15:46:52 [12120] INFO  AutomationFramework - Checked: chkPromptForApproval
2026-06-01 15:46:52 [12120] INFO  AutomationFramework - Spin [spinThreshold] -> raw="0.00%" value="0.00" disabled=true
2026-06-01 15:46:52 [12120] INFO  AutomationFramework - Unchecked: chkAllowDPCD
2026-06-01 15:46:52 [12120] INFO  AutomationFramework - Spin [spinThreshold] -> raw="0.00%" value="0.00" disabled=false
2026-06-01 15:46:53 [12120] INFO  AutomationFramework - Unchecked: chkPromptForApproval
2026-06-01 15:46:53 [12120] INFO  AutomationFramework - Spin [spinThreshold] -> raw="0.00%" value="0.00" disabled=true
2026-06-01 15:46:53 [12120] INFO  AutomationFramework - Checked: chkPromptForApproval
2026-06-01 15:46:53 [12120] INFO  AutomationFramework - Spin [spinThreshold] -> raw="0.00%" value="0.00" disabled=false
2026-06-01 15:46:53 [12120] INFO  AutomationFramework - setSpinValue [spinThreshold]: after type, before Tab -> "50.00"
2026-06-01 15:46:53 [12120] INFO  AutomationFramework - setSpinValue [spinThreshold]: after Tab -> "5000.00%"
2026-06-01 15:46:53 [12120] INFO  AutomationFramework - Checked: chkAllowDPCD
2026-06-01 15:46:53 [12120] INFO  AutomationFramework - Spin [spinThreshold] -> raw="0.00%" value="0.00" disabled=true
2026-06-01 15:46:53 [12120] INFO  AutomationFramework - Spin [spinThreshold] -> raw="0.00%" value="0.00" disabled=true
2026-06-01 15:46:53 [12120] INFO  AutomationFramework - Unchecked: chkPromptForApproval
2026-06-01 15:46:53 [12120] INFO  AutomationFramework - Save button disabled (btnSaveLocalInfo) -- skipping click
  ok 197 [encore-locations] › specs\locations\location-local-information.spec.ts:169:7 › Location Local Info @locations @local-info › TC-LOC-LI-074: Threshold decision table -- all 4 combos + reset-to-0 on disable (1.1s)
2026-06-01 15:46:53 [12120] INFO  AutomationFramework - LocationLocalInfoPage initialized
2026-06-01 15:46:53 [12120] INFO  AutomationFramework - Checked: chkEnableMultidayPricing
2026-06-01 15:46:53 [12120] INFO  AutomationFramework - Save button enabled: true
2026-06-01 15:46:54 [12120] INFO  AutomationFramework - Save confirmation dialog appeared -- confirming
2026-06-01 15:46:55 [12120] INFO  AutomationFramework - [OK] Save complete (btnSaveLocalInfo)
2026-06-01 15:46:55 [12120] INFO  AutomationFramework - Reloading page and navigating back to Local Information
2026-06-01 15:46:56 [12120] INFO  AutomationFramework - Navigating to locations/1604/settings/location
2026-06-01 15:46:56 [12120] INFO  AutomationFramework - Navigating to: https://cloudapps-e2e.encoreglobal.com/navigator/locations/1604/settings/location
2026-06-01 15:46:56 [12120] INFO  AutomationFramework - [OK] Navigation successful: https://cloudapps-e2e.encoreglobal.com/navigator/locations/1604/settings/location
2026-06-01 15:46:58 [12120] INFO  AutomationFramework - [OK] Tab active: tabLocalInformation
2026-06-01 15:46:58 [12120] INFO  AutomationFramework - [OK] Form ready: chkApplyLDW is enabled
2026-06-01 15:46:58 [12120] INFO  AutomationFramework - Checkbox [chkEnableMultidayPricing] -> checked=true disabled=false
2026-06-01 15:46:58 [12120] INFO  AutomationFramework - Unchecked: chkEnableMultidayPricing
2026-06-01 15:46:58 [12120] INFO  AutomationFramework - Save confirmation dialog appeared -- confirming
2026-06-01 15:46:59 [12120] INFO  AutomationFramework - [OK] Save complete (btnSaveLocalInfo)
  ok 198 [encore-locations] › specs\locations\location-local-information.spec.ts:215:7 › Location Local Info @locations @local-info › TC-LOC-LI-071: Enable Multiday Pricing toggles and persists after save+reload (5.2s)
2026-06-01 15:46:59 [12120] INFO  AutomationFramework - LocationLocalInfoPage initialized
2026-06-01 15:47:00 [12120] INFO  AutomationFramework - Unchecked: chkCompanyRemitTax
2026-06-01 15:47:00 [12120] INFO  AutomationFramework - Checkbox [chkDisplayTax] -> checked=true disabled=false
2026-06-01 15:47:00 [12120] INFO  AutomationFramework - Unchecked: chkDisplayTax
2026-06-01 15:47:00 [12120] INFO  AutomationFramework - Checked: chkCompanyRemitTax
2026-06-01 15:47:00 [12120] INFO  AutomationFramework - Checkbox [chkDisplayTax] -> checked=true disabled=true
2026-06-01 15:47:00 [12120] INFO  AutomationFramework - Checkbox [chkDisplayTax] -> checked=true disabled=true
2026-06-01 15:47:00 [12120] INFO  AutomationFramework - Save button disabled (btnSaveLocalInfo) -- skipping click
  ok 199 [encore-locations] › specs\locations\location-local-information.spec.ts:231:7 › Location Local Info @locations @local-info › TC-LOC-LI-073: DisplayTax auto-sets true when CompanyRemitTax re-checked (1.5s)
2026-06-01 15:47:00 [12120] INFO  AutomationFramework - LocationLocalInfoPage initialized
2026-06-01 15:47:00 [12120] INFO  AutomationFramework - Checked: chkAllowETS
2026-06-01 15:47:00 [12120] INFO  AutomationFramework - Spin [spinETSPercentage] -> raw="23.00%" value="23.00" disabled=false
2026-06-01 15:47:00 [12120] INFO  AutomationFramework - Spin [spinETSPercentage] -> raw="23.00%" value="23.00" disabled=false
2026-06-01 15:47:00 [12120] INFO  AutomationFramework - Unchecked: chkAllowETS
2026-06-01 15:47:00 [12120] INFO  AutomationFramework - Spin [spinETSPercentage] -> raw="0.00%" value="0.00" disabled=true
2026-06-01 15:47:00 [12120] INFO  AutomationFramework - Spin [spinETSPercentage] -> raw="0.00%" value="0.00" disabled=true
2026-06-01 15:47:00 [12120] INFO  AutomationFramework - Save button disabled (btnSaveLocalInfo) -- skipping click
  ok 200 [encore-locations] › specs\locations\location-local-information.spec.ts:243:7 › Location Local Info @locations @local-info › TC-LOC-LI-077: ETS% enables with non-union default when Allow ETS checked; resets to 0 on uncheck (392ms)
2026-06-01 15:47:00 [12120] INFO  AutomationFramework - LocationLocalInfoPage initialized
2026-06-01 15:47:01 [12120] INFO  AutomationFramework - Checked: chkApplyCablesConsumablesFee
2026-06-01 15:47:01 [12120] INFO  AutomationFramework - Spin [spinCCPercentage] -> raw="0.00%" value="0.00" disabled=false
2026-06-01 15:47:01 [12120] INFO  AutomationFramework - setSpinValue [spinCCPercentage]: after type, before Tab -> "5.00"
2026-06-01 15:47:01 [12120] INFO  AutomationFramework - setSpinValue [spinCCPercentage]: after Tab -> "500.00%"
2026-06-01 15:47:01 [12120] INFO  AutomationFramework - Unchecked: chkApplyCablesConsumablesFee
2026-06-01 15:47:01 [12120] INFO  AutomationFramework - Spin [spinCCPercentage] -> raw="0.00%" value="0.00" disabled=true
2026-06-01 15:47:01 [12120] INFO  AutomationFramework - Spin [spinCCPercentage] -> raw="0.00%" value="0.00" disabled=true
2026-06-01 15:47:01 [12120] INFO  AutomationFramework - Save button disabled (btnSaveLocalInfo) -- skipping click
  ok 201 [encore-locations] › specs\locations\location-local-information.spec.ts:257:7 › Location Local Info @locations @local-info › TC-LOC-LI-075: C&C% resets to 0 when Apply C&C Fee unchecked (679ms)
2026-06-01 15:47:01 [12120] INFO  AutomationFramework - LocationLocalInfoPage initialized
2026-06-01 15:47:01 [12120] INFO  AutomationFramework - Checked: chkAllowResortTax
2026-06-01 15:47:01 [12120] INFO  AutomationFramework - Spin [spinResortTaxPercentage] -> raw="0.00%" value="0.00" disabled=false
2026-06-01 15:47:02 [12120] INFO  AutomationFramework - setSpinValue [spinResortTaxPercentage]: after type, before Tab -> "3.00"
2026-06-01 15:47:02 [12120] INFO  AutomationFramework - setSpinValue [spinResortTaxPercentage]: after Tab -> "300.00%"
2026-06-01 15:47:02 [12120] INFO  AutomationFramework - Unchecked: chkAllowResortTax
2026-06-01 15:47:02 [12120] INFO  AutomationFramework - Spin [spinResortTaxPercentage] -> raw="0.00%" value="0.00" disabled=true
2026-06-01 15:47:02 [12120] INFO  AutomationFramework - Spin [spinResortTaxPercentage] -> raw="0.00%" value="0.00" disabled=true
2026-06-01 15:47:02 [12120] INFO  AutomationFramework - Save button disabled (btnSaveLocalInfo) -- skipping click
  ok 202 [encore-locations] › specs\locations\location-local-information.spec.ts:269:7 › Location Local Info @locations @local-info › TC-LOC-LI-076: ResortTax% resets to 0 when Allow Resort Tax unchecked (708ms)
2026-06-01 15:47:02 [12120] INFO  AutomationFramework - LocationLocalInfoPage initialized
2026-06-01 15:47:02 [12120] INFO  AutomationFramework - Checked: chkEnableIDCBilling
2026-06-01 15:47:02 [12120] INFO  AutomationFramework - Save confirmation dialog appeared -- confirming
2026-06-01 15:47:04 [12120] INFO  AutomationFramework - [OK] Save complete (btnSaveLocalInfo)
2026-06-01 15:47:04 [12120] INFO  AutomationFramework - Reloading page and navigating back to Local Information
2026-06-01 15:47:04 [12120] INFO  AutomationFramework - Navigating to locations/1604/settings/location
2026-06-01 15:47:04 [12120] INFO  AutomationFramework - Navigating to: https://cloudapps-e2e.encoreglobal.com/navigator/locations/1604/settings/location
2026-06-01 15:47:05 [12120] INFO  AutomationFramework - [OK] Navigation successful: https://cloudapps-e2e.encoreglobal.com/navigator/locations/1604/settings/location
2026-06-01 15:47:06 [12120] INFO  AutomationFramework - [OK] Tab active: tabLocalInformation
2026-06-01 15:47:06 [12120] INFO  AutomationFramework - [OK] Form ready: chkApplyLDW is enabled
2026-06-01 15:47:06 [12120] INFO  AutomationFramework - Checkbox [chkEnableIDCBilling] -> checked=true disabled=false
2026-06-01 15:47:06 [12120] INFO  AutomationFramework - Unchecked: chkEnableIDCBilling
2026-06-01 15:47:06 [12120] INFO  AutomationFramework - Save confirmation dialog appeared -- confirming
2026-06-01 15:47:07 [12120] INFO  AutomationFramework - [OK] Save complete (btnSaveLocalInfo)
  ok 203 [encore-locations] › specs\locations\location-local-information.spec.ts:281:7 › Location Local Info @locations @local-info › TC-LOC-LI-072: Enable IDC Billing persists after save+reload (4.9s)
2026-06-01 15:47:07 [12120] INFO  AutomationFramework - LocationLocalInfoPage initialized
2026-06-01 15:47:08 [12120] INFO  AutomationFramework - setSpinValue [spinLDWPercentage]: after type, before Tab -> "0.10"
2026-06-01 15:47:08 [12120] INFO  AutomationFramework - setSpinValue [spinLDWPercentage]: after Tab -> "10.00%"
2026-06-01 15:47:08 [12120] INFO  AutomationFramework - Save confirmation dialog appeared -- confirming
2026-06-01 15:47:09 [12120] INFO  AutomationFramework - [OK] Save complete (btnSaveLocalInfo)
2026-06-01 15:47:09 [12120] INFO  AutomationFramework - Reloading page and navigating back to Local Information
2026-06-01 15:47:09 [12120] INFO  AutomationFramework - Navigating to locations/1604/settings/location
2026-06-01 15:47:09 [12120] INFO  AutomationFramework - Navigating to: https://cloudapps-e2e.encoreglobal.com/navigator/locations/1604/settings/location
2026-06-01 15:47:10 [12120] INFO  AutomationFramework - [OK] Navigation successful: https://cloudapps-e2e.encoreglobal.com/navigator/locations/1604/settings/location
2026-06-01 15:47:11 [12120] INFO  AutomationFramework - [OK] Tab active: tabLocalInformation
2026-06-01 15:47:11 [12120] INFO  AutomationFramework - Spin [spinLDWPercentage] -> raw="10.00%" value="10.00" disabled=false
2026-06-01 15:47:11 [12120] INFO  AutomationFramework - Validation error "Number must be" visible: false
2026-06-01 15:47:11 [12120] INFO  AutomationFramework - setSpinValue [spinLDWPercentage]: after type, before Tab -> "0.04"
2026-06-01 15:47:11 [12120] INFO  AutomationFramework - setSpinValue [spinLDWPercentage]: after Tab -> "4.00%"
2026-06-01 15:47:12 [12120] INFO  AutomationFramework - Save confirmation dialog appeared -- confirming
2026-06-01 15:47:12 [12120] INFO  AutomationFramework - [OK] Save complete (btnSaveLocalInfo)
  ok 204 [encore-locations] › specs\locations\location-local-information.spec.ts:294:9 › Location Local Info @locations @local-info › TC-LOC-LI: LDW% = 0.10 (valid min (10%)) (5.3s)
2026-06-01 15:47:12 [12120] INFO  AutomationFramework - LocationLocalInfoPage initialized
2026-06-01 15:47:13 [12120] INFO  AutomationFramework - setSpinValue [spinLDWPercentage]: after type, before Tab -> "0.50"
2026-06-01 15:47:13 [12120] INFO  AutomationFramework - setSpinValue [spinLDWPercentage]: after Tab -> "50.00%"
2026-06-01 15:47:14 [12120] INFO  AutomationFramework - Save confirmation dialog appeared -- confirming
2026-06-01 15:47:15 [12120] INFO  AutomationFramework - [OK] Save complete (btnSaveLocalInfo)
2026-06-01 15:47:15 [12120] INFO  AutomationFramework - Reloading page and navigating back to Local Information
2026-06-01 15:47:15 [12120] INFO  AutomationFramework - Navigating to locations/1604/settings/location
2026-06-01 15:47:15 [12120] INFO  AutomationFramework - Navigating to: https://cloudapps-e2e.encoreglobal.com/navigator/locations/1604/settings/location
2026-06-01 15:47:16 [12120] INFO  AutomationFramework - [OK] Navigation successful: https://cloudapps-e2e.encoreglobal.com/navigator/locations/1604/settings/location
2026-06-01 15:47:17 [12120] INFO  AutomationFramework - [OK] Tab active: tabLocalInformation
2026-06-01 15:47:17 [12120] INFO  AutomationFramework - Spin [spinLDWPercentage] -> raw="50.00%" value="50.00" disabled=false
2026-06-01 15:47:17 [12120] INFO  AutomationFramework - Validation error "Number must be" visible: false
2026-06-01 15:47:18 [12120] INFO  AutomationFramework - setSpinValue [spinLDWPercentage]: after type, before Tab -> "0.04"
2026-06-01 15:47:18 [12120] INFO  AutomationFramework - setSpinValue [spinLDWPercentage]: after Tab -> "4.00%"
2026-06-01 15:47:18 [12120] INFO  AutomationFramework - Save confirmation dialog appeared -- confirming
2026-06-01 15:47:18 [12120] INFO  AutomationFramework - [OK] Save complete (btnSaveLocalInfo)
  ok 205 [encore-locations] › specs\locations\location-local-information.spec.ts:294:9 › Location Local Info @locations @local-info › TC-LOC-LI: LDW% = 0.50 (valid mid (50%)) (6.2s)
2026-06-01 15:47:18 [12120] INFO  AutomationFramework - LocationLocalInfoPage initialized
2026-06-01 15:47:19 [12120] INFO  AutomationFramework - setSpinValue [spinLDWPercentage]: after type, before Tab -> "0.99"
2026-06-01 15:47:19 [12120] INFO  AutomationFramework - setSpinValue [spinLDWPercentage]: after Tab -> "99.00%"
2026-06-01 15:47:19 [12120] INFO  AutomationFramework - Save confirmation dialog appeared -- confirming
2026-06-01 15:47:20 [12120] INFO  AutomationFramework - [OK] Save complete (btnSaveLocalInfo)
2026-06-01 15:47:20 [12120] INFO  AutomationFramework - Reloading page and navigating back to Local Information
2026-06-01 15:47:21 [12120] INFO  AutomationFramework - Navigating to locations/1604/settings/location
2026-06-01 15:47:21 [12120] INFO  AutomationFramework - Navigating to: https://cloudapps-e2e.encoreglobal.com/navigator/locations/1604/settings/location
2026-06-01 15:47:22 [12120] INFO  AutomationFramework - [OK] Navigation successful: https://cloudapps-e2e.encoreglobal.com/navigator/locations/1604/settings/location
2026-06-01 15:47:23 [12120] INFO  AutomationFramework - [OK] Tab active: tabLocalInformation
2026-06-01 15:47:23 [12120] INFO  AutomationFramework - Spin [spinLDWPercentage] -> raw="99.00%" value="99.00" disabled=false
2026-06-01 15:47:23 [12120] INFO  AutomationFramework - Validation error "Number must be" visible: false
2026-06-01 15:47:24 [12120] INFO  AutomationFramework - setSpinValue [spinLDWPercentage]: after type, before Tab -> "0.04"
2026-06-01 15:47:24 [12120] INFO  AutomationFramework - setSpinValue [spinLDWPercentage]: after Tab -> "4.00%"
2026-06-01 15:47:24 [12120] INFO  AutomationFramework - Save confirmation dialog appeared -- confirming
2026-06-01 15:47:25 [12120] INFO  AutomationFramework - [OK] Save complete (btnSaveLocalInfo)
  ok 206 [encore-locations] › specs\locations\location-local-information.spec.ts:294:9 › Location Local Info @locations @local-info › TC-LOC-LI: LDW% = 0.99 (valid near max (99%)) (6.9s)
2026-06-01 15:47:25 [12120] INFO  AutomationFramework - LocationLocalInfoPage initialized
2026-06-01 15:47:26 [12120] INFO  AutomationFramework - setSpinValue [spinLDWPercentage]: after type, before Tab -> "1.00"
2026-06-01 15:47:26 [12120] INFO  AutomationFramework - setSpinValue [spinLDWPercentage]: after Tab -> "100.00%"
2026-06-01 15:47:26 [12120] INFO  AutomationFramework - Save confirmation dialog appeared -- confirming
2026-06-01 15:47:27 [12120] INFO  AutomationFramework - [OK] Save complete (btnSaveLocalInfo)
2026-06-01 15:47:27 [12120] INFO  AutomationFramework - Reloading page and navigating back to Local Information
2026-06-01 15:47:28 [12120] INFO  AutomationFramework - Navigating to locations/1604/settings/location
2026-06-01 15:47:28 [12120] INFO  AutomationFramework - Navigating to: https://cloudapps-e2e.encoreglobal.com/navigator/locations/1604/settings/location
2026-06-01 15:47:28 [12120] INFO  AutomationFramework - [OK] Navigation successful: https://cloudapps-e2e.encoreglobal.com/navigator/locations/1604/settings/location
2026-06-01 15:47:30 [12120] INFO  AutomationFramework - [OK] Tab active: tabLocalInformation
2026-06-01 15:47:30 [12120] INFO  AutomationFramework - Spin [spinLDWPercentage] -> raw="100.00%" value="100.00" disabled=false
2026-06-01 15:47:30 [12120] INFO  AutomationFramework - Validation error "Number must be" visible: false
2026-06-01 15:47:30 [12120] INFO  AutomationFramework - setSpinValue [spinLDWPercentage]: after type, before Tab -> "0.04"
2026-06-01 15:47:30 [12120] INFO  AutomationFramework - setSpinValue [spinLDWPercentage]: after Tab -> "4.00%"
2026-06-01 15:47:30 [12120] INFO  AutomationFramework - Save confirmation dialog appeared -- confirming
2026-06-01 15:47:31 [12120] INFO  AutomationFramework - [OK] Save complete (btnSaveLocalInfo)
  ok 207 [encore-locations] › specs\locations\location-local-information.spec.ts:294:9 › Location Local Info @locations @local-info › TC-LOC-LI: LDW% = 1.00 (valid max (100%)) (5.7s)
2026-06-01 15:47:31 [12120] INFO  AutomationFramework - LocationLocalInfoPage initialized
2026-06-01 15:47:33 [12120] INFO  AutomationFramework - setSpinValue [spinLDWPercentage]: after type, before Tab -> "-0.01"
2026-06-01 15:47:33 [12120] INFO  AutomationFramework - setSpinValue [spinLDWPercentage]: after Tab -> "-1.00%"
2026-06-01 15:47:33 [12120] INFO  AutomationFramework - Validation error "Number must be" visible: false
2026-06-01 15:47:33 [12120] INFO  AutomationFramework - Save button enabled: false
2026-06-01 15:47:33 [12120] INFO  AutomationFramework - setSpinValue [spinLDWPercentage]: after type, before Tab -> "0.04"
2026-06-01 15:47:33 [12120] INFO  AutomationFramework - setSpinValue [spinLDWPercentage]: after Tab -> "4.00%"
2026-06-01 15:47:33 [12120] INFO  AutomationFramework - Save button disabled (btnSaveLocalInfo) -- skipping click
  ok 208 [encore-locations] › specs\locations\location-local-information.spec.ts:294:9 › Location Local Info @locations @local-info › TC-LOC-LI: LDW% = -0.01 (invalid negative (-0.01)) (2.4s)
2026-06-01 15:47:33 [12120] INFO  AutomationFramework - LocationLocalInfoPage initialized
2026-06-01 15:47:34 [12120] INFO  AutomationFramework - setSpinValue [spinLDWPercentage]: after type, before Tab -> "-0.05"
2026-06-01 15:47:34 [12120] INFO  AutomationFramework - setSpinValue [spinLDWPercentage]: after Tab -> "-5.00%"
2026-06-01 15:47:34 [12120] INFO  AutomationFramework - Validation error "Number must be" visible: false
2026-06-01 15:47:34 [12120] INFO  AutomationFramework - Save button enabled: false
2026-06-01 15:47:34 [12120] INFO  AutomationFramework - setSpinValue [spinLDWPercentage]: after type, before Tab -> "0.04"
2026-06-01 15:47:34 [12120] INFO  AutomationFramework - setSpinValue [spinLDWPercentage]: after Tab -> "4.00%"
2026-06-01 15:47:35 [12120] INFO  AutomationFramework - Save button disabled (btnSaveLocalInfo) -- skipping click
  ok 209 [encore-locations] › specs\locations\location-local-information.spec.ts:294:9 › Location Local Info @locations @local-info › TC-LOC-LI: LDW% = -0.05 (invalid far below (-0.05)) (1.1s)
2026-06-01 15:47:35 [12120] INFO  AutomationFramework - LocationLocalInfoPage initialized
2026-06-01 15:47:35 [12120] INFO  AutomationFramework - setSpinValue [spinLDWPercentage]: after type, before Tab -> "1.01"
2026-06-01 15:47:35 [12120] INFO  AutomationFramework - setSpinValue [spinLDWPercentage]: after Tab -> "101.00%"
2026-06-01 15:47:35 [12120] INFO  AutomationFramework - Validation error "Number must be" visible: false
2026-06-01 15:47:35 [12120] INFO  AutomationFramework - Save button enabled: false
2026-06-01 15:47:35 [12120] INFO  AutomationFramework - setSpinValue [spinLDWPercentage]: after type, before Tab -> "0.04"
2026-06-01 15:47:35 [12120] INFO  AutomationFramework - setSpinValue [spinLDWPercentage]: after Tab -> "4.00%"
2026-06-01 15:47:35 [12120] INFO  AutomationFramework - Save button disabled (btnSaveLocalInfo) -- skipping click
  ok 210 [encore-locations] › specs\locations\location-local-information.spec.ts:294:9 › Location Local Info @locations @local-info › TC-LOC-LI: LDW% = 1.01 (invalid above max (1.01)) (800ms)
2026-06-01 15:47:35 [12120] INFO  AutomationFramework - LocationLocalInfoPage initialized
2026-06-01 15:47:36 [12120] INFO  AutomationFramework - setSpinValue [spinLDWPercentage]: after type, before Tab -> "1.5"
2026-06-01 15:47:36 [12120] INFO  AutomationFramework - setSpinValue [spinLDWPercentage]: after Tab -> "150.00%"
2026-06-01 15:47:36 [12120] INFO  AutomationFramework - Validation error "Number must be" visible: false
2026-06-01 15:47:36 [12120] INFO  AutomationFramework - Save button enabled: false
2026-06-01 15:47:36 [12120] INFO  AutomationFramework - setSpinValue [spinLDWPercentage]: after type, before Tab -> "0.04"
2026-06-01 15:47:36 [12120] INFO  AutomationFramework - setSpinValue [spinLDWPercentage]: after Tab -> "4.00%"
2026-06-01 15:47:36 [12120] INFO  AutomationFramework - Save button disabled (btnSaveLocalInfo) -- skipping click
  ok 211 [encore-locations] › specs\locations\location-local-information.spec.ts:294:9 › Location Local Info @locations @local-info › TC-LOC-LI: LDW% = 1.5 (invalid far above (1.5)) (670ms)
2026-06-01 15:47:36 [12120] INFO  AutomationFramework - LocationLocalInfoPage initialized
2026-06-01 15:47:36 [12120] INFO  AutomationFramework - Filled [txtOracleProduct] = "AAAAAAAAAAAAAAAAAAAAAAAAAAAAAA"
2026-06-01 15:47:36 [12120] INFO  AutomationFramework - Filled [txtOracleProduct] = "0000"
2026-06-01 15:47:36 [12120] INFO  AutomationFramework - Save button disabled (btnSaveLocalInfo) -- skipping click
  ok 212 [encore-locations] › specs\locations\location-local-information.spec.ts:307:9 › Location Local Info @locations @local-info › TC-LOC-LI: txtOracleProduct maxLength=25 (407ms)
2026-06-01 15:47:36 [12120] INFO  AutomationFramework - LocationLocalInfoPage initialized
2026-06-01 15:47:37 [12120] INFO  AutomationFramework - Filled [txtOracleDepartment] = "AAAAAAAAAAAAAAAAAAAAAAAAAAAAAA"
2026-06-01 15:47:37 [12120] INFO  AutomationFramework - Filled [txtOracleDepartment] = "900"
2026-06-01 15:47:37 [12120] INFO  AutomationFramework - Save button disabled (btnSaveLocalInfo) -- skipping click
  ok 213 [encore-locations] › specs\locations\location-local-information.spec.ts:307:9 › Location Local Info @locations @local-info › TC-LOC-LI: txtOracleDepartment maxLength=25 (341ms)
2026-06-01 15:47:37 [12120] INFO  AutomationFramework - LocationLocalInfoPage initialized
2026-06-01 15:47:37 [12120] INFO  AutomationFramework - Unchecked: chkTickerCalc
2026-06-01 15:47:37 [12120] INFO  AutomationFramework - Save button enabled: true
2026-06-01 15:47:37 [12120] INFO  AutomationFramework - Checked: chkTickerCalc
2026-06-01 15:47:37 [12120] INFO  AutomationFramework - Checked: chkShowServiceChargeAsAdministrativeFee
2026-06-01 15:47:37 [12120] INFO  AutomationFramework - Checked: chkCalculateServiceChargeOnNetAmount
2026-06-01 15:47:37 [12120] INFO  AutomationFramework - Checkbox [chkShowServiceChargeAsAdministrativeFee] -> checked=true disabled=false
2026-06-01 15:47:37 [12120] INFO  AutomationFramework - Checkbox [chkCalculateServiceChargeOnNetAmount] -> checked=true disabled=false
2026-06-01 15:47:37 [12120] INFO  AutomationFramework - Unchecked: chkShowServiceChargeAsAdministrativeFee
2026-06-01 15:47:37 [12120] INFO  AutomationFramework - Unchecked: chkCalculateServiceChargeOnNetAmount
2026-06-01 15:47:37 [12120] INFO  AutomationFramework - Save button disabled (btnSaveLocalInfo) -- skipping click
  ok 214 [encore-locations] › specs\locations\location-local-information.spec.ts:314:7 › Location Local Info @locations @local-info › TC-LOC-LI-064/065: Ticker Calc + Service Charge group -- toggle and restore (649ms)
2026-06-01 15:47:37 [12120] INFO  AutomationFramework - LocationLocalInfoPage initialized
2026-06-01 15:47:38 [12120] INFO  AutomationFramework - Selected Billing Type: Direct
2026-06-01 15:47:38 [12120] INFO  AutomationFramework - Save button enabled: true
2026-06-01 15:47:38 [12120] INFO  AutomationFramework - Save confirmation dialog appeared -- confirming
2026-06-01 15:47:39 [12120] INFO  AutomationFramework - [OK] Save complete (btnSaveLocalInfo)
2026-06-01 15:47:39 [12120] INFO  AutomationFramework - Reloading page and navigating back to Local Information
2026-06-01 15:47:40 [12120] INFO  AutomationFramework - Navigating to locations/1604/settings/location
2026-06-01 15:47:40 [12120] INFO  AutomationFramework - Navigating to: https://cloudapps-e2e.encoreglobal.com/navigator/locations/1604/settings/location
2026-06-01 15:47:40 [12120] INFO  AutomationFramework - [OK] Navigation successful: https://cloudapps-e2e.encoreglobal.com/navigator/locations/1604/settings/location
2026-06-01 15:47:42 [12120] INFO  AutomationFramework - [OK] Tab active: tabLocalInformation
2026-06-01 15:47:42 [12120] INFO  AutomationFramework - Selected Billing Type: Master
2026-06-01 15:47:42 [12120] INFO  AutomationFramework - Save confirmation dialog appeared -- confirming
2026-06-01 15:47:43 [12120] INFO  AutomationFramework - [OK] Save complete (btnSaveLocalInfo)
  ok 215 [encore-locations] › specs\locations\location-local-information.spec.ts:331:7 › Location Local Info @locations @local-info › TC-LOC-LI-025: Billing Type radio -- Direct persists, restored to Master (5.2s)
2026-06-01 15:47:43 [12120] INFO  AutomationFramework - LocationLocalInfoPage initialized
2026-06-01 15:47:44 [12120] INFO  AutomationFramework - Filled [txtOracleProduct] = "PROD001"
2026-06-01 15:47:44 [12120] INFO  AutomationFramework - Save confirmation dialog appeared -- confirming
2026-06-01 15:47:46 [12120] INFO  AutomationFramework - [OK] Save complete (btnSaveLocalInfo)
2026-06-01 15:47:46 [12120] INFO  AutomationFramework - Reloading page and navigating back to Local Information
2026-06-01 15:47:46 [12120] INFO  AutomationFramework - Navigating to locations/1604/settings/location
2026-06-01 15:47:46 [12120] INFO  AutomationFramework - Navigating to: https://cloudapps-e2e.encoreglobal.com/navigator/locations/1604/settings/location
2026-06-01 15:47:46 [12120] INFO  AutomationFramework - [OK] Navigation successful: https://cloudapps-e2e.encoreglobal.com/navigator/locations/1604/settings/location
2026-06-01 15:47:48 [12120] INFO  AutomationFramework - [OK] Tab active: tabLocalInformation
2026-06-01 15:47:48 [12120] INFO  AutomationFramework - Filled [txtOracleProduct] = "0000"
2026-06-01 15:47:48 [12120] INFO  AutomationFramework - Checked: chkCalculateLDWonNetAmount
2026-06-01 15:47:48 [12120] INFO  AutomationFramework - Save confirmation dialog appeared -- confirming
2026-06-01 15:47:49 [12120] INFO  AutomationFramework - [OK] Save complete (btnSaveLocalInfo)
2026-06-01 15:47:49 [12120] INFO  AutomationFramework - Reloading page and navigating back to Local Information
2026-06-01 15:47:49 [12120] INFO  AutomationFramework - Navigating to locations/1604/settings/location
2026-06-01 15:47:49 [12120] INFO  AutomationFramework - Navigating to: https://cloudapps-e2e.encoreglobal.com/navigator/locations/1604/settings/location
2026-06-01 15:47:50 [12120] INFO  AutomationFramework - [OK] Navigation successful: https://cloudapps-e2e.encoreglobal.com/navigator/locations/1604/settings/location
2026-06-01 15:47:51 [12120] INFO  AutomationFramework - [OK] Tab active: tabLocalInformation
2026-06-01 15:47:51 [12120] INFO  AutomationFramework - Checkbox [chkCalculateLDWonNetAmount] -> checked=true disabled=false
2026-06-01 15:47:51 [12120] INFO  AutomationFramework - Unchecked: chkCalculateLDWonNetAmount
2026-06-01 15:47:51 [12120] INFO  AutomationFramework - Save confirmation dialog appeared -- confirming
2026-06-01 15:47:52 [12120] INFO  AutomationFramework - [OK] Save complete (btnSaveLocalInfo)
  ok 216 [encore-locations] › specs\locations\location-local-information.spec.ts:346:7 › Location Local Info @locations @local-info › TC-LOC-LI-021/029: Oracle Product valid input + Calculate LDW Net Amount toggle persist (9.3s)
2026-06-01 15:47:52 [12120] INFO  AutomationFramework - LocationLocalInfoPage initialized
2026-06-01 15:47:52 [12120] INFO  AutomationFramework - Checkbox [chkSuppressDayRateDiscount] -> checked=false disabled=true
2026-06-01 15:47:52 [12120] INFO  AutomationFramework - Checkbox [chkCompassIntegration] -> checked=true disabled=true
2026-06-01 15:47:52 [12120] INFO  AutomationFramework - Checkbox [chkDisplayTax] -> checked=true disabled=true
2026-06-01 15:47:52 [12120] INFO  AutomationFramework - Checkbox [chkEnableJobCosting] -> checked=true disabled=true
2026-06-01 15:47:52 [12120] INFO  AutomationFramework - Checkbox [chkUseESignature] -> checked=true disabled=true
2026-06-01 15:47:52 [12120] INFO  AutomationFramework - Checkbox [chkEnableProductGroup] -> checked=false disabled=true
2026-06-01 15:47:52 [12120] INFO  AutomationFramework - Checkbox [chkEnableDiscountGuidance] -> checked=true disabled=true
2026-06-01 15:47:52 [12120] INFO  AutomationFramework - Checkbox disabled states: 7 checked, 0 failures
2026-06-01 15:47:52 [12120] INFO  AutomationFramework - Checkbox [chkSuppressDayRateDiscount] -> checked=false disabled=true
2026-06-01 15:47:52 [12120] INFO  AutomationFramework - Checkbox [chkCompassIntegration] -> checked=true disabled=true
2026-06-01 15:47:52 [12120] INFO  AutomationFramework - Checkbox [chkDisplayTax] -> checked=true disabled=true
2026-06-01 15:47:52 [12120] INFO  AutomationFramework - Checkbox [chkEnableJobCosting] -> checked=true disabled=true
2026-06-01 15:47:52 [12120] INFO  AutomationFramework - Checkbox [chkUseESignature] -> checked=true disabled=true
2026-06-01 15:47:52 [12120] INFO  AutomationFramework - Checkbox [chkEnableProductGroup] -> checked=false disabled=true
2026-06-01 15:47:52 [12120] INFO  AutomationFramework - Checkbox [chkEnableDiscountGuidance] -> checked=true disabled=true
2026-06-01 15:47:52 [12120] INFO  AutomationFramework - Checkbox defaults: 7 checked, 0 failures
  ok 217 [encore-locations] › specs\locations\location-local-information.spec.ts:363:7 › Location Local Info @locations @local-info › TC-LOC-LI-026: Disabled checkbox states persist after save (288ms)
2026-06-01 15:47:52 [12120] INFO  AutomationFramework - LocationLocalInfoPage initialized
2026-06-01 15:47:52 [12120] INFO  AutomationFramework - Save button enabled: false
2026-06-01 15:47:53 [12120] INFO  AutomationFramework - Toggled chkWarehouseBilling: false -> true
2026-06-01 15:47:53 [12120] INFO  AutomationFramework - Save button enabled: true
2026-06-01 15:47:53 [12120] INFO  AutomationFramework - Toggled chkWarehouseBilling: true -> false
2026-06-01 15:47:53 [12120] INFO  AutomationFramework - setSpinValue [spinLDWPercentage]: after type, before Tab -> "0.50"
2026-06-01 15:47:53 [12120] INFO  AutomationFramework - setSpinValue [spinLDWPercentage]: after Tab -> "50.00%"
2026-06-01 15:47:53 [12120] INFO  AutomationFramework - Save button enabled: true
2026-06-01 15:47:53 [12120] INFO  AutomationFramework - setSpinValue [spinLDWPercentage]: after type, before Tab -> "0.04"
2026-06-01 15:47:53 [12120] INFO  AutomationFramework - setSpinValue [spinLDWPercentage]: after Tab -> "4.00%"
2026-06-01 15:47:54 [12120] INFO  AutomationFramework - Filled [txtOracleProduct] = "CHG"
2026-06-01 15:47:54 [12120] INFO  AutomationFramework - Save button enabled: true
2026-06-01 15:47:54 [12120] INFO  AutomationFramework - Filled [txtOracleProduct] = "0000"
2026-06-01 15:47:54 [12120] INFO  AutomationFramework - Save button disabled (btnSaveLocalInfo) -- skipping click
  ok 218 [encore-locations] › specs\locations\location-local-information.spec.ts:374:7 › Location Local Info @locations @local-info › TC-LOC-LI-045: All field types trigger Save enable (1.6s)
2026-06-01 15:47:54 [12120] INFO  AutomationFramework - LocationLocalInfoPage initialized
2026-06-01 15:47:54 [12120] INFO  AutomationFramework - getCheckboxLabel [chkApplyLDW] -> "Apply LDW"
2026-06-01 15:47:54 [12120] INFO  AutomationFramework - getCheckboxLabel [chkSkipBilling] -> "Skip Billing"
2026-06-01 15:47:54 [12120] INFO  AutomationFramework - getCheckboxLabel [chkWarehouseBilling] -> "Warehouse Billing"
2026-06-01 15:47:54 [12120] INFO  AutomationFramework - getCheckboxLabel [chkCommReceiver] -> "Comm Receiver"
2026-06-01 15:47:54 [12120] INFO  AutomationFramework - getCheckboxLabel [chkAllowDPCD] -> "Allow DPCD"
2026-06-01 15:47:54 [12120] INFO  AutomationFramework - getCheckboxLabel [chkEnableMultidayPricing] -> "Enable Multiday Pricing"
  ok 219 [encore-locations] › specs\locations\location-local-information.spec.ts:394:7 › Location Local Info @locations @local-info › TC-LOC-LI-067: Checkbox labels display correct visible text (150ms)
2026-06-01 15:47:54 [12120] INFO  AutomationFramework - LocationLocalInfoPage initialized
2026-06-01 15:47:54 [12120] INFO  AutomationFramework - Filled [txtOracleProduct] = "TEST@#$%&*()"
2026-06-01 15:47:54 [12120] INFO  AutomationFramework - Save confirmation dialog appeared -- confirming
2026-06-01 15:47:55 [12120] INFO  AutomationFramework - [OK] Save complete (btnSaveLocalInfo)
2026-06-01 15:47:55 [12120] INFO  AutomationFramework - Reloading page and navigating back to Local Information
2026-06-01 15:47:56 [12120] INFO  AutomationFramework - Navigating to locations/1604/settings/location
2026-06-01 15:47:56 [12120] INFO  AutomationFramework - Navigating to: https://cloudapps-e2e.encoreglobal.com/navigator/locations/1604/settings/location
2026-06-01 15:47:57 [12120] INFO  AutomationFramework - [OK] Navigation successful: https://cloudapps-e2e.encoreglobal.com/navigator/locations/1604/settings/location
2026-06-01 15:47:58 [12120] INFO  AutomationFramework - [OK] Tab active: tabLocalInformation
2026-06-01 15:47:58 [12120] INFO  AutomationFramework - Filled [txtOracleProduct] = "0000"
2026-06-01 15:47:58 [12120] INFO  AutomationFramework - Save confirmation dialog appeared -- confirming
2026-06-01 15:47:59 [12120] INFO  AutomationFramework - [OK] Save complete (btnSaveLocalInfo)
  ok 220 [encore-locations] › specs\locations\location-local-information.spec.ts:408:7 › Location Local Info @locations @local-info › TC-LOC-LI-068: Oracle Product accepts special characters; value persists (4.8s)
2026-06-01 15:47:59 [12120] INFO  AutomationFramework - LocationLocalInfoPage initialized
2026-06-01 15:48:00 [12120] INFO  AutomationFramework - Filled [txtOracleDepartment] = "DEPT001"
2026-06-01 15:48:00 [12120] INFO  AutomationFramework - Save confirmation dialog appeared -- confirming
2026-06-01 15:48:01 [12120] INFO  AutomationFramework - [OK] Save complete (btnSaveLocalInfo)
2026-06-01 15:48:01 [12120] INFO  AutomationFramework - Reloading page and navigating back to Local Information
2026-06-01 15:48:01 [12120] INFO  AutomationFramework - Navigating to locations/1604/settings/location
2026-06-01 15:48:01 [12120] INFO  AutomationFramework - Navigating to: https://cloudapps-e2e.encoreglobal.com/navigator/locations/1604/settings/location
2026-06-01 15:48:02 [12120] INFO  AutomationFramework - [OK] Navigation successful: https://cloudapps-e2e.encoreglobal.com/navigator/locations/1604/settings/location
2026-06-01 15:48:03 [12120] INFO  AutomationFramework - [OK] Tab active: tabLocalInformation
2026-06-01 15:48:03 [12120] INFO  AutomationFramework - Filled [txtOracleDepartment] = "900"
2026-06-01 15:48:04 [12120] INFO  AutomationFramework - Save confirmation dialog appeared -- confirming
2026-06-01 15:48:04 [12120] INFO  AutomationFramework - [OK] Save complete (btnSaveLocalInfo)
  ok 221 [encore-locations] › specs\locations\location-local-information.spec.ts:422:7 › Location Local Info @locations @local-info › TC-LOC-LI-069: Oracle Department alphanumeric value persists after save (5.1s)
2026-06-01 15:48:04 [12120] INFO  AutomationFramework - LocationLocalInfoPage initialized
2026-06-01 15:48:05 [12120] INFO  AutomationFramework - [OK] Form ready: chkSkipBilling is enabled
2026-06-01 15:48:05 [12120] INFO  AutomationFramework - Checkbox [chkSkipBilling] -> checked=false disabled=false
2026-06-01 15:48:05 [12120] INFO  AutomationFramework - Checked: chkSkipBilling
2026-06-01 15:48:05 [12120] INFO  AutomationFramework - Save confirmation dialog appeared -- confirming
2026-06-01 15:48:05 [12120] INFO  AutomationFramework - [OK] Save complete (btnSaveLocalInfo)
2026-06-01 15:48:05 [12120] INFO  AutomationFramework - Reloading page and navigating back to Local Information
2026-06-01 15:48:06 [12120] INFO  AutomationFramework - Navigating to locations/1604/settings/location
2026-06-01 15:48:06 [12120] INFO  AutomationFramework - Navigating to: https://cloudapps-e2e.encoreglobal.com/navigator/locations/1604/settings/location
2026-06-01 15:48:06 [12120] INFO  AutomationFramework - [OK] Navigation successful: https://cloudapps-e2e.encoreglobal.com/navigator/locations/1604/settings/location
2026-06-01 15:48:08 [12120] INFO  AutomationFramework - [OK] Tab active: tabLocalInformation
2026-06-01 15:48:08 [12120] INFO  AutomationFramework - [OK] Form ready: chkSkipBilling is enabled
2026-06-01 15:48:08 [12120] INFO  AutomationFramework - Checkbox [chkSkipBilling] -> checked=true disabled=false
2026-06-01 15:48:08 [12120] INFO  AutomationFramework - [OK] Form ready: chkSkipBilling is enabled
2026-06-01 15:48:08 [12120] INFO  AutomationFramework - Checkbox [chkSkipBilling] -> checked=true disabled=false
2026-06-01 15:48:08 [12120] INFO  AutomationFramework - Unchecked: chkSkipBilling
2026-06-01 15:48:08 [12120] INFO  AutomationFramework - Save confirmation dialog appeared -- confirming
2026-06-01 15:48:08 [12120] INFO  AutomationFramework - [OK] Save complete (btnSaveLocalInfo)
  ok 222 [encore-locations] › specs\locations\location-local-information.spec.ts:436:7 › Location Local Info @locations @local-info › TC-LOC-LI-SKIP-BILLING: Skip Billing toggle persists after save+reload (4.5s)
  ok 223 [encore-locations] › specs\locations\location-management-history.spec.ts:45:7 › Location Management History @locations @management-history › TC-LOC-MGH-001: Tab renders and DataTable loads (2.1s)
  ok 224 [encore-locations] › specs\locations\location-management-history.spec.ts:53:7 › Location Management History @locations @management-history › TC-LOC-MGH-002: All 87 column headers present (115ms)
  ok 225 [encore-locations] › specs\locations\location-management-history.spec.ts:62:7 › Location Management History @locations @management-history › TC-LOC-MGH-003: Default rows per page is 20 (102ms)
  ok 226 [encore-locations] › specs\locations\location-management-history.spec.ts:68:7 › Location Management History @locations @management-history › TC-LOC-MGH-004: Rows per page dropdown options (296ms)
  ok 227 [encore-locations] › specs\locations\location-management-history.spec.ts:74:7 › Location Management History @locations @management-history › TC-LOC-MGH-005: Change rows per page updates table display (1.7s)
  -  228 [encore-locations] › specs\locations\location-management-history.spec.ts:83:7 › Location Management History @locations @management-history › TC-LOC-MGH-006: Pagination controls disabled when only one page
  -  229 [encore-locations] › specs\locations\location-management-history.spec.ts:88:7 › Location Management History @locations @management-history › TC-LOC-MGH-007: Empty state message for location with no history
  ok 230 [encore-locations] › specs\locations\location-management-history.spec.ts:96:7 › Location Management History @locations @management-history › TC-LOC-MGH-008: Data row renders with correct values (location 1604) (403ms)
  ok 231 [encore-locations] › specs\locations\location-management-history.spec.ts:118:7 › Location Management History @locations @management-history › TC-LOC-MGH-009: Sort ascending on sortable column (1.5s)
  ok 232 [encore-locations] › specs\locations\location-management-history.spec.ts:134:7 › Location Management History @locations @management-history › TC-LOC-MGH-010: Sort descending by toggling same column (1.9s)
  ok 233 [encore-locations] › specs\locations\location-management-history.spec.ts:150:7 › Location Management History @locations @management-history › TC-LOC-MGH-011: Sort by Live Date column (3.1s)
  ok 234 [encore-locations] › specs\locations\location-management-history.spec.ts:157:7 › Location Management History @locations @management-history › TC-LOC-MGH-012: Non-sortable columns have no sort button (680ms)
  ok 235 [encore-locations] › specs\locations\location-management-history.spec.ts:164:7 › Location Management History @locations @management-history › TC-LOC-MGH-013: Column 28 renders correct header text (201ms)
  ok 236 [encore-locations] › specs\locations\location-management-history.spec.ts:171:7 › Location Management History @locations @management-history › TC-LOC-MGH-014: Columns 37 and 38 have correct distinct headers (287ms)
  x  237 [encore-locations] › specs\locations\location-management-history.spec.ts:183:7 › Location Management History @locations @management-history › TC-LOC-MGH-015: Read-only -- no Add/Edit/Delete controls present (504ms)
2026-06-01 15:48:26 [30988] INFO  AutomationFramework - Loading credentials from env source
2026-06-01 15:48:26 [30988] INFO  AutomationFramework - [OK] Credentials loaded for: s-prd-clickauto@psav.com
2026-06-01 15:48:32 [30988] INFO  AutomationFramework - [OK] Authenticated session ready via shared storageState
2026-06-01 15:48:32 [30988] INFO  AutomationFramework - Navigating to: https://cloudapps-e2e.encoreglobal.com/navigator/locations/1604/settings/location
2026-06-01 15:48:33 [30988] INFO  AutomationFramework - [OK] Navigation successful: https://cloudapps-e2e.encoreglobal.com/navigator/locations/1604/settings/location
  x  238 [encore-locations] › specs\locations\location-management-history.spec.ts:183:7 › Location Management History @locations @management-history › TC-LOC-MGH-015: Read-only -- no Add/Edit/Delete controls present (retry #1) (5.4s)
2026-06-01 15:48:39 [35548] INFO  AutomationFramework - Loading credentials from env source
2026-06-01 15:48:39 [35548] INFO  AutomationFramework - [OK] Credentials loaded for: s-prd-clickauto@psav.com
2026-06-01 15:48:46 [35548] INFO  AutomationFramework - [OK] Authenticated session ready via shared storageState
2026-06-01 15:48:46 [35548] INFO  AutomationFramework - Navigating to: https://cloudapps-e2e.encoreglobal.com/navigator/locations/1604/settings/location
2026-06-01 15:48:47 [35548] INFO  AutomationFramework - [OK] Navigation successful: https://cloudapps-e2e.encoreglobal.com/navigator/locations/1604/settings/location
  ok 239 [encore-locations] › specs\locations\location-management-history.spec.ts:188:7 › Location Management History @locations @management-history › TC-LOC-MGH-016: Read-only -- table cells are not interactive (4.6s)
  ok 240 [encore-locations] › specs\locations\location-management-history.spec.ts:194:7 › Location Management History @locations @management-history › TC-LOC-MGH-017: Horizontal scroll works for wide table (202ms)
  ok 241 [encore-locations] › specs\locations\location-management-history.spec.ts:202:7 › Location Management History @locations @management-history › TC-LOC-MGH-018: API endpoint called on tab activation (2.3s)
  -  242 [encore-locations] › specs\locations\location-management-history.spec.ts:211:8 › Location Management History @locations @management-history › TC-LOC-MGH-019: Pagination navigation enables with multiple pages
2026-06-01 15:48:53 [35548] INFO  AutomationFramework - LocationNotesPage initialized
  x  243 [encore-locations] › specs\locations\location-notes.spec.ts:42:7 › Location Notes — FCC @locations @notes @fcc › TC-LOC-NTS-039: 1-char persist (BVA min) (30.2s)
2026-06-01 15:49:24 [35396] INFO  AutomationFramework - Loading credentials from env source
2026-06-01 15:49:24 [35396] INFO  AutomationFramework - [OK] Credentials loaded for: s-prd-clickauto@psav.com
2026-06-01 15:49:31 [35396] INFO  AutomationFramework - [OK] Authenticated session ready via shared storageState
2026-06-01 15:49:31 [35396] INFO  AutomationFramework - LocationNotesPage initialized
2026-06-01 15:49:31 [35396] INFO  AutomationFramework - Navigating to locations/1604/settings/location
2026-06-01 15:49:31 [35396] INFO  AutomationFramework - Navigating to: https://cloudapps-e2e.encoreglobal.com/navigator/locations/1604/settings/location
2026-06-01 15:49:31 [35396] INFO  AutomationFramework - [OK] Navigation successful: https://cloudapps-e2e.encoreglobal.com/navigator/locations/1604/settings/location
2026-06-01 15:49:34 [35396] INFO  AutomationFramework - [OK] Tab active: tabNotes
2026-06-01 15:49:35 [35396] INFO  AutomationFramework - Clicking element: tabNotes
2026-06-01 15:49:36 [35396] INFO  AutomationFramework - [OK] Click successful: tabNotes
2026-06-01 15:49:36 [35396] INFO  AutomationFramework - [OK] Notes ensured empty (DB clean)
2026-06-01 15:49:36 [35396] INFO  AutomationFramework - Clicking element: btnNotesAdd
2026-06-01 15:49:36 [35396] INFO  AutomationFramework - [OK] Click successful: btnNotesAdd
2026-06-01 15:49:36 [35396] INFO  AutomationFramework - [OK] Filled note row 0 with 1 chars
2026-06-01 15:49:37 [35396] INFO  AutomationFramework - Save confirmation dialog appeared -- confirming
2026-06-01 15:49:37 [35396] INFO  AutomationFramework - [OK] Save complete (btnSaveNotes)
2026-06-01 15:49:39 [35396] INFO  AutomationFramework - Clicking element: tabNotes
2026-06-01 15:49:40 [35396] INFO  AutomationFramework - [OK] Click successful: tabNotes
2026-06-01 15:49:41 [35396] INFO  AutomationFramework - [OK] All note rows deleted
2026-06-01 15:49:41 [35396] INFO  AutomationFramework - Save confirmation dialog appeared -- confirming
2026-06-01 15:49:42 [35396] INFO  AutomationFramework - [OK] Save complete (btnSaveNotes)
2026-06-01 15:49:43 [35396] INFO  AutomationFramework - Clicking element: tabNotes
2026-06-01 15:49:44 [35396] INFO  AutomationFramework - [OK] Click successful: tabNotes
2026-06-01 15:49:45 [35396] INFO  AutomationFramework - [OK] Notes ensured empty (DB clean)
  ok 244 [encore-locations] › specs\locations\location-notes.spec.ts:42:7 › Location Notes — FCC @locations @notes @fcc › TC-LOC-NTS-039: 1-char persist (BVA min) (retry #1) (13.8s)
2026-06-01 15:49:45 [35396] INFO  AutomationFramework - LocationNotesPage initialized
2026-06-01 15:49:47 [35396] INFO  AutomationFramework - Clicking element: tabNotes
2026-06-01 15:49:48 [35396] INFO  AutomationFramework - [OK] Click successful: tabNotes
2026-06-01 15:49:48 [35396] INFO  AutomationFramework - [OK] Notes ensured empty (DB clean)
2026-06-01 15:49:48 [35396] INFO  AutomationFramework - Clicking element: btnNotesAdd
2026-06-01 15:49:48 [35396] INFO  AutomationFramework - [OK] Click successful: btnNotesAdd
2026-06-01 15:49:48 [35396] INFO  AutomationFramework - [OK] Pasted 3999 chars into note row 0
2026-06-01 15:49:48 [35396] INFO  AutomationFramework - Save confirmation dialog appeared -- confirming
2026-06-01 15:49:49 [35396] INFO  AutomationFramework - [OK] Save complete (btnSaveNotes)
2026-06-01 15:49:49 [35396] INFO  AutomationFramework - Clicking element: tabNotes
2026-06-01 15:49:51 [35396] INFO  AutomationFramework - [OK] Click successful: tabNotes
2026-06-01 15:49:51 [35396] INFO  AutomationFramework - [OK] All note rows deleted
2026-06-01 15:49:52 [35396] INFO  AutomationFramework - Save confirmation dialog appeared -- confirming
2026-06-01 15:49:52 [35396] INFO  AutomationFramework - [OK] Save complete (btnSaveNotes)
2026-06-01 15:49:52 [35396] INFO  AutomationFramework - Clicking element: tabNotes
2026-06-01 15:49:54 [35396] INFO  AutomationFramework - [OK] Click successful: tabNotes
2026-06-01 15:49:54 [35396] INFO  AutomationFramework - [OK] Notes ensured empty (DB clean)
  ok 245 [encore-locations] › specs\locations\location-notes.spec.ts:63:7 › Location Notes — FCC @locations @notes @fcc › TC-LOC-NTS-040: 3999-char persist (BVA -1) (9.9s)
2026-06-01 15:49:54 [35396] INFO  AutomationFramework - LocationNotesPage initialized
2026-06-01 15:49:55 [35396] INFO  AutomationFramework - Clicking element: tabNotes
2026-06-01 15:49:57 [35396] INFO  AutomationFramework - [OK] Click successful: tabNotes
2026-06-01 15:49:57 [35396] INFO  AutomationFramework - [OK] Notes ensured empty (DB clean)
2026-06-01 15:49:57 [35396] INFO  AutomationFramework - Clicking element: btnNotesAdd
2026-06-01 15:49:57 [35396] INFO  AutomationFramework - [OK] Click successful: btnNotesAdd
2026-06-01 15:49:57 [35396] INFO  AutomationFramework - [OK] Filled note row 0 with 3 chars
2026-06-01 15:49:57 [35396] INFO  AutomationFramework - Save confirmation dialog appeared -- confirming
2026-06-01 15:49:58 [35396] INFO  AutomationFramework - [OK] Save complete (btnSaveNotes)
2026-06-01 15:49:59 [35396] INFO  AutomationFramework - Clicking element: tabNotes
2026-06-01 15:50:00 [35396] INFO  AutomationFramework - [OK] Click successful: tabNotes
2026-06-01 15:50:01 [35396] INFO  AutomationFramework - Clicking element: tabNotes
2026-06-01 15:50:03 [35396] INFO  AutomationFramework - [OK] Click successful: tabNotes
2026-06-01 15:50:03 [35396] INFO  AutomationFramework - [OK] Notes ensured empty (DB clean)
  ok 246 [encore-locations] › specs\locations\location-notes.spec.ts:81:7 › Location Notes — FCC @locations @notes @fcc › TC-LOC-NTS-041: Whitespace-only "   " persist (8.5s)
2026-06-01 15:50:03 [35396] INFO  AutomationFramework - LocationNotesPage initialized
2026-06-01 15:50:04 [35396] INFO  AutomationFramework - Clicking element: tabNotes
2026-06-01 15:50:06 [35396] INFO  AutomationFramework - [OK] Click successful: tabNotes
2026-06-01 15:50:06 [35396] INFO  AutomationFramework - [OK] Notes ensured empty (DB clean)
2026-06-01 15:50:06 [35396] INFO  AutomationFramework - [OK] Filled note row 0 with 7 chars
2026-06-01 15:50:06 [35396] INFO  AutomationFramework - Save confirmation dialog appeared -- confirming
2026-06-01 15:50:07 [35396] INFO  AutomationFramework - [OK] Save complete (btnSaveNotes)
2026-06-01 15:50:08 [35396] INFO  AutomationFramework - Clicking element: tabNotes
2026-06-01 15:50:09 [35396] INFO  AutomationFramework - [OK] Click successful: tabNotes
2026-06-01 15:50:10 [35396] INFO  AutomationFramework - [OK] All note rows deleted
2026-06-01 15:50:10 [35396] INFO  AutomationFramework - Save confirmation dialog appeared -- confirming
2026-06-01 15:50:11 [35396] INFO  AutomationFramework - [OK] Save complete (btnSaveNotes)
2026-06-01 15:50:11 [35396] INFO  AutomationFramework - Clicking element: tabNotes
2026-06-01 15:50:13 [35396] INFO  AutomationFramework - [OK] Click successful: tabNotes
2026-06-01 15:50:13 [35396] INFO  AutomationFramework - [OK] Notes ensured empty (DB clean)
  ok 247 [encore-locations] › specs\locations\location-notes.spec.ts:98:7 › Location Notes — FCC @locations @notes @fcc › TC-LOC-NTS-042: Leading whitespace "  hello" persist (not trimmed) (10.0s)
2026-06-01 15:50:13 [35396] INFO  AutomationFramework - LocationNotesPage initialized
2026-06-01 15:50:14 [35396] INFO  AutomationFramework - Clicking element: tabNotes
2026-06-01 15:50:16 [35396] INFO  AutomationFramework - [OK] Click successful: tabNotes
2026-06-01 15:50:16 [35396] INFO  AutomationFramework - [OK] Notes ensured empty (DB clean)
2026-06-01 15:50:16 [35396] INFO  AutomationFramework - Clicking element: btnNotesAdd
2026-06-01 15:50:16 [35396] INFO  AutomationFramework - [OK] Click successful: btnNotesAdd
2026-06-01 15:50:16 [35396] INFO  AutomationFramework - [OK] Filled note row 0 with 7 chars
2026-06-01 15:50:16 [35396] INFO  AutomationFramework - Save confirmation dialog appeared -- confirming
2026-06-01 15:50:17 [35396] INFO  AutomationFramework - [OK] Save complete (btnSaveNotes)
2026-06-01 15:50:18 [35396] INFO  AutomationFramework - Clicking element: tabNotes
2026-06-01 15:50:19 [35396] INFO  AutomationFramework - [OK] Click successful: tabNotes
2026-06-01 15:50:20 [35396] INFO  AutomationFramework - [OK] All note rows deleted
2026-06-01 15:50:20 [35396] INFO  AutomationFramework - Save confirmation dialog appeared -- confirming
2026-06-01 15:50:21 [35396] INFO  AutomationFramework - [OK] Save complete (btnSaveNotes)
2026-06-01 15:50:22 [35396] INFO  AutomationFramework - Clicking element: tabNotes
2026-06-01 15:50:24 [35396] INFO  AutomationFramework - [OK] Click successful: tabNotes
2026-06-01 15:50:24 [35396] INFO  AutomationFramework - [OK] Notes ensured empty (DB clean)
  ok 248 [encore-locations] › specs\locations\location-notes.spec.ts:115:7 › Location Notes — FCC @locations @notes @fcc › TC-LOC-NTS-043: Trailing whitespace "hello  " persist (not trimmed) (10.6s)
2026-06-01 15:50:24 [35396] INFO  AutomationFramework - LocationNotesPage initialized
2026-06-01 15:50:25 [35396] INFO  AutomationFramework - Clicking element: tabNotes
2026-06-01 15:50:26 [35396] INFO  AutomationFramework - [OK] Click successful: tabNotes
2026-06-01 15:50:26 [35396] INFO  AutomationFramework - [OK] Notes ensured empty (DB clean)
2026-06-01 15:50:26 [35396] INFO  AutomationFramework - Clicking element: btnNotesAdd
2026-06-01 15:50:27 [35396] INFO  AutomationFramework - [OK] Click successful: btnNotesAdd
2026-06-01 15:50:27 [35396] INFO  AutomationFramework - [OK] Pasted 3 chars into note row 0
2026-06-01 15:50:27 [35396] INFO  AutomationFramework - Save confirmation dialog appeared -- confirming
2026-06-01 15:50:27 [35396] INFO  AutomationFramework - [OK] Save complete (btnSaveNotes)
2026-06-01 15:50:28 [35396] INFO  AutomationFramework - Clicking element: tabNotes
2026-06-01 15:50:29 [35396] INFO  AutomationFramework - [OK] Click successful: tabNotes
2026-06-01 15:50:30 [35396] INFO  AutomationFramework - [OK] All note rows deleted
2026-06-01 15:50:30 [35396] INFO  AutomationFramework - Save confirmation dialog appeared -- confirming
2026-06-01 15:50:31 [35396] INFO  AutomationFramework - [OK] Save complete (btnSaveNotes)
2026-06-01 15:50:31 [35396] INFO  AutomationFramework - Clicking element: tabNotes
2026-06-01 15:50:33 [35396] INFO  AutomationFramework - [OK] Click successful: tabNotes
2026-06-01 15:50:33 [35396] INFO  AutomationFramework - [OK] Notes ensured empty (DB clean)
  ok 249 [encore-locations] › specs\locations\location-notes.spec.ts:132:7 › Location Notes — FCC @locations @notes @fcc › TC-LOC-NTS-063: Tab character "a\tb" persist (9.0s)
2026-06-01 15:50:33 [35396] INFO  AutomationFramework - LocationNotesPage initialized
2026-06-01 15:50:34 [35396] INFO  AutomationFramework - Clicking element: tabNotes
2026-06-01 15:50:35 [35396] INFO  AutomationFramework - [OK] Click successful: tabNotes
2026-06-01 15:50:35 [35396] INFO  AutomationFramework - [OK] Notes ensured empty (DB clean)
2026-06-01 15:50:35 [35396] INFO  AutomationFramework - Clicking element: btnNotesAdd
2026-06-01 15:50:35 [35396] INFO  AutomationFramework - [OK] Click successful: btnNotesAdd
2026-06-01 15:50:35 [35396] INFO  AutomationFramework - [OK] Pasted 17 chars into note row 0
2026-06-01 15:50:35 [35396] INFO  AutomationFramework - Save confirmation dialog appeared -- confirming
2026-06-01 15:50:36 [35396] INFO  AutomationFramework - [OK] Save complete (btnSaveNotes)
2026-06-01 15:50:37 [35396] INFO  AutomationFramework - Clicking element: tabNotes
2026-06-01 15:50:38 [35396] INFO  AutomationFramework - [OK] Click successful: tabNotes
2026-06-01 15:50:39 [35396] INFO  AutomationFramework - [OK] All note rows deleted
2026-06-01 15:50:39 [35396] INFO  AutomationFramework - Save confirmation dialog appeared -- confirming
2026-06-01 15:50:40 [35396] INFO  AutomationFramework - [OK] Save complete (btnSaveNotes)
2026-06-01 15:50:41 [35396] INFO  AutomationFramework - Clicking element: tabNotes
2026-06-01 15:50:42 [35396] INFO  AutomationFramework - [OK] Click successful: tabNotes
2026-06-01 15:50:42 [35396] INFO  AutomationFramework - [OK] Notes ensured empty (DB clean)
  ok 250 [encore-locations] › specs\locations\location-notes.spec.ts:149:7 › Location Notes — FCC @locations @notes @fcc › TC-LOC-NTS-044: Newline "line1\nline2\nline3" persist (MAIN spec) (9.3s)
2026-06-01 15:50:42 [35396] INFO  AutomationFramework - LocationNotesPage initialized
2026-06-01 15:50:43 [35396] INFO  AutomationFramework - Clicking element: tabNotes
2026-06-01 15:50:44 [35396] INFO  AutomationFramework - [OK] Click successful: tabNotes
2026-06-01 15:50:44 [35396] INFO  AutomationFramework - [OK] Notes ensured empty (DB clean)
2026-06-01 15:50:44 [35396] INFO  AutomationFramework - Clicking element: btnNotesAdd
2026-06-01 15:50:45 [35396] INFO  AutomationFramework - [OK] Click successful: btnNotesAdd
2026-06-01 15:50:45 [35396] INFO  AutomationFramework - [OK] Filled note row 0 with 9 chars
2026-06-01 15:50:45 [35396] INFO  AutomationFramework - Save confirmation dialog appeared -- confirming
2026-06-01 15:50:46 [35396] INFO  AutomationFramework - [OK] Save complete (btnSaveNotes)
2026-06-01 15:50:46 [35396] INFO  AutomationFramework - Clicking element: tabNotes
2026-06-01 15:50:48 [35396] INFO  AutomationFramework - [OK] Click successful: tabNotes
2026-06-01 15:50:48 [35396] INFO  AutomationFramework - Save confirmation dialog appeared -- confirming
2026-06-01 15:50:48 [35396] INFO  AutomationFramework - [OK] Save complete (btnSaveNotes)
2026-06-01 15:50:49 [35396] INFO  AutomationFramework - Clicking element: tabNotes
2026-06-01 15:50:50 [35396] INFO  AutomationFramework - [OK] Click successful: tabNotes
2026-06-01 15:50:51 [35396] INFO  AutomationFramework - [OK] All note rows deleted
2026-06-01 15:50:51 [35396] INFO  AutomationFramework - Save confirmation dialog appeared -- confirming
2026-06-01 15:50:52 [35396] INFO  AutomationFramework - [OK] Save complete (btnSaveNotes)
2026-06-01 15:50:52 [35396] INFO  AutomationFramework - Clicking element: tabNotes
2026-06-01 15:50:54 [35396] INFO  AutomationFramework - [OK] Click successful: tabNotes
2026-06-01 15:50:54 [35396] INFO  AutomationFramework - [OK] Notes ensured empty (DB clean)
  ok 251 [encore-locations] › specs\locations\location-notes.spec.ts:167:7 › Location Notes — FCC @locations @notes @fcc › TC-LOC-NTS-064: Edit append (11.6s)
2026-06-01 15:50:54 [35396] INFO  AutomationFramework - LocationNotesPage initialized
2026-06-01 15:50:55 [35396] INFO  AutomationFramework - Clicking element: tabNotes
2026-06-01 15:50:56 [35396] INFO  AutomationFramework - [OK] Click successful: tabNotes
2026-06-01 15:50:56 [35396] INFO  AutomationFramework - [OK] Notes ensured empty (DB clean)
2026-06-01 15:50:56 [35396] INFO  AutomationFramework - Clicking element: btnNotesAdd
2026-06-01 15:50:56 [35396] INFO  AutomationFramework - [OK] Click successful: btnNotesAdd
2026-06-01 15:50:56 [35396] INFO  AutomationFramework - [OK] Filled note row 0 with 9 chars
2026-06-01 15:50:56 [35396] INFO  AutomationFramework - Save confirmation dialog appeared -- confirming
2026-06-01 15:50:57 [35396] INFO  AutomationFramework - [OK] Save complete (btnSaveNotes)
2026-06-01 15:50:57 [35396] INFO  AutomationFramework - Clicking element: tabNotes
2026-06-01 15:50:59 [35396] INFO  AutomationFramework - [OK] Click successful: tabNotes
2026-06-01 15:50:59 [35396] INFO  AutomationFramework - Save confirmation dialog appeared -- confirming
2026-06-01 15:51:00 [35396] INFO  AutomationFramework - [OK] Save complete (btnSaveNotes)
2026-06-01 15:51:00 [35396] INFO  AutomationFramework - Clicking element: tabNotes
2026-06-01 15:51:02 [35396] INFO  AutomationFramework - [OK] Click successful: tabNotes
2026-06-01 15:51:02 [35396] INFO  AutomationFramework - [OK] All note rows deleted
2026-06-01 15:51:03 [35396] INFO  AutomationFramework - Save confirmation dialog appeared -- confirming
2026-06-01 15:51:03 [35396] INFO  AutomationFramework - [OK] Save complete (btnSaveNotes)
2026-06-01 15:51:04 [35396] INFO  AutomationFramework - Clicking element: tabNotes
2026-06-01 15:51:06 [35396] INFO  AutomationFramework - [OK] Click successful: tabNotes
2026-06-01 15:51:06 [35396] INFO  AutomationFramework - [OK] Notes ensured empty (DB clean)
  ok 252 [encore-locations] › specs\locations\location-notes.spec.ts:189:7 › Location Notes — FCC @locations @notes @fcc › TC-LOC-NTS-045: Edit prepend (12.0s)
2026-06-01 15:51:06 [35396] INFO  AutomationFramework - LocationNotesPage initialized
2026-06-01 15:51:07 [35396] INFO  AutomationFramework - Clicking element: tabNotes
2026-06-01 15:51:09 [35396] INFO  AutomationFramework - [OK] Click successful: tabNotes
2026-06-01 15:51:09 [35396] INFO  AutomationFramework - [OK] Notes ensured empty (DB clean)
2026-06-01 15:51:09 [35396] INFO  AutomationFramework - Clicking element: btnNotesAdd
2026-06-01 15:51:09 [35396] INFO  AutomationFramework - [OK] Click successful: btnNotesAdd
2026-06-01 15:51:09 [35396] INFO  AutomationFramework - [OK] Filled note row 0 with 17 chars
2026-06-01 15:51:09 [35396] INFO  AutomationFramework - Save confirmation dialog appeared -- confirming
2026-06-01 15:51:11 [35396] INFO  AutomationFramework - [OK] Save complete (btnSaveNotes)
2026-06-01 15:51:11 [35396] INFO  AutomationFramework - Clicking element: tabNotes
2026-06-01 15:51:13 [35396] INFO  AutomationFramework - [OK] Click successful: tabNotes
2026-06-01 15:51:13 [35396] INFO  AutomationFramework - Save confirmation dialog appeared -- confirming
2026-06-01 15:51:13 [35396] INFO  AutomationFramework - [OK] Save complete (btnSaveNotes)
2026-06-01 15:51:14 [35396] INFO  AutomationFramework - Clicking element: tabNotes
2026-06-01 15:51:16 [35396] INFO  AutomationFramework - [OK] Click successful: tabNotes
2026-06-01 15:51:17 [35396] INFO  AutomationFramework - [OK] All note rows deleted
2026-06-01 15:51:17 [35396] INFO  AutomationFramework - Save confirmation dialog appeared -- confirming
2026-06-01 15:51:17 [35396] INFO  AutomationFramework - [OK] Save complete (btnSaveNotes)
2026-06-01 15:51:18 [35396] INFO  AutomationFramework - Clicking element: tabNotes
2026-06-01 15:51:20 [35396] INFO  AutomationFramework - [OK] Click successful: tabNotes
2026-06-01 15:51:20 [35396] INFO  AutomationFramework - [OK] Notes ensured empty (DB clean)
  ok 253 [encore-locations] › specs\locations\location-notes.spec.ts:211:7 › Location Notes — FCC @locations @notes @fcc › TC-LOC-NTS-046: Edit partial-replace (slice middle) (14.6s)
2026-06-01 15:51:20 [35396] INFO  AutomationFramework - LocationNotesPage initialized
2026-06-01 15:51:22 [35396] INFO  AutomationFramework - Clicking element: tabNotes
2026-06-01 15:51:23 [35396] INFO  AutomationFramework - [OK] Click successful: tabNotes
2026-06-01 15:51:23 [35396] INFO  AutomationFramework - [OK] Notes ensured empty (DB clean)
2026-06-01 15:51:23 [35396] INFO  AutomationFramework - Clicking element: btnNotesAdd
2026-06-01 15:51:23 [35396] INFO  AutomationFramework - [OK] Click successful: btnNotesAdd
2026-06-01 15:51:23 [35396] INFO  AutomationFramework - [OK] Filled note row 0 with 9 chars
2026-06-01 15:51:24 [35396] INFO  AutomationFramework - Save confirmation dialog appeared -- confirming
2026-06-01 15:51:24 [35396] INFO  AutomationFramework - [OK] Save complete (btnSaveNotes)
2026-06-01 15:51:25 [35396] INFO  AutomationFramework - Clicking element: tabNotes
2026-06-01 15:51:27 [35396] INFO  AutomationFramework - [OK] Click successful: tabNotes
2026-06-01 15:51:27 [35396] INFO  AutomationFramework - Save confirmation dialog appeared -- confirming
2026-06-01 15:51:28 [35396] INFO  AutomationFramework - [OK] Save complete (btnSaveNotes)
2026-06-01 15:51:28 [35396] INFO  AutomationFramework - Clicking element: tabNotes
2026-06-01 15:51:30 [35396] INFO  AutomationFramework - [OK] Click successful: tabNotes
2026-06-01 15:51:31 [35396] INFO  AutomationFramework - Clicking element: tabNotes
2026-06-01 15:51:33 [35396] INFO  AutomationFramework - [OK] Click successful: tabNotes
2026-06-01 15:51:33 [35396] INFO  AutomationFramework - [OK] Notes ensured empty (DB clean)
  ok 254 [encore-locations] › specs\locations\location-notes.spec.ts:239:7 › Location Notes — FCC @locations @notes @fcc › TC-LOC-NTS-047: Edit clear-to-empty (row stays with empty value) (12.6s)
2026-06-01 15:51:33 [35396] INFO  AutomationFramework - LocationNotesPage initialized
2026-06-01 15:51:34 [35396] INFO  AutomationFramework - Clicking element: tabNotes
2026-06-01 15:51:36 [35396] INFO  AutomationFramework - [OK] Click successful: tabNotes
2026-06-01 15:51:36 [35396] INFO  AutomationFramework - [OK] Notes ensured empty (DB clean)
2026-06-01 15:51:36 [35396] INFO  AutomationFramework - [OK] Filled note row 0 with 14 chars
2026-06-01 15:51:36 [35396] INFO  AutomationFramework - Clicking element: btnNotesAdd
2026-06-01 15:51:36 [35396] INFO  AutomationFramework - [OK] Click successful: btnNotesAdd
2026-06-01 15:51:36 [35396] INFO  AutomationFramework - [OK] Filled note row 1 with 13 chars
2026-06-01 15:51:36 [35396] INFO  AutomationFramework - Save confirmation dialog appeared -- confirming
2026-06-01 15:51:36 [35396] INFO  AutomationFramework - [OK] Save complete (btnSaveNotes)
2026-06-01 15:51:37 [35396] INFO  AutomationFramework - Clicking element: tabNotes
2026-06-01 15:51:38 [35396] INFO  AutomationFramework - [OK] Click successful: tabNotes
2026-06-01 15:51:39 [35396] INFO  AutomationFramework - [OK] All note rows deleted
2026-06-01 15:51:39 [35396] INFO  AutomationFramework - Save confirmation dialog appeared -- confirming
2026-06-01 15:51:40 [35396] INFO  AutomationFramework - [OK] Save complete (btnSaveNotes)
2026-06-01 15:51:41 [35396] INFO  AutomationFramework - Clicking element: tabNotes
2026-06-01 15:51:42 [35396] INFO  AutomationFramework - [OK] Click successful: tabNotes
2026-06-01 15:51:42 [35396] INFO  AutomationFramework - [OK] Notes ensured empty (DB clean)
  ok 255 [encore-locations] › specs\locations\location-notes.spec.ts:269:7 › Location Notes — FCC @locations @notes @fcc › TC-LOC-NTS-048: 2-row positive (smallest multi-row save+reload) (9.0s)
2026-06-01 15:51:42 [35396] INFO  AutomationFramework - LocationNotesPage initialized
2026-06-01 15:51:43 [35396] INFO  AutomationFramework - Clicking element: tabNotes
2026-06-01 15:51:44 [35396] INFO  AutomationFramework - [OK] Click successful: tabNotes
2026-06-01 15:51:44 [35396] INFO  AutomationFramework - [OK] Notes ensured empty (DB clean)
2026-06-01 15:51:44 [35396] INFO  AutomationFramework - Clicking element: btnNotesAdd
2026-06-01 15:51:45 [35396] INFO  AutomationFramework - [OK] Click successful: btnNotesAdd
2026-06-01 15:51:45 [35396] INFO  AutomationFramework - [OK] Filled note row 0 with 2 chars
2026-06-01 15:51:45 [35396] INFO  AutomationFramework - Clicking element: btnNotesAdd
2026-06-01 15:51:45 [35396] INFO  AutomationFramework - [OK] Click successful: btnNotesAdd
2026-06-01 15:51:45 [35396] INFO  AutomationFramework - [OK] Filled note row 1 with 2 chars
2026-06-01 15:51:45 [35396] INFO  AutomationFramework - Clicking element: btnNotesAdd
2026-06-01 15:51:45 [35396] INFO  AutomationFramework - [OK] Click successful: btnNotesAdd
2026-06-01 15:51:45 [35396] INFO  AutomationFramework - [OK] Filled note row 2 with 2 chars
2026-06-01 15:51:45 [35396] INFO  AutomationFramework - Clicking element: btnNotesAdd
2026-06-01 15:51:45 [35396] INFO  AutomationFramework - [OK] Click successful: btnNotesAdd
2026-06-01 15:51:45 [35396] INFO  AutomationFramework - [OK] Filled note row 3 with 2 chars
2026-06-01 15:51:45 [35396] INFO  AutomationFramework - Clicking element: btnNotesAdd
2026-06-01 15:51:45 [35396] INFO  AutomationFramework - [OK] Click successful: btnNotesAdd
2026-06-01 15:51:45 [35396] INFO  AutomationFramework - [OK] Filled note row 4 with 2 chars
2026-06-01 15:51:45 [35396] INFO  AutomationFramework - Save confirmation dialog appeared -- confirming
2026-06-01 15:51:47 [35396] INFO  AutomationFramework - [OK] Save complete (btnSaveNotes)
2026-06-01 15:51:47 [35396] INFO  AutomationFramework - Clicking element: tabNotes
2026-06-01 15:51:49 [35396] INFO  AutomationFramework - [OK] Click successful: tabNotes
2026-06-01 15:51:50 [35396] INFO  AutomationFramework - [OK] All note rows deleted
2026-06-01 15:51:50 [35396] INFO  AutomationFramework - Save confirmation dialog appeared -- confirming
2026-06-01 15:51:51 [35396] INFO  AutomationFramework - [OK] Save complete (btnSaveNotes)
2026-06-01 15:51:52 [35396] INFO  AutomationFramework - Clicking element: tabNotes
2026-06-01 15:51:53 [35396] INFO  AutomationFramework - [OK] Click successful: tabNotes
2026-06-01 15:51:53 [35396] INFO  AutomationFramework - [OK] Notes ensured empty (DB clean)
  ok 256 [encore-locations] › specs\locations\location-notes.spec.ts:291:7 › Location Notes — FCC @locations @notes @fcc › TC-LOC-NTS-049: 5-row positive (smoke at moderate count) (11.5s)
2026-06-01 15:51:54 [35396] INFO  AutomationFramework - LocationNotesPage initialized
2026-06-01 15:51:55 [35396] INFO  AutomationFramework - Clicking element: tabNotes
2026-06-01 15:51:56 [35396] INFO  AutomationFramework - [OK] Click successful: tabNotes
2026-06-01 15:51:56 [35396] INFO  AutomationFramework - [OK] Notes ensured empty (DB clean)
2026-06-01 15:51:56 [35396] INFO  AutomationFramework - Clicking element: btnNotesAdd
2026-06-01 15:51:56 [35396] INFO  AutomationFramework - [OK] Click successful: btnNotesAdd
2026-06-01 15:51:56 [35396] INFO  AutomationFramework - [OK] Filled note row 0 with 1 chars
2026-06-01 15:51:56 [35396] INFO  AutomationFramework - Clicking element: btnNotesAdd
2026-06-01 15:51:56 [35396] INFO  AutomationFramework - [OK] Click successful: btnNotesAdd
2026-06-01 15:51:56 [35396] INFO  AutomationFramework - [OK] Pasted 4000 chars into note row 1
2026-06-01 15:51:57 [35396] INFO  AutomationFramework - Save confirmation dialog appeared -- confirming
2026-06-01 15:51:57 [35396] INFO  AutomationFramework - [OK] Save complete (btnSaveNotes)
2026-06-01 15:51:58 [35396] INFO  AutomationFramework - Clicking element: tabNotes
2026-06-01 15:52:00 [35396] INFO  AutomationFramework - [OK] Click successful: tabNotes
2026-06-01 15:52:00 [35396] INFO  AutomationFramework - [OK] All note rows deleted
2026-06-01 15:52:01 [35396] INFO  AutomationFramework - Save confirmation dialog appeared -- confirming
2026-06-01 15:52:01 [35396] INFO  AutomationFramework - [OK] Save complete (btnSaveNotes)
2026-06-01 15:52:02 [35396] INFO  AutomationFramework - Clicking element: tabNotes
2026-06-01 15:52:03 [35396] INFO  AutomationFramework - [OK] Click successful: tabNotes
2026-06-01 15:52:03 [35396] INFO  AutomationFramework - [OK] Notes ensured empty (DB clean)
  ok 257 [encore-locations] › specs\locations\location-notes.spec.ts:315:7 › Location Notes — FCC @locations @notes @fcc › TC-LOC-NTS-050: Mixed-content (row 0 = 1-char, row 1 = 4000-char) save+reload (9.9s)
2026-06-01 15:52:03 [35396] INFO  AutomationFramework - LocationNotesPage initialized
2026-06-01 15:52:05 [35396] INFO  AutomationFramework - Clicking element: tabNotes
2026-06-01 15:52:06 [35396] INFO  AutomationFramework - [OK] Click successful: tabNotes
2026-06-01 15:52:06 [35396] INFO  AutomationFramework - [OK] Notes ensured empty (DB clean)
2026-06-01 15:52:06 [35396] INFO  AutomationFramework - Clicking element: btnNotesAdd
2026-06-01 15:52:06 [35396] INFO  AutomationFramework - [OK] Click successful: btnNotesAdd
2026-06-01 15:52:06 [35396] INFO  AutomationFramework - [OK] Filled note row 0 with 14 chars
2026-06-01 15:52:06 [35396] INFO  AutomationFramework - Clicking element: btnNotesAdd
2026-06-01 15:52:06 [35396] INFO  AutomationFramework - [OK] Click successful: btnNotesAdd
2026-06-01 15:52:06 [35396] INFO  AutomationFramework - [OK] Filled note row 1 with 13 chars
2026-06-01 15:52:06 [35396] INFO  AutomationFramework - Save confirmation dialog appeared -- confirming
2026-06-01 15:52:07 [35396] INFO  AutomationFramework - [OK] Save complete (btnSaveNotes)
2026-06-01 15:52:07 [35396] INFO  AutomationFramework - Clicking element: tabNotes
2026-06-01 15:52:09 [35396] INFO  AutomationFramework - [OK] Click successful: tabNotes
2026-06-01 15:52:09 [35396] INFO  AutomationFramework - Save confirmation dialog appeared -- confirming
2026-06-01 15:52:09 [35396] INFO  AutomationFramework - [OK] Save complete (btnSaveNotes)
2026-06-01 15:52:10 [35396] INFO  AutomationFramework - Clicking element: tabNotes
2026-06-01 15:52:11 [35396] INFO  AutomationFramework - [OK] Click successful: tabNotes
2026-06-01 15:52:12 [35396] INFO  AutomationFramework - [OK] All note rows deleted
2026-06-01 15:52:13 [35396] INFO  AutomationFramework - Save confirmation dialog appeared -- confirming
2026-06-01 15:52:13 [35396] INFO  AutomationFramework - [OK] Save complete (btnSaveNotes)
2026-06-01 15:52:13 [35396] INFO  AutomationFramework - Clicking element: tabNotes
2026-06-01 15:52:15 [35396] INFO  AutomationFramework - [OK] Click successful: tabNotes
2026-06-01 15:52:15 [35396] INFO  AutomationFramework - [OK] Notes ensured empty (DB clean)
  ok 258 [encore-locations] › specs\locations\location-notes.spec.ts:337:7 › Location Notes — FCC @locations @notes @fcc › TC-LOC-NTS-051: Edit row 1 of 2 — row 0 unchanged after save+reload (11.5s)
2026-06-01 15:52:15 [35396] INFO  AutomationFramework - LocationNotesPage initialized
2026-06-01 15:52:17 [35396] INFO  AutomationFramework - Clicking element: tabNotes
2026-06-01 15:52:18 [35396] INFO  AutomationFramework - [OK] Click successful: tabNotes
2026-06-01 15:52:18 [35396] INFO  AutomationFramework - [OK] Notes ensured empty (DB clean)
2026-06-01 15:52:18 [35396] INFO  AutomationFramework - Clicking element: btnNotesAdd
2026-06-01 15:52:18 [35396] INFO  AutomationFramework - [OK] Click successful: btnNotesAdd
2026-06-01 15:52:18 [35396] INFO  AutomationFramework - [OK] Filled note row 0 with 14 chars
2026-06-01 15:52:18 [35396] INFO  AutomationFramework - Clicking element: btnNotesAdd
2026-06-01 15:52:18 [35396] INFO  AutomationFramework - [OK] Click successful: btnNotesAdd
2026-06-01 15:52:19 [35396] INFO  AutomationFramework - [OK] Filled note row 1 with 13 chars
2026-06-01 15:52:19 [35396] INFO  AutomationFramework - Save confirmation dialog appeared -- confirming
2026-06-01 15:52:19 [35396] INFO  AutomationFramework - [OK] Save complete (btnSaveNotes)
2026-06-01 15:52:20 [35396] INFO  AutomationFramework - Clicking element: tabNotes
2026-06-01 15:52:21 [35396] INFO  AutomationFramework - [OK] Click successful: tabNotes
2026-06-01 15:52:22 [35396] INFO  AutomationFramework - [OK] Deleted note row 0
2026-06-01 15:52:22 [35396] INFO  AutomationFramework - Save confirmation dialog appeared -- confirming
2026-06-01 15:52:23 [35396] INFO  AutomationFramework - [OK] Save complete (btnSaveNotes)
2026-06-01 15:52:24 [35396] INFO  AutomationFramework - Clicking element: tabNotes
2026-06-01 15:52:25 [35396] INFO  AutomationFramework - [OK] Click successful: tabNotes
2026-06-01 15:52:26 [35396] INFO  AutomationFramework - [OK] All note rows deleted
2026-06-01 15:52:26 [35396] INFO  AutomationFramework - Save confirmation dialog appeared -- confirming
2026-06-01 15:52:27 [35396] INFO  AutomationFramework - [OK] Save complete (btnSaveNotes)
2026-06-01 15:52:27 [35396] INFO  AutomationFramework - Clicking element: tabNotes
2026-06-01 15:52:29 [35396] INFO  AutomationFramework - [OK] Click successful: tabNotes
2026-06-01 15:52:29 [35396] INFO  AutomationFramework - [OK] Notes ensured empty (DB clean)
  ok 259 [encore-locations] › specs\locations\location-notes.spec.ts:364:7 › Location Notes — FCC @locations @notes @fcc › TC-LOC-NTS-052: Delete first of 2 rows — row 1 becomes sole remaining row (13.8s)
2026-06-01 15:52:29 [35396] INFO  AutomationFramework - LocationNotesPage initialized
2026-06-01 15:52:30 [35396] INFO  AutomationFramework - Clicking element: tabNotes
2026-06-01 15:52:32 [35396] INFO  AutomationFramework - [OK] Click successful: tabNotes
2026-06-01 15:52:32 [35396] INFO  AutomationFramework - [OK] Notes ensured empty (DB clean)
2026-06-01 15:52:32 [35396] INFO  AutomationFramework - Clicking element: btnNotesAdd
2026-06-01 15:52:32 [35396] INFO  AutomationFramework - [OK] Click successful: btnNotesAdd
2026-06-01 15:52:32 [35396] INFO  AutomationFramework - [OK] Filled note row 0 with 2 chars
2026-06-01 15:52:32 [35396] INFO  AutomationFramework - Clicking element: btnNotesAdd
2026-06-01 15:52:32 [35396] INFO  AutomationFramework - [OK] Click successful: btnNotesAdd
2026-06-01 15:52:32 [35396] INFO  AutomationFramework - [OK] Filled note row 1 with 2 chars
2026-06-01 15:52:32 [35396] INFO  AutomationFramework - Clicking element: btnNotesAdd
2026-06-01 15:52:32 [35396] INFO  AutomationFramework - [OK] Click successful: btnNotesAdd
2026-06-01 15:52:32 [35396] INFO  AutomationFramework - [OK] Filled note row 2 with 2 chars
2026-06-01 15:52:32 [35396] INFO  AutomationFramework - Save confirmation dialog appeared -- confirming
2026-06-01 15:52:34 [35396] INFO  AutomationFramework - [OK] Save complete (btnSaveNotes)
2026-06-01 15:52:34 [35396] INFO  AutomationFramework - Clicking element: tabNotes
2026-06-01 15:52:36 [35396] INFO  AutomationFramework - [OK] Click successful: tabNotes
2026-06-01 15:52:36 [35396] INFO  AutomationFramework - [OK] Deleted note row 2
2026-06-01 15:52:36 [35396] INFO  AutomationFramework - Save confirmation dialog appeared -- confirming
2026-06-01 15:52:37 [35396] INFO  AutomationFramework - [OK] Save complete (btnSaveNotes)
2026-06-01 15:52:38 [35396] INFO  AutomationFramework - Clicking element: tabNotes
2026-06-01 15:52:39 [35396] INFO  AutomationFramework - [OK] Click successful: tabNotes
2026-06-01 15:52:40 [35396] INFO  AutomationFramework - [OK] All note rows deleted
2026-06-01 15:52:40 [35396] INFO  AutomationFramework - Save confirmation dialog appeared -- confirming
2026-06-01 15:52:41 [35396] INFO  AutomationFramework - [OK] Save complete (btnSaveNotes)
2026-06-01 15:52:41 [35396] INFO  AutomationFramework - Clicking element: tabNotes
2026-06-01 15:52:43 [35396] INFO  AutomationFramework - [OK] Click successful: tabNotes
2026-06-01 15:52:43 [35396] INFO  AutomationFramework - [OK] Notes ensured empty (DB clean)
  ok 260 [encore-locations] › specs\locations\location-notes.spec.ts:391:7 › Location Notes — FCC @locations @notes @fcc › TC-LOC-NTS-053: Delete last of 3 rows — rows 0+1 remain (13.9s)
  -  261 [encore-locations] › specs\locations\location-notes.spec.ts:426:8 › Location Notes — FCC @locations @notes @fcc › TC-LOC-NTS-062: Delete one of one (single row) — empty state persists
2026-06-01 15:52:43 [35396] INFO  AutomationFramework - LocationNotesPage initialized
2026-06-01 15:52:44 [35396] INFO  AutomationFramework - Clicking element: tabNotes
2026-06-01 15:52:45 [35396] INFO  AutomationFramework - [OK] Click successful: tabNotes
2026-06-01 15:52:45 [35396] INFO  AutomationFramework - [OK] Notes ensured empty (DB clean)
2026-06-01 15:52:45 [35396] INFO  AutomationFramework - Clicking element: btnNotesAdd
2026-06-01 15:52:46 [35396] INFO  AutomationFramework - [OK] Click successful: btnNotesAdd
2026-06-01 15:52:46 [35396] INFO  AutomationFramework - [OK] Filled note row 0 with 13 chars
2026-06-01 15:52:46 [35396] INFO  AutomationFramework - Clicking element: btnSaveNotes
2026-06-01 15:52:46 [35396] INFO  AutomationFramework - [OK] Click successful: btnSaveNotes
2026-06-01 15:52:46 [35396] INFO  AutomationFramework - [OK] Filled note row 0 with 11 chars
2026-06-01 15:52:46 [35396] INFO  AutomationFramework - Save confirmation dialog appeared -- confirming
2026-06-01 15:52:48 [35396] INFO  AutomationFramework - [OK] Save complete (btnSaveNotes)
2026-06-01 15:52:49 [35396] INFO  AutomationFramework - Clicking element: tabNotes
2026-06-01 15:52:50 [35396] INFO  AutomationFramework - [OK] Click successful: tabNotes
2026-06-01 15:52:51 [35396] INFO  AutomationFramework - [OK] All note rows deleted
2026-06-01 15:52:51 [35396] INFO  AutomationFramework - Save confirmation dialog appeared -- confirming
2026-06-01 15:52:52 [35396] INFO  AutomationFramework - [OK] Save complete (btnSaveNotes)
2026-06-01 15:52:52 [35396] INFO  AutomationFramework - Clicking element: tabNotes
2026-06-01 15:52:53 [35396] INFO  AutomationFramework - [OK] Click successful: tabNotes
2026-06-01 15:52:54 [35396] INFO  AutomationFramework - [OK] Notes ensured empty (DB clean)
  ok 262 [encore-locations] › specs\locations\location-notes.spec.ts:458:7 › Location Notes — FCC @locations @notes @fcc › TC-LOC-NTS-054: Save → Cancel → edit → Save → Ok → final value persists (10.8s)
2026-06-01 15:52:54 [35396] INFO  AutomationFramework - LocationNotesPage initialized
2026-06-01 15:52:55 [35396] INFO  AutomationFramework - Clicking element: tabNotes
2026-06-01 15:52:56 [35396] INFO  AutomationFramework - [OK] Click successful: tabNotes
2026-06-01 15:52:56 [35396] INFO  AutomationFramework - [OK] Notes ensured empty (DB clean)
2026-06-01 15:52:56 [35396] INFO  AutomationFramework - Clicking element: btnNotesAdd
2026-06-01 15:52:56 [35396] INFO  AutomationFramework - [OK] Click successful: btnNotesAdd
2026-06-01 15:52:56 [35396] INFO  AutomationFramework - [OK] Filled note row 0 with 15 chars
2026-06-01 15:52:56 [35396] INFO  AutomationFramework - Clicking element: btnSaveNotes
2026-06-01 15:52:56 [35396] INFO  AutomationFramework - [OK] Click successful: btnSaveNotes
2026-06-01 15:52:58 [35396] INFO  AutomationFramework - [OK] Tab active: tabNotes
2026-06-01 15:53:00 [35396] INFO  AutomationFramework - Clicking element: tabNotes
2026-06-01 15:53:01 [35396] INFO  AutomationFramework - [OK] Click successful: tabNotes
2026-06-01 15:53:01 [35396] INFO  AutomationFramework - [OK] Notes ensured empty (DB clean)
  ok 263 [encore-locations] › specs\locations\location-notes.spec.ts:475:7 › Location Notes — FCC @locations @notes @fcc › TC-LOC-NTS-055: Save → dialog opens → reload page mid-dialog → no persist, no error (7.5s)
2026-06-01 15:53:01 [35396] INFO  AutomationFramework - LocationNotesPage initialized
2026-06-01 15:53:03 [35396] INFO  AutomationFramework - Clicking element: tabNotes
2026-06-01 15:53:04 [35396] INFO  AutomationFramework - [OK] Click successful: tabNotes
2026-06-01 15:53:04 [35396] INFO  AutomationFramework - [OK] Notes ensured empty (DB clean)
2026-06-01 15:53:04 [35396] INFO  AutomationFramework - Clicking element: btnNotesAdd
2026-06-01 15:53:04 [35396] INFO  AutomationFramework - [OK] Click successful: btnNotesAdd
2026-06-01 15:53:04 [35396] INFO  AutomationFramework - [OK] Filled note row 0 with 11 chars
2026-06-01 15:53:04 [35396] INFO  AutomationFramework - Clicking element: btnSaveNotes
2026-06-01 15:53:04 [35396] INFO  AutomationFramework - [OK] Click successful: btnSaveNotes
2026-06-01 15:53:04 [35396] INFO  AutomationFramework - [fixture] Auto-accepting beforeunload dialog
2026-06-01 15:53:05 [35396] INFO  AutomationFramework - Clicking element: tabNotes
2026-06-01 15:53:06 [35396] INFO  AutomationFramework - [OK] Click successful: tabNotes
  ok 264 [encore-locations] › specs\locations\location-notes.spec.ts:498:7 › Location Notes — FCC @locations @notes @fcc › TC-LOC-NTS-056: Save → Escape on dialog → dialog closes, dirty preserved, no persist (5.4s)
2026-06-01 15:53:07 [35396] INFO  AutomationFramework - LocationNotesPage initialized
2026-06-01 15:53:08 [35396] INFO  AutomationFramework - Clicking element: tabNotes
2026-06-01 15:53:09 [35396] INFO  AutomationFramework - [OK] Click successful: tabNotes
2026-06-01 15:53:09 [35396] INFO  AutomationFramework - [OK] Notes ensured empty (DB clean)
2026-06-01 15:53:09 [35396] INFO  AutomationFramework - Clicking element: btnNotesAdd
2026-06-01 15:53:09 [35396] INFO  AutomationFramework - [OK] Click successful: btnNotesAdd
2026-06-01 15:53:09 [35396] INFO  AutomationFramework - [OK] Filled note row 0 with 11 chars
2026-06-01 15:53:09 [35396] INFO  AutomationFramework - Clicking element: btnSaveNotes
2026-06-01 15:53:09 [35396] INFO  AutomationFramework - [OK] Click successful: btnSaveNotes
2026-06-01 15:53:09 [35396] INFO  AutomationFramework - [fixture] Auto-accepting beforeunload dialog
2026-06-01 15:53:10 [35396] INFO  AutomationFramework - Clicking element: tabNotes
2026-06-01 15:53:11 [35396] INFO  AutomationFramework - [OK] Click successful: tabNotes
  ok 265 [encore-locations] › specs\locations\location-notes.spec.ts:521:7 › Location Notes — FCC @locations @notes @fcc › TC-LOC-NTS-057: Save → click outside dialog → observe behavior (verify whether dialog dismisses or stays) (4.9s)
2026-06-01 15:53:11 [35396] INFO  AutomationFramework - LocationNotesPage initialized
2026-06-01 15:53:13 [35396] INFO  AutomationFramework - Clicking element: tabNotes
2026-06-01 15:53:15 [35396] INFO  AutomationFramework - [OK] Click successful: tabNotes
2026-06-01 15:53:15 [35396] INFO  AutomationFramework - [OK] Notes ensured empty (DB clean)
2026-06-01 15:53:15 [35396] INFO  AutomationFramework - Clicking element: btnNotesAdd
2026-06-01 15:53:15 [35396] INFO  AutomationFramework - [OK] Click successful: btnNotesAdd
2026-06-01 15:53:15 [35396] INFO  AutomationFramework - [OK] Filled note row 0 with 15 chars
2026-06-01 15:53:15 [35396] INFO  AutomationFramework - Save confirmation dialog appeared -- confirming
2026-06-01 15:53:15 [35396] INFO  AutomationFramework - [OK] Save complete (btnSaveNotes)
2026-06-01 15:53:17 [35396] INFO  AutomationFramework - [OK] All note rows deleted
2026-06-01 15:53:17 [35396] INFO  AutomationFramework - Save confirmation dialog appeared -- confirming
2026-06-01 15:53:17 [35396] INFO  AutomationFramework - [OK] Save complete (btnSaveNotes)
2026-06-01 15:53:18 [35396] INFO  AutomationFramework - Clicking element: tabNotes
2026-06-01 15:53:19 [35396] INFO  AutomationFramework - [OK] Click successful: tabNotes
2026-06-01 15:53:19 [35396] INFO  AutomationFramework - [OK] Notes ensured empty (DB clean)
  ok 266 [encore-locations] › specs\locations\location-notes.spec.ts:550:7 › Location Notes — FCC @locations @notes @fcc › TC-LOC-NTS-058: Idempotent save — pristine form Save stays disabled, second-save fires no API call (7.9s)
2026-06-01 15:53:19 [35396] INFO  AutomationFramework - LocationNotesPage initialized
2026-06-01 15:53:21 [35396] INFO  AutomationFramework - Clicking element: tabNotes
2026-06-01 15:53:22 [35396] INFO  AutomationFramework - [OK] Click successful: tabNotes
2026-06-01 15:53:22 [35396] INFO  AutomationFramework - [OK] Notes ensured empty (DB clean)
2026-06-01 15:53:22 [35396] INFO  AutomationFramework - Clicking element: btnNotesAdd
2026-06-01 15:53:22 [35396] INFO  AutomationFramework - [OK] Click successful: btnNotesAdd
2026-06-01 15:53:22 [35396] INFO  AutomationFramework - [OK] Filled note row 0 with 10 chars
2026-06-01 15:53:23 [35396] INFO  AutomationFramework - Save confirmation dialog appeared -- confirming
2026-06-01 15:53:23 [35396] INFO  AutomationFramework - [OK] Save complete (btnSaveNotes)
2026-06-01 15:53:24 [35396] INFO  AutomationFramework - Clicking element: tabNotes
2026-06-01 15:53:25 [35396] INFO  AutomationFramework - [OK] Click successful: tabNotes
2026-06-01 15:53:25 [35396] INFO  AutomationFramework - [OK] Filled note row 0 with 10 chars
2026-06-01 15:53:25 [35396] INFO  AutomationFramework - Save confirmation dialog appeared -- confirming
2026-06-01 15:53:26 [35396] INFO  AutomationFramework - [OK] Save complete (btnSaveNotes)
2026-06-01 15:53:28 [35396] INFO  AutomationFramework - Clicking element: tabNotes
2026-06-01 15:53:30 [35396] INFO  AutomationFramework - [OK] Click successful: tabNotes
2026-06-01 15:53:31 [35396] INFO  AutomationFramework - [OK] All note rows deleted
2026-06-01 15:53:31 [35396] INFO  AutomationFramework - Save confirmation dialog appeared -- confirming
2026-06-01 15:53:31 [35396] INFO  AutomationFramework - [OK] Save complete (btnSaveNotes)
2026-06-01 15:53:32 [35396] INFO  AutomationFramework - Clicking element: tabNotes
2026-06-01 15:53:33 [35396] INFO  AutomationFramework - [OK] Click successful: tabNotes
2026-06-01 15:53:33 [35396] INFO  AutomationFramework - [OK] Notes ensured empty (DB clean)
  ok 267 [encore-locations] › specs\locations\location-notes.spec.ts:599:7 › Location Notes — FCC @locations @notes @fcc › TC-LOC-NTS-059: Sequential save persists most recent value (HIST row verification deferred to HIST spec) (13.9s)
2026-06-01 15:53:33 [35396] INFO  AutomationFramework - LocationNotesPage initialized
2026-06-01 15:53:35 [35396] INFO  AutomationFramework - Clicking element: tabNotes
2026-06-01 15:53:37 [35396] INFO  AutomationFramework - [OK] Click successful: tabNotes
2026-06-01 15:53:37 [35396] INFO  AutomationFramework - [OK] Notes ensured empty (DB clean)
2026-06-01 15:53:37 [35396] INFO  AutomationFramework - Clicking element: btnNotesAdd
2026-06-01 15:53:37 [35396] INFO  AutomationFramework - [OK] Click successful: btnNotesAdd
2026-06-01 15:53:37 [35396] INFO  AutomationFramework - [OK] Filled note row 0 with 1 chars
2026-06-01 15:53:37 [35396] INFO  AutomationFramework - Save confirmation dialog appeared -- confirming
2026-06-01 15:53:37 [35396] INFO  AutomationFramework - [OK] Save complete (btnSaveNotes)
2026-06-01 15:53:38 [35396] INFO  AutomationFramework - [OK] Tab active: tabNotes
2026-06-01 15:53:38 [35396] INFO  AutomationFramework - [OK] All note rows deleted
2026-06-01 15:53:40 [35396] INFO  AutomationFramework - [INFO] Save did not enable within 2s after delete — will reload for fresh form state
2026-06-01 15:53:40 [35396] INFO  AutomationFramework - [INFO] Save disabled after delete — reloading for fresh form state
2026-06-01 15:53:41 [35396] INFO  AutomationFramework - Clicking element: tabNotes
2026-06-01 15:53:43 [35396] INFO  AutomationFramework - [OK] Click successful: tabNotes
2026-06-01 15:53:43 [35396] INFO  AutomationFramework - [OK] All note rows deleted
2026-06-01 15:53:43 [35396] INFO  AutomationFramework - Save confirmation dialog appeared -- confirming
2026-06-01 15:53:44 [35396] INFO  AutomationFramework - [OK] Save complete (btnSaveNotes)
2026-06-01 15:53:45 [35396] INFO  AutomationFramework - Clicking element: tabNotes
2026-06-01 15:53:46 [35396] INFO  AutomationFramework - [OK] Click successful: tabNotes
2026-06-01 15:53:46 [35396] INFO  AutomationFramework - [OK] Notes ensured empty (DB clean)
  ok 268 [encore-locations] › specs\locations\location-notes.spec.ts:617:7 › Location Notes — FCC @locations @notes @fcc › TC-LOC-NTS-060: Save Notes → switch to Currency tab — Currency NOT dirty (cross-tab isolation) (13.0s)
2026-06-01 15:53:46 [35396] INFO  AutomationFramework - LocationNotesPage initialized
2026-06-01 15:53:48 [35396] INFO  AutomationFramework - Clicking element: tabNotes
2026-06-01 15:53:49 [35396] INFO  AutomationFramework - [OK] Click successful: tabNotes
2026-06-01 15:53:49 [35396] INFO  AutomationFramework - [OK] Notes ensured empty (DB clean)
2026-06-01 15:53:49 [35396] INFO  AutomationFramework - Clicking element: btnNotesAdd
2026-06-01 15:53:49 [35396] INFO  AutomationFramework - [OK] Click successful: btnNotesAdd
2026-06-01 15:53:49 [35396] INFO  AutomationFramework - [OK] Filled note row 0 with 15 chars
2026-06-01 15:53:49 [35396] INFO  AutomationFramework - Save confirmation dialog appeared -- confirming
2026-06-01 15:53:50 [35396] INFO  AutomationFramework - [OK] Save complete (btnSaveNotes)
2026-06-01 15:53:51 [35396] INFO  AutomationFramework - Clicking element: tabNotes
2026-06-01 15:53:52 [35396] INFO  AutomationFramework - [OK] Click successful: tabNotes
2026-06-01 15:53:53 [35396] INFO  AutomationFramework - [OK] All note rows deleted
2026-06-01 15:53:53 [35396] INFO  AutomationFramework - Save confirmation dialog appeared -- confirming
2026-06-01 15:53:53 [35396] INFO  AutomationFramework - [OK] Save complete (btnSaveNotes)
2026-06-01 15:53:54 [35396] INFO  AutomationFramework - Clicking element: tabNotes
2026-06-01 15:53:56 [35396] INFO  AutomationFramework - [OK] Click successful: tabNotes
2026-06-01 15:53:56 [35396] INFO  AutomationFramework - [OK] Notes ensured empty (DB clean)
  ok 269 [encore-locations] › specs\locations\location-notes.spec.ts:641:7 › Location Notes — FCC @locations @notes @fcc › TC-LOC-NTS-061: Post-save row content check (assert content, not count per LR-053) (9.8s)
2026-06-01 15:53:56 [35396] INFO  AutomationFramework - LocationNotesPage initialized
2026-06-01 15:53:56 [35396] INFO  AutomationFramework - [OK] Tab active: tabNotes
2026-06-01 15:53:57 [35396] INFO  AutomationFramework - Clicking element: tabNotes
2026-06-01 15:53:59 [35396] INFO  AutomationFramework - [OK] Click successful: tabNotes
2026-06-01 15:53:59 [35396] INFO  AutomationFramework - [OK] Notes ensured empty (DB clean)
  ok 270 [encore-locations] › specs\locations\location-notes.spec.ts:674:7 › Location Notes @locations @notes › TC-LOC-NTS-001: Verify Notes tab default empty state (2.7s)
2026-06-01 15:53:59 [35396] INFO  AutomationFramework - LocationNotesPage initialized
2026-06-01 15:53:59 [35396] INFO  AutomationFramework - Clicking element: btnNotesAdd
2026-06-01 15:53:59 [35396] INFO  AutomationFramework - [OK] Click successful: btnNotesAdd
2026-06-01 15:53:59 [35396] INFO  AutomationFramework - [OK] Filled note row 0 with 25 chars
2026-06-01 15:53:59 [35396] INFO  AutomationFramework - [fixture] Auto-accepting beforeunload dialog
2026-06-01 15:54:01 [35396] INFO  AutomationFramework - Clicking element: tabNotes
2026-06-01 15:54:03 [35396] INFO  AutomationFramework - [OK] Click successful: tabNotes
  ok 271 [encore-locations] › specs\locations\location-notes.spec.ts:690:7 › Location Notes @locations @notes › TC-LOC-NTS-002: Type text in textarea and verify counter updates (3.7s)
2026-06-01 15:54:03 [35396] INFO  AutomationFramework - LocationNotesPage initialized
2026-06-01 15:54:03 [35396] INFO  AutomationFramework - Clicking element: btnNotesAdd
2026-06-01 15:54:03 [35396] INFO  AutomationFramework - [OK] Click successful: btnNotesAdd
2026-06-01 15:54:03 [35396] INFO  AutomationFramework - [OK] Filled note row 0 with 10 chars
2026-06-01 15:54:03 [35396] INFO  AutomationFramework - Clicking element: btnNotesAdd
2026-06-01 15:54:03 [35396] INFO  AutomationFramework - [OK] Click successful: btnNotesAdd
2026-06-01 15:54:03 [35396] INFO  AutomationFramework - [fixture] Auto-accepting beforeunload dialog
2026-06-01 15:54:03 [35396] INFO  AutomationFramework - Clicking element: tabNotes
2026-06-01 15:54:05 [35396] INFO  AutomationFramework - [OK] Click successful: tabNotes
  ok 272 [encore-locations] › specs\locations\location-notes.spec.ts:700:7 › Location Notes @locations @notes › TC-LOC-NTS-003: Add second note row and verify Delete button behavior (2.4s)
2026-06-01 15:54:05 [35396] INFO  AutomationFramework - LocationNotesPage initialized
2026-06-01 15:54:05 [35396] INFO  AutomationFramework - Clicking element: btnNotesAdd
2026-06-01 15:54:05 [35396] INFO  AutomationFramework - [OK] Click successful: btnNotesAdd
2026-06-01 15:54:05 [35396] INFO  AutomationFramework - [OK] Filled note row 0 with 5 chars
2026-06-01 15:54:05 [35396] INFO  AutomationFramework - Clicking element: btnNotesAdd
2026-06-01 15:54:05 [35396] INFO  AutomationFramework - [OK] Click successful: btnNotesAdd
2026-06-01 15:54:05 [35396] INFO  AutomationFramework - [OK] Filled note row 1 with 5 chars
2026-06-01 15:54:05 [35396] INFO  AutomationFramework - Clicking element: btnNotesAdd
2026-06-01 15:54:05 [35396] INFO  AutomationFramework - [OK] Click successful: btnNotesAdd
2026-06-01 15:54:05 [35396] INFO  AutomationFramework - [OK] Filled note row 2 with 3 chars
2026-06-01 15:54:06 [35396] INFO  AutomationFramework - [fixture] Auto-accepting beforeunload dialog
2026-06-01 15:54:06 [35396] INFO  AutomationFramework - Clicking element: tabNotes
2026-06-01 15:54:08 [35396] INFO  AutomationFramework - [OK] Click successful: tabNotes
  ok 273 [encore-locations] › specs\locations\location-notes.spec.ts:712:7 › Location Notes @locations @notes › TC-LOC-NTS-004: Multi-row counter includes delimiter per row boundary (2.8s)
2026-06-01 15:54:08 [35396] INFO  AutomationFramework - LocationNotesPage initialized
2026-06-01 15:54:08 [35396] INFO  AutomationFramework - Clicking element: btnNotesAdd
2026-06-01 15:54:08 [35396] INFO  AutomationFramework - [OK] Click successful: btnNotesAdd
2026-06-01 15:54:08 [35396] INFO  AutomationFramework - [OK] Filled note row 0 with 10 chars
2026-06-01 15:54:08 [35396] INFO  AutomationFramework - Clicking element: btnNotesAdd
2026-06-01 15:54:08 [35396] INFO  AutomationFramework - [OK] Click successful: btnNotesAdd
2026-06-01 15:54:08 [35396] INFO  AutomationFramework - [OK] Filled note row 1 with 11 chars
2026-06-01 15:54:08 [35396] INFO  AutomationFramework - [OK] Deleted note row 1
2026-06-01 15:54:08 [35396] INFO  AutomationFramework - [fixture] Auto-accepting beforeunload dialog
2026-06-01 15:54:09 [35396] INFO  AutomationFramework - Clicking element: tabNotes
2026-06-01 15:54:11 [35396] INFO  AutomationFramework - [OK] Click successful: tabNotes
  ok 274 [encore-locations] › specs\locations\location-notes.spec.ts:728:7 › Location Notes @locations @notes › TC-LOC-NTS-005: Delete a row and verify counter decreases (3.1s)
2026-06-01 15:54:11 [35396] INFO  AutomationFramework - LocationNotesPage initialized
2026-06-01 15:54:11 [35396] INFO  AutomationFramework - Clicking element: btnNotesAdd
2026-06-01 15:54:11 [35396] INFO  AutomationFramework - [OK] Click successful: btnNotesAdd
2026-06-01 15:54:11 [35396] INFO  AutomationFramework - [OK] Filled note row 0 with 40 chars
2026-06-01 15:54:11 [35396] INFO  AutomationFramework - [OK] Filled note row 0 with 2000 chars
2026-06-01 15:54:11 [35396] INFO  AutomationFramework - [fixture] Auto-accepting beforeunload dialog
2026-06-01 15:54:12 [35396] INFO  AutomationFramework - Clicking element: tabNotes
2026-06-01 15:54:14 [35396] INFO  AutomationFramework - [OK] Click successful: tabNotes
  ok 275 [encore-locations] › specs\locations\location-notes.spec.ts:740:7 › Location Notes @locations @notes › TC-LOC-NTS-006: Progress bar updates proportionally with character usage (2.8s)
2026-06-01 15:54:14 [35396] INFO  AutomationFramework - LocationNotesPage initialized
2026-06-01 15:54:14 [35396] INFO  AutomationFramework - Clicking element: btnNotesAdd
2026-06-01 15:54:14 [35396] INFO  AutomationFramework - [OK] Click successful: btnNotesAdd
2026-06-01 15:54:14 [35396] INFO  AutomationFramework - [OK] Filled note row 0 with 4000 chars
2026-06-01 15:54:14 [35396] INFO  AutomationFramework - [OK] Pasted 4001 chars into note row 0
2026-06-01 15:54:14 [35396] INFO  AutomationFramework - [fixture] Auto-accepting beforeunload dialog
2026-06-01 15:54:16 [35396] INFO  AutomationFramework - Clicking element: tabNotes
2026-06-01 15:54:18 [35396] INFO  AutomationFramework - [OK] Click successful: tabNotes
  ok 276 [encore-locations] › specs\locations\location-notes.spec.ts:750:7 › Location Notes @locations @notes › TC-LOC-NTS-007: Verify 4000 character limit (soft enforcement) (4.0s)
2026-06-01 15:54:18 [35396] INFO  AutomationFramework - LocationNotesPage initialized
2026-06-01 15:54:18 [35396] INFO  AutomationFramework - Clicking element: btnNotesAdd
2026-06-01 15:54:18 [35396] INFO  AutomationFramework - [OK] Click successful: btnNotesAdd
2026-06-01 15:54:18 [35396] INFO  AutomationFramework - [OK] Filled note row 0 with 18 chars
2026-06-01 15:54:18 [35396] INFO  AutomationFramework - Clicking element: btnSaveNotes
2026-06-01 15:54:18 [35396] INFO  AutomationFramework - [OK] Click successful: btnSaveNotes
2026-06-01 15:54:19 [35396] INFO  AutomationFramework - [OK] All note rows deleted
2026-06-01 15:54:21 [35396] INFO  AutomationFramework - [INFO] Save did not enable within 2s after delete — will reload for fresh form state
2026-06-01 15:54:21 [35396] INFO  AutomationFramework - [INFO] Save disabled after delete — reloading for fresh form state
2026-06-01 15:54:22 [35396] INFO  AutomationFramework - Clicking element: tabNotes
2026-06-01 15:54:23 [35396] INFO  AutomationFramework - [OK] Click successful: tabNotes
2026-06-01 15:54:23 [35396] INFO  AutomationFramework - [OK] All note rows deleted
2026-06-01 15:54:24 [35396] INFO  AutomationFramework - Save confirmation dialog appeared -- confirming
2026-06-01 15:54:24 [35396] INFO  AutomationFramework - [OK] Save complete (btnSaveNotes)
2026-06-01 15:54:25 [35396] INFO  AutomationFramework - Clicking element: tabNotes
2026-06-01 15:54:26 [35396] INFO  AutomationFramework - [OK] Click successful: tabNotes
2026-06-01 15:54:26 [35396] INFO  AutomationFramework - [OK] Notes ensured empty (DB clean)
  ok 277 [encore-locations] › specs\locations\location-notes.spec.ts:765:7 › Location Notes @locations @notes › TC-LOC-NTS-008: Save notes via left-panel Save button (8.4s)
2026-06-01 15:54:26 [35396] INFO  AutomationFramework - LocationNotesPage initialized
2026-06-01 15:54:26 [35396] INFO  AutomationFramework - Clicking element: btnNotesAdd
2026-06-01 15:54:26 [35396] INFO  AutomationFramework - [OK] Click successful: btnNotesAdd
2026-06-01 15:54:26 [35396] INFO  AutomationFramework - [OK] Filled note row 0 with 15 chars
2026-06-01 15:54:27 [35396] INFO  AutomationFramework - Save confirmation dialog appeared -- confirming
2026-06-01 15:54:27 [35396] INFO  AutomationFramework - [OK] Save complete (btnSaveNotes)
2026-06-01 15:54:28 [35396] INFO  AutomationFramework - Clicking element: tabNotes
2026-06-01 15:54:29 [35396] INFO  AutomationFramework - [OK] Click successful: tabNotes
2026-06-01 15:54:30 [35396] INFO  AutomationFramework - [OK] All note rows deleted
2026-06-01 15:54:30 [35396] INFO  AutomationFramework - Save confirmation dialog appeared -- confirming
2026-06-01 15:54:31 [35396] INFO  AutomationFramework - [OK] Save complete (btnSaveNotes)
2026-06-01 15:54:32 [35396] INFO  AutomationFramework - Clicking element: tabNotes
2026-06-01 15:54:33 [35396] INFO  AutomationFramework - [OK] Click successful: tabNotes
2026-06-01 15:54:33 [35396] INFO  AutomationFramework - [OK] Notes ensured empty (DB clean)
  ok 278 [encore-locations] › specs\locations\location-notes.spec.ts:778:7 › Location Notes @locations @notes › TC-LOC-NTS-009: Notes persist after page reload (7.0s)
2026-06-01 15:54:33 [35396] INFO  AutomationFramework - LocationNotesPage initialized
2026-06-01 15:54:33 [35396] INFO  AutomationFramework - Clicking element: btnNotesAdd
2026-06-01 15:54:33 [35396] INFO  AutomationFramework - [OK] Click successful: btnNotesAdd
2026-06-01 15:54:33 [35396] INFO  AutomationFramework - [OK] Filled note row 0 with 14 chars
2026-06-01 15:54:33 [35396] INFO  AutomationFramework - Clicking element: tabCurrency
2026-06-01 15:54:33 [35396] INFO  AutomationFramework - [OK] Click successful: tabCurrency
2026-06-01 15:54:33 [35396] INFO  AutomationFramework - Clicking element: tabNotes
2026-06-01 15:54:34 [35396] INFO  AutomationFramework - [OK] Click successful: tabNotes
2026-06-01 15:54:34 [35396] INFO  AutomationFramework - [fixture] Auto-accepting beforeunload dialog
2026-06-01 15:54:35 [35396] INFO  AutomationFramework - Clicking element: tabNotes
2026-06-01 15:54:37 [35396] INFO  AutomationFramework - [OK] Click successful: tabNotes
  ok 279 [encore-locations] › specs\locations\location-notes.spec.ts:791:7 › Location Notes @locations @notes › TC-LOC-NTS-010: Tab switch preserves unsaved notes (3.8s)
2026-06-01 15:54:37 [35396] INFO  AutomationFramework - LocationNotesPage initialized
2026-06-01 15:54:37 [35396] INFO  AutomationFramework - Clicking element: btnNotesAdd
2026-06-01 15:54:37 [35396] INFO  AutomationFramework - [OK] Click successful: btnNotesAdd
2026-06-01 15:54:37 [35396] INFO  AutomationFramework - [OK] Filled note row 0 with 12 chars
2026-06-01 15:54:37 [35396] INFO  AutomationFramework - [fixture] beforeunload dialog deferred to test handler (skip flag set)
2026-06-01 15:54:38 [35396] INFO  AutomationFramework - [fixture] Auto-accepting beforeunload dialog
2026-06-01 15:54:39 [35396] INFO  AutomationFramework - Clicking element: tabNotes
2026-06-01 15:54:41 [35396] INFO  AutomationFramework - [OK] Click successful: tabNotes
  ok 280 [encore-locations] › specs\locations\location-notes.spec.ts:802:7 › Location Notes @locations @notes › TC-LOC-NTS-011: Navigation away triggers browser beforeunload dialog (3.6s)
2026-06-01 15:54:41 [35396] INFO  AutomationFramework - LocationNotesPage initialized
2026-06-01 15:54:41 [35396] INFO  AutomationFramework - Clicking element: btnNotesAdd
2026-06-01 15:54:41 [35396] INFO  AutomationFramework - [OK] Click successful: btnNotesAdd
2026-06-01 15:54:41 [35396] INFO  AutomationFramework - [OK] Filled note row 0 with 10 chars
2026-06-01 15:54:41 [35396] INFO  AutomationFramework - Save confirmation dialog appeared -- confirming
2026-06-01 15:54:41 [35396] INFO  AutomationFramework - [OK] Save complete (btnSaveNotes)
2026-06-01 15:54:42 [35396] INFO  AutomationFramework - [OK] All note rows deleted
2026-06-01 15:54:44 [35396] INFO  AutomationFramework - [INFO] Save did not enable within 2s after delete — will reload for fresh form state
2026-06-01 15:54:44 [35396] INFO  AutomationFramework - [INFO] Save disabled after delete — reloading for fresh form state
2026-06-01 15:54:45 [35396] INFO  AutomationFramework - Clicking element: tabNotes
2026-06-01 15:54:46 [35396] INFO  AutomationFramework - [OK] Click successful: tabNotes
2026-06-01 15:54:46 [35396] INFO  AutomationFramework - [OK] All note rows deleted
2026-06-01 15:54:47 [35396] INFO  AutomationFramework - Save confirmation dialog appeared -- confirming
2026-06-01 15:54:47 [35396] INFO  AutomationFramework - [OK] Save complete (btnSaveNotes)
2026-06-01 15:54:48 [35396] INFO  AutomationFramework - Clicking element: tabNotes
2026-06-01 15:54:50 [35396] INFO  AutomationFramework - [OK] Click successful: tabNotes
2026-06-01 15:54:50 [35396] INFO  AutomationFramework - [OK] Notes ensured empty (DB clean)
2026-06-01 15:54:51 [35396] INFO  AutomationFramework - Clicking element: tabNotes
2026-06-01 15:54:52 [35396] INFO  AutomationFramework - [OK] Click successful: tabNotes
  ok 281 [encore-locations] › specs\locations\location-notes.spec.ts:812:7 › Location Notes @locations @notes › TC-LOC-NTS-012: Delete all notes and save empty state (11.5s)
2026-06-01 15:54:52 [35396] INFO  AutomationFramework - LocationNotesPage initialized
2026-06-01 15:54:54 [35396] INFO  AutomationFramework - Clicking element: tabNotes
2026-06-01 15:54:55 [35396] INFO  AutomationFramework - [OK] Click successful: tabNotes
2026-06-01 15:54:55 [35396] INFO  AutomationFramework - [OK] Notes ensured empty (DB clean)
2026-06-01 15:54:55 [35396] INFO  AutomationFramework - Clicking element: btnNotesAdd
2026-06-01 15:54:55 [35396] INFO  AutomationFramework - [OK] Click successful: btnNotesAdd
2026-06-01 15:54:56 [35396] INFO  AutomationFramework - [OK] Filled note row 0 with 26 chars
2026-06-01 15:54:56 [35396] INFO  AutomationFramework - Save confirmation dialog appeared -- confirming
2026-06-01 15:54:56 [35396] INFO  AutomationFramework - [OK] Save complete (btnSaveNotes)
2026-06-01 15:54:57 [35396] INFO  AutomationFramework - Clicking element: tabNotes
2026-06-01 15:54:59 [35396] INFO  AutomationFramework - [OK] Click successful: tabNotes
2026-06-01 15:54:59 [35396] INFO  AutomationFramework - [OK] All note rows deleted
2026-06-01 15:55:00 [35396] INFO  AutomationFramework - Save confirmation dialog appeared -- confirming
2026-06-01 15:55:00 [35396] INFO  AutomationFramework - [OK] Save complete (btnSaveNotes)
2026-06-01 15:55:00 [35396] INFO  AutomationFramework - Clicking element: tabNotes
2026-06-01 15:55:02 [35396] INFO  AutomationFramework - [OK] Click successful: tabNotes
2026-06-01 15:55:02 [35396] INFO  AutomationFramework - [OK] Notes ensured empty (DB clean)
  ok 282 [encore-locations] › specs\locations\location-notes.spec.ts:826:9 › Location Notes @locations @notes › TC-LOC-NTS-013: Special/HTML characters stored correctly (9.9s)
2026-06-01 15:55:02 [35396] INFO  AutomationFramework - LocationNotesPage initialized
2026-06-01 15:55:04 [35396] INFO  AutomationFramework - Clicking element: tabNotes
2026-06-01 15:55:06 [35396] INFO  AutomationFramework - [OK] Click successful: tabNotes
2026-06-01 15:55:06 [35396] INFO  AutomationFramework - [OK] Notes ensured empty (DB clean)
2026-06-01 15:55:06 [35396] INFO  AutomationFramework - Clicking element: btnNotesAdd
2026-06-01 15:55:06 [35396] INFO  AutomationFramework - [OK] Click successful: btnNotesAdd
2026-06-01 15:55:06 [35396] INFO  AutomationFramework - [OK] Filled note row 0 with 25 chars
2026-06-01 15:55:06 [35396] INFO  AutomationFramework - Save confirmation dialog appeared -- confirming
2026-06-01 15:55:06 [35396] INFO  AutomationFramework - [OK] Save complete (btnSaveNotes)
2026-06-01 15:55:07 [35396] INFO  AutomationFramework - Clicking element: tabNotes
2026-06-01 15:55:08 [35396] INFO  AutomationFramework - [OK] Click successful: tabNotes
2026-06-01 15:55:09 [35396] INFO  AutomationFramework - [OK] All note rows deleted
2026-06-01 15:55:09 [35396] INFO  AutomationFramework - Save confirmation dialog appeared -- confirming
2026-06-01 15:55:10 [35396] INFO  AutomationFramework - [OK] Save complete (btnSaveNotes)
2026-06-01 15:55:11 [35396] INFO  AutomationFramework - Clicking element: tabNotes
2026-06-01 15:55:13 [35396] INFO  AutomationFramework - [OK] Click successful: tabNotes
2026-06-01 15:55:13 [35396] INFO  AutomationFramework - [OK] Notes ensured empty (DB clean)
  ok 283 [encore-locations] › specs\locations\location-notes.spec.ts:826:9 › Location Notes @locations @notes › TC-LOC-NTS-018: XSS payload stored as text (10.8s)
2026-06-01 15:55:13 [35396] INFO  AutomationFramework - LocationNotesPage initialized
2026-06-01 15:55:14 [35396] INFO  AutomationFramework - Clicking element: tabNotes
2026-06-01 15:55:16 [35396] INFO  AutomationFramework - [OK] Click successful: tabNotes
2026-06-01 15:55:16 [35396] INFO  AutomationFramework - [OK] Notes ensured empty (DB clean)
2026-06-01 15:55:16 [35396] INFO  AutomationFramework - Clicking element: btnNotesAdd
2026-06-01 15:55:16 [35396] INFO  AutomationFramework - [OK] Click successful: btnNotesAdd
2026-06-01 15:55:16 [35396] INFO  AutomationFramework - [OK] Filled note row 0 with 23 chars
2026-06-01 15:55:16 [35396] INFO  AutomationFramework - Save confirmation dialog appeared -- confirming
2026-06-01 15:55:18 [35396] INFO  AutomationFramework - [OK] Save complete (btnSaveNotes)
2026-06-01 15:55:18 [35396] INFO  AutomationFramework - Clicking element: tabNotes
2026-06-01 15:55:20 [35396] INFO  AutomationFramework - [OK] Click successful: tabNotes
2026-06-01 15:55:21 [35396] INFO  AutomationFramework - [OK] All note rows deleted
2026-06-01 15:55:21 [35396] INFO  AutomationFramework - Save confirmation dialog appeared -- confirming
2026-06-01 15:55:22 [35396] INFO  AutomationFramework - [OK] Save complete (btnSaveNotes)
2026-06-01 15:55:23 [35396] INFO  AutomationFramework - Clicking element: tabNotes
2026-06-01 15:55:24 [35396] INFO  AutomationFramework - [OK] Click successful: tabNotes
2026-06-01 15:55:24 [35396] INFO  AutomationFramework - [OK] Notes ensured empty (DB clean)
  ok 284 [encore-locations] › specs\locations\location-notes.spec.ts:826:9 › Location Notes @locations @notes › TC-LOC-NTS-019: SQL injection stored as text (11.2s)
2026-06-01 15:55:24 [35396] INFO  AutomationFramework - LocationNotesPage initialized
2026-06-01 15:55:27 [35396] INFO  AutomationFramework - Clicking element: tabNotes
2026-06-01 15:55:29 [35396] INFO  AutomationFramework - [OK] Click successful: tabNotes
2026-06-01 15:55:29 [35396] INFO  AutomationFramework - [OK] Notes ensured empty (DB clean)
2026-06-01 15:55:29 [35396] INFO  AutomationFramework - Clicking element: btnNotesAdd
2026-06-01 15:55:29 [35396] INFO  AutomationFramework - [OK] Click successful: btnNotesAdd
2026-06-01 15:55:29 [35396] INFO  AutomationFramework - [OK] Filled note row 0 with 17 chars
2026-06-01 15:55:29 [35396] INFO  AutomationFramework - Save confirmation dialog appeared -- confirming
2026-06-01 15:55:29 [35396] INFO  AutomationFramework - [OK] Save complete (btnSaveNotes)
2026-06-01 15:55:30 [35396] INFO  AutomationFramework - Clicking element: tabNotes
2026-06-01 15:55:31 [35396] INFO  AutomationFramework - [OK] Click successful: tabNotes
2026-06-01 15:55:32 [35396] INFO  AutomationFramework - [OK] All note rows deleted
2026-06-01 15:55:32 [35396] INFO  AutomationFramework - Save confirmation dialog appeared -- confirming
2026-06-01 15:55:33 [35396] INFO  AutomationFramework - [OK] Save complete (btnSaveNotes)
2026-06-01 15:55:34 [35396] INFO  AutomationFramework - Clicking element: tabNotes
2026-06-01 15:55:35 [35396] INFO  AutomationFramework - [OK] Click successful: tabNotes
2026-06-01 15:55:35 [35396] INFO  AutomationFramework - [OK] Notes ensured empty (DB clean)
  ok 285 [encore-locations] › specs\locations\location-notes.spec.ts:826:9 › Location Notes @locations @notes › TC-LOC-NTS-020: Emoji and unicode preserved (11.0s)
2026-06-01 15:55:35 [35396] INFO  AutomationFramework - LocationNotesPage initialized
2026-06-01 15:55:35 [35396] INFO  AutomationFramework - Clicking element: btnNotesAdd
2026-06-01 15:55:35 [35396] INFO  AutomationFramework - [OK] Click successful: btnNotesAdd
2026-06-01 15:55:35 [35396] INFO  AutomationFramework - Clicking element: btnNotesAdd
2026-06-01 15:55:35 [35396] INFO  AutomationFramework - [OK] Click successful: btnNotesAdd
2026-06-01 15:55:35 [35396] INFO  AutomationFramework - Clicking element: btnNotesAdd
2026-06-01 15:55:35 [35396] INFO  AutomationFramework - [OK] Click successful: btnNotesAdd
2026-06-01 15:55:35 [35396] INFO  AutomationFramework - [OK] Filled note row 0 with 5 chars
2026-06-01 15:55:36 [35396] INFO  AutomationFramework - [OK] Filled note row 1 with 5 chars
2026-06-01 15:55:36 [35396] INFO  AutomationFramework - [OK] Filled note row 2 with 5 chars
2026-06-01 15:55:36 [35396] INFO  AutomationFramework - [fixture] Auto-accepting beforeunload dialog
2026-06-01 15:55:37 [35396] INFO  AutomationFramework - Clicking element: tabNotes
2026-06-01 15:55:39 [35396] INFO  AutomationFramework - [OK] Click successful: tabNotes
  ok 286 [encore-locations] › specs\locations\location-notes.spec.ts:842:7 › Location Notes @locations @notes › TC-LOC-NTS-014: Add multiple rows and verify sequential positions (3.5s)
2026-06-01 15:55:39 [35396] INFO  AutomationFramework - LocationNotesPage initialized
2026-06-01 15:55:39 [35396] INFO  AutomationFramework - Clicking element: btnNotesAdd
2026-06-01 15:55:39 [35396] INFO  AutomationFramework - [OK] Click successful: btnNotesAdd
2026-06-01 15:55:39 [35396] INFO  AutomationFramework - [OK] Filled note row 0 with 5 chars
2026-06-01 15:55:39 [35396] INFO  AutomationFramework - Clicking element: btnNotesAdd
2026-06-01 15:55:39 [35396] INFO  AutomationFramework - [OK] Click successful: btnNotesAdd
2026-06-01 15:55:39 [35396] INFO  AutomationFramework - [OK] Filled note row 1 with 5 chars
2026-06-01 15:55:39 [35396] INFO  AutomationFramework - Clicking element: btnNotesAdd
2026-06-01 15:55:39 [35396] INFO  AutomationFramework - [OK] Click successful: btnNotesAdd
2026-06-01 15:55:39 [35396] INFO  AutomationFramework - [OK] Filled note row 2 with 5 chars
2026-06-01 15:55:39 [35396] INFO  AutomationFramework - [OK] Deleted note row 1
2026-06-01 15:55:39 [35396] INFO  AutomationFramework - [fixture] Auto-accepting beforeunload dialog
2026-06-01 15:55:40 [35396] INFO  AutomationFramework - Clicking element: tabNotes
2026-06-01 15:55:42 [35396] INFO  AutomationFramework - [OK] Click successful: tabNotes
  ok 287 [encore-locations] › specs\locations\location-notes.spec.ts:858:7 › Location Notes @locations @notes › TC-LOC-NTS-015: Delete middle row and verify remaining rows shift (3.0s)
2026-06-01 15:55:42 [35396] INFO  AutomationFramework - LocationNotesPage initialized
2026-06-01 15:55:43 [35396] INFO  AutomationFramework - Clicking element: tabNotes
2026-06-01 15:55:44 [35396] INFO  AutomationFramework - [OK] Click successful: tabNotes
2026-06-01 15:55:44 [35396] INFO  AutomationFramework - [OK] Notes ensured empty (DB clean)
2026-06-01 15:55:44 [35396] INFO  AutomationFramework - Clicking element: btnNotesAdd
2026-06-01 15:55:44 [35396] INFO  AutomationFramework - [OK] Click successful: btnNotesAdd
2026-06-01 15:55:44 [35396] INFO  AutomationFramework - [OK] Filled note row 0 with 1 chars
2026-06-01 15:55:44 [35396] INFO  AutomationFramework - [fixture] Auto-accepting beforeunload dialog
2026-06-01 15:55:45 [35396] INFO  AutomationFramework - Clicking element: tabNotes
2026-06-01 15:55:47 [35396] INFO  AutomationFramework - [OK] Click successful: tabNotes
  ok 288 [encore-locations] › specs\locations\location-notes.spec.ts:874:7 › Location Notes @locations @notes › TC-LOC-NTS-016: Row created via Add has Delete visible; typing keeps it (5.3s)
2026-06-01 15:55:47 [35396] INFO  AutomationFramework - LocationNotesPage initialized
2026-06-01 15:55:47 [35396] INFO  AutomationFramework - Clicking element: btnNotesAdd
2026-06-01 15:55:47 [35396] INFO  AutomationFramework - [OK] Click successful: btnNotesAdd
2026-06-01 15:55:47 [35396] INFO  AutomationFramework - [OK] Filled note row 0 with 10 chars
2026-06-01 15:55:47 [35396] INFO  AutomationFramework - [OK] Deleted note row 0
2026-06-01 15:55:47 [35396] INFO  AutomationFramework - [fixture] Auto-accepting beforeunload dialog
2026-06-01 15:55:48 [35396] INFO  AutomationFramework - Clicking element: tabNotes
2026-06-01 15:55:49 [35396] INFO  AutomationFramework - [OK] Click successful: tabNotes
  ok 289 [encore-locations] › specs\locations\location-notes.spec.ts:891:7 › Location Notes @locations @notes › TC-LOC-NTS-017: Delete last remaining row restores No Notes Available (2.6s)
2026-06-01 15:55:49 [35396] INFO  AutomationFramework - LocationNotesPage initialized
2026-06-01 15:55:50 [35396] INFO  AutomationFramework - Clicking element: btnNotesAdd
2026-06-01 15:55:50 [35396] INFO  AutomationFramework - [OK] Click successful: btnNotesAdd
2026-06-01 15:55:50 [35396] INFO  AutomationFramework - [OK] Pasted 4001 chars into note row 0
2026-06-01 15:55:50 [35396] INFO  AutomationFramework - [fixture] Auto-accepting beforeunload dialog
2026-06-01 15:55:50 [35396] INFO  AutomationFramework - Clicking element: tabNotes
2026-06-01 15:55:52 [35396] INFO  AutomationFramework - [OK] Click successful: tabNotes
  ok 290 [encore-locations] › specs\locations\location-notes.spec.ts:906:7 › Location Notes @locations @notes › TC-LOC-NTS-021: Paste exceeds 4000 char limit — counter shows overage (2.5s)
2026-06-01 15:55:52 [35396] INFO  AutomationFramework - LocationNotesPage initialized
2026-06-01 15:55:52 [35396] INFO  AutomationFramework - Clicking element: btnNotesAdd
2026-06-01 15:55:52 [35396] INFO  AutomationFramework - [OK] Click successful: btnNotesAdd
2026-06-01 15:55:52 [35396] INFO  AutomationFramework - [fixture] Auto-accepting beforeunload dialog
2026-06-01 15:55:53 [35396] INFO  AutomationFramework - Clicking element: tabNotes
2026-06-01 15:55:56 [35396] INFO  AutomationFramework - [OK] Click successful: tabNotes
  ok 291 [encore-locations] › specs\locations\location-notes.spec.ts:916:7 › Location Notes @locations @notes › TC-LOC-NTS-022: Accessibility — keyboard navigation (3.8s)
2026-06-01 15:55:56 [35396] INFO  AutomationFramework - LocationNotesPage initialized
2026-06-01 15:55:56 [35396] INFO  AutomationFramework - Clicking element: btnNotesAdd
2026-06-01 15:55:56 [35396] INFO  AutomationFramework - [OK] Click successful: btnNotesAdd
2026-06-01 15:55:56 [35396] INFO  AutomationFramework - [OK] Filled note row 0 with 20 chars
2026-06-01 15:55:56 [35396] INFO  AutomationFramework - Save confirmation dialog appeared -- confirming
2026-06-01 15:55:56 [35396] INFO  AutomationFramework - [OK] Save complete (btnSaveNotes)
2026-06-01 15:55:57 [35396] INFO  AutomationFramework - Clicking element: tabNotes
2026-06-01 15:55:59 [35396] INFO  AutomationFramework - [OK] Click successful: tabNotes
2026-06-01 15:56:00 [35396] INFO  AutomationFramework - [OK] All note rows deleted
2026-06-01 15:56:00 [35396] INFO  AutomationFramework - Save confirmation dialog appeared -- confirming
2026-06-01 15:56:01 [35396] INFO  AutomationFramework - [OK] Save complete (btnSaveNotes)
2026-06-01 15:56:01 [35396] INFO  AutomationFramework - Clicking element: tabNotes
2026-06-01 15:56:03 [35396] INFO  AutomationFramework - [OK] Click successful: tabNotes
2026-06-01 15:56:03 [35396] INFO  AutomationFramework - [OK] Notes ensured empty (DB clean)
2026-06-01 15:56:03 [35396] INFO  AutomationFramework - Clicking element: tabNotes
2026-06-01 15:56:05 [35396] INFO  AutomationFramework - [OK] Click successful: tabNotes
  ok 292 [encore-locations] › specs\locations\location-notes.spec.ts:930:7 › Location Notes @locations @notes › TC-LOC-NTS-023: Full lifecycle — add, save, reload, delete, save (9.2s)
2026-06-01 15:56:05 [35396] INFO  AutomationFramework - LocationNotesPage initialized
2026-06-01 15:56:07 [35396] INFO  AutomationFramework - Clicking element: tabNotes
2026-06-01 15:56:09 [35396] INFO  AutomationFramework - [OK] Click successful: tabNotes
2026-06-01 15:56:09 [35396] INFO  AutomationFramework - [OK] Notes ensured empty (DB clean)
2026-06-01 15:56:09 [35396] INFO  AutomationFramework - Clicking element: btnNotesAdd
2026-06-01 15:56:09 [35396] INFO  AutomationFramework - [OK] Click successful: btnNotesAdd
2026-06-01 15:56:09 [35396] INFO  AutomationFramework - [OK] Filled note row 0 with 9 chars
2026-06-01 15:56:09 [35396] INFO  AutomationFramework - Clicking element: btnNotesAdd
2026-06-01 15:56:09 [35396] INFO  AutomationFramework - [OK] Click successful: btnNotesAdd
2026-06-01 15:56:09 [35396] INFO  AutomationFramework - [OK] Filled note row 1 with 8 chars
2026-06-01 15:56:09 [35396] INFO  AutomationFramework - Clicking element: btnNotesAdd
2026-06-01 15:56:09 [35396] INFO  AutomationFramework - [OK] Click successful: btnNotesAdd
2026-06-01 15:56:09 [35396] INFO  AutomationFramework - [OK] Filled note row 2 with 9 chars
2026-06-01 15:56:10 [35396] INFO  AutomationFramework - Save confirmation dialog appeared -- confirming
2026-06-01 15:56:11 [35396] INFO  AutomationFramework - [OK] Save complete (btnSaveNotes)
2026-06-01 15:56:11 [35396] INFO  AutomationFramework - Clicking element: tabNotes
2026-06-01 15:56:13 [35396] INFO  AutomationFramework - [OK] Click successful: tabNotes
2026-06-01 15:56:13 [35396] INFO  AutomationFramework - [OK] All note rows deleted
2026-06-01 15:56:14 [35396] INFO  AutomationFramework - Save confirmation dialog appeared -- confirming
2026-06-01 15:56:14 [35396] INFO  AutomationFramework - [OK] Save complete (btnSaveNotes)
2026-06-01 15:56:15 [35396] INFO  AutomationFramework - Clicking element: tabNotes
2026-06-01 15:56:16 [35396] INFO  AutomationFramework - [OK] Click successful: tabNotes
2026-06-01 15:56:16 [35396] INFO  AutomationFramework - [OK] Notes ensured empty (DB clean)
  ok 293 [encore-locations] › specs\locations\location-notes.spec.ts:950:7 › Location Notes @locations @notes › TC-LOC-NTS-024: Multi-row persistence — 3 rows save+reload+verify (11.3s)
2026-06-01 15:56:16 [35396] INFO  AutomationFramework - LocationNotesPage initialized
2026-06-01 15:56:18 [35396] INFO  AutomationFramework - Clicking element: tabNotes
2026-06-01 15:56:19 [35396] INFO  AutomationFramework - [OK] Click successful: tabNotes
2026-06-01 15:56:19 [35396] INFO  AutomationFramework - [OK] Notes ensured empty (DB clean)
2026-06-01 15:56:19 [35396] INFO  AutomationFramework - Clicking element: btnNotesAdd
2026-06-01 15:56:20 [35396] INFO  AutomationFramework - [OK] Click successful: btnNotesAdd
2026-06-01 15:56:20 [35396] INFO  AutomationFramework - [OK] Filled note row 0 with 4000 chars
2026-06-01 15:56:20 [35396] INFO  AutomationFramework - Save confirmation dialog appeared -- confirming
2026-06-01 15:56:20 [35396] INFO  AutomationFramework - [OK] Save complete (btnSaveNotes)
2026-06-01 15:56:21 [35396] INFO  AutomationFramework - Clicking element: tabNotes
2026-06-01 15:56:22 [35396] INFO  AutomationFramework - [OK] Click successful: tabNotes
2026-06-01 15:56:23 [35396] INFO  AutomationFramework - [OK] All note rows deleted
2026-06-01 15:56:23 [35396] INFO  AutomationFramework - Save confirmation dialog appeared -- confirming
2026-06-01 15:56:23 [35396] INFO  AutomationFramework - [OK] Save complete (btnSaveNotes)
2026-06-01 15:56:25 [35396] INFO  AutomationFramework - Clicking element: tabNotes
2026-06-01 15:56:27 [35396] INFO  AutomationFramework - [OK] Click successful: tabNotes
2026-06-01 15:56:27 [35396] INFO  AutomationFramework - [OK] Notes ensured empty (DB clean)
  ok 294 [encore-locations] › specs\locations\location-notes.spec.ts:976:7 › Location Notes @locations @notes › TC-LOC-NTS-025: Boundary persistence — 4000 chars save+reload (10.4s)
2026-06-01 15:56:27 [35396] INFO  AutomationFramework - LocationNotesPage initialized
2026-06-01 15:56:28 [35396] INFO  AutomationFramework - Clicking element: tabNotes
2026-06-01 15:56:30 [35396] INFO  AutomationFramework - [OK] Click successful: tabNotes
2026-06-01 15:56:30 [35396] INFO  AutomationFramework - [OK] Notes ensured empty (DB clean)
2026-06-01 15:56:30 [35396] INFO  AutomationFramework - Clicking element: btnNotesAdd
2026-06-01 15:56:30 [35396] INFO  AutomationFramework - [OK] Click successful: btnNotesAdd
2026-06-01 15:56:30 [35396] INFO  AutomationFramework - [OK] Filled note row 0 with 10 chars
2026-06-01 15:56:30 [35396] INFO  AutomationFramework - Clicking element: btnNotesAdd
2026-06-01 15:56:30 [35396] INFO  AutomationFramework - [OK] Click successful: btnNotesAdd
2026-06-01 15:56:30 [35396] INFO  AutomationFramework - [OK] Filled note row 1 with 9 chars
2026-06-01 15:56:30 [35396] INFO  AutomationFramework - Clicking element: btnNotesAdd
2026-06-01 15:56:30 [35396] INFO  AutomationFramework - [OK] Click successful: btnNotesAdd
2026-06-01 15:56:31 [35396] INFO  AutomationFramework - [OK] Filled note row 2 with 9 chars
2026-06-01 15:56:31 [35396] INFO  AutomationFramework - [OK] Deleted note row 1
2026-06-01 15:56:31 [35396] INFO  AutomationFramework - Save confirmation dialog appeared -- confirming
2026-06-01 15:56:32 [35396] INFO  AutomationFramework - [OK] Save complete (btnSaveNotes)
2026-06-01 15:56:32 [35396] INFO  AutomationFramework - Clicking element: tabNotes
2026-06-01 15:56:34 [35396] INFO  AutomationFramework - [OK] Click successful: tabNotes
2026-06-01 15:56:35 [35396] INFO  AutomationFramework - [OK] All note rows deleted
2026-06-01 15:56:35 [35396] INFO  AutomationFramework - Save confirmation dialog appeared -- confirming
2026-06-01 15:56:36 [35396] INFO  AutomationFramework - [OK] Save complete (btnSaveNotes)
2026-06-01 15:56:37 [35396] INFO  AutomationFramework - Clicking element: tabNotes
2026-06-01 15:56:39 [35396] INFO  AutomationFramework - [OK] Click successful: tabNotes
2026-06-01 15:56:39 [35396] INFO  AutomationFramework - [OK] Notes ensured empty (DB clean)
  ok 295 [encore-locations] › specs\locations\location-notes.spec.ts:994:7 › Location Notes @locations @notes › TC-LOC-NTS-026: Partial deletion persistence — delete middle row, save, verify remaining (11.8s)
2026-06-01 15:56:39 [35396] INFO  AutomationFramework - LocationNotesPage initialized
2026-06-01 15:56:40 [35396] INFO  AutomationFramework - Clicking element: tabNotes
2026-06-01 15:56:42 [35396] INFO  AutomationFramework - [OK] Click successful: tabNotes
2026-06-01 15:56:42 [35396] INFO  AutomationFramework - [OK] Notes ensured empty (DB clean)
2026-06-01 15:56:42 [35396] INFO  AutomationFramework - Clicking element: btnNotesAdd
2026-06-01 15:56:42 [35396] INFO  AutomationFramework - [OK] Click successful: btnNotesAdd
2026-06-01 15:56:42 [35396] INFO  AutomationFramework - [OK] Filled note row 0 with 16 chars
2026-06-01 15:56:42 [35396] INFO  AutomationFramework - Clicking element: btnSaveNotes
2026-06-01 15:56:42 [35396] INFO  AutomationFramework - [OK] Click successful: btnSaveNotes
2026-06-01 15:56:42 [35396] INFO  AutomationFramework - [fixture] Auto-accepting beforeunload dialog
2026-06-01 15:56:43 [35396] INFO  AutomationFramework - Clicking element: tabNotes
2026-06-01 15:56:45 [35396] INFO  AutomationFramework - [OK] Click successful: tabNotes
  ok 296 [encore-locations] › specs\locations\location-notes.spec.ts:1021:7 › Location Notes @locations @notes › TC-LOC-NTS-027: Cancel save dialog — verify changes NOT persisted (6.4s)
2026-06-01 15:56:45 [35396] INFO  AutomationFramework - LocationNotesPage initialized
2026-06-01 15:56:46 [35396] INFO  AutomationFramework - Clicking element: tabNotes
2026-06-01 15:56:48 [35396] INFO  AutomationFramework - [OK] Click successful: tabNotes
2026-06-01 15:56:48 [35396] INFO  AutomationFramework - [OK] Notes ensured empty (DB clean)
2026-06-01 15:56:48 [35396] INFO  AutomationFramework - Clicking element: btnNotesAdd
2026-06-01 15:56:48 [35396] INFO  AutomationFramework - [OK] Click successful: btnNotesAdd
2026-06-01 15:56:48 [35396] INFO  AutomationFramework - [OK] Filled note row 0 with 12 chars
2026-06-01 15:56:49 [35396] INFO  AutomationFramework - Save confirmation dialog appeared -- confirming
2026-06-01 15:56:49 [35396] INFO  AutomationFramework - [OK] Save complete (btnSaveNotes)
2026-06-01 15:56:50 [35396] INFO  AutomationFramework - Clicking element: tabNotes
2026-06-01 15:56:52 [35396] INFO  AutomationFramework - [OK] Click successful: tabNotes
2026-06-01 15:56:52 [35396] INFO  AutomationFramework - Clicking element: btnNotesAdd
2026-06-01 15:56:52 [35396] INFO  AutomationFramework - [OK] Click successful: btnNotesAdd
2026-06-01 15:56:52 [35396] INFO  AutomationFramework - [OK] Filled note row 1 with 12 chars
2026-06-01 15:56:52 [35396] INFO  AutomationFramework - Save confirmation dialog appeared -- confirming
2026-06-01 15:56:53 [35396] INFO  AutomationFramework - [OK] Save complete (btnSaveNotes)
2026-06-01 15:56:53 [35396] INFO  AutomationFramework - Clicking element: tabNotes
2026-06-01 15:56:55 [35396] INFO  AutomationFramework - [OK] Click successful: tabNotes
2026-06-01 15:56:56 [35396] INFO  AutomationFramework - [OK] All note rows deleted
2026-06-01 15:56:56 [35396] INFO  AutomationFramework - Save confirmation dialog appeared -- confirming
2026-06-01 15:56:57 [35396] INFO  AutomationFramework - [OK] Save complete (btnSaveNotes)
2026-06-01 15:56:57 [35396] INFO  AutomationFramework - Clicking element: tabNotes
2026-06-01 15:56:59 [35396] INFO  AutomationFramework - [OK] Click successful: tabNotes
2026-06-01 15:56:59 [35396] INFO  AutomationFramework - [OK] Notes ensured empty (DB clean)
  ok 297 [encore-locations] › specs\locations\location-notes.spec.ts:1040:7 › Location Notes @locations @notes › TC-LOC-NTS-033: Sequential save — add second note with reload between saves, both persist (14.2s)
2026-06-01 15:56:59 [35396] INFO  AutomationFramework - LocationNotesPage initialized
2026-06-01 15:57:01 [35396] INFO  AutomationFramework - Clicking element: tabNotes
2026-06-01 15:57:03 [35396] INFO  AutomationFramework - [OK] Click successful: tabNotes
2026-06-01 15:57:03 [35396] INFO  AutomationFramework - [OK] Notes ensured empty (DB clean)
2026-06-01 15:57:03 [35396] INFO  AutomationFramework - Clicking element: btnNotesAdd
2026-06-01 15:57:03 [35396] INFO  AutomationFramework - [OK] Click successful: btnNotesAdd
2026-06-01 15:57:03 [35396] INFO  AutomationFramework - [OK] Filled note row 0 with 13 chars
2026-06-01 15:57:03 [35396] INFO  AutomationFramework - Save confirmation dialog appeared -- confirming
2026-06-01 15:57:03 [35396] INFO  AutomationFramework - [OK] Save complete (btnSaveNotes)
2026-06-01 15:57:04 [35396] INFO  AutomationFramework - Clicking element: tabNotes
2026-06-01 15:57:05 [35396] INFO  AutomationFramework - [OK] Click successful: tabNotes
2026-06-01 15:57:05 [35396] INFO  AutomationFramework - [OK] Filled note row 0 with 11 chars
2026-06-01 15:57:06 [35396] INFO  AutomationFramework - Save confirmation dialog appeared -- confirming
2026-06-01 15:57:06 [35396] INFO  AutomationFramework - [OK] Save complete (btnSaveNotes)
2026-06-01 15:57:07 [35396] INFO  AutomationFramework - Clicking element: tabNotes
2026-06-01 15:57:08 [35396] INFO  AutomationFramework - [OK] Click successful: tabNotes
2026-06-01 15:57:09 [35396] INFO  AutomationFramework - [OK] All note rows deleted
2026-06-01 15:57:09 [35396] INFO  AutomationFramework - Save confirmation dialog appeared -- confirming
2026-06-01 15:57:09 [35396] INFO  AutomationFramework - [OK] Save complete (btnSaveNotes)
2026-06-01 15:57:10 [35396] INFO  AutomationFramework - Clicking element: tabNotes
2026-06-01 15:57:12 [35396] INFO  AutomationFramework - [OK] Click successful: tabNotes
2026-06-01 15:57:12 [35396] INFO  AutomationFramework - [OK] Notes ensured empty (DB clean)
  ok 298 [encore-locations] › specs\locations\location-notes.spec.ts:1064:7 › Location Notes @locations @notes › TC-LOC-NTS-034: Edit existing saved note — overwritten text persists (12.9s)
2026-06-01 15:57:12 [35396] INFO  AutomationFramework - LocationNotesPage initialized
2026-06-01 15:57:13 [35396] INFO  AutomationFramework - Clicking element: tabNotes
2026-06-01 15:57:15 [35396] INFO  AutomationFramework - [OK] Click successful: tabNotes
2026-06-01 15:57:15 [35396] INFO  AutomationFramework - [OK] Notes ensured empty (DB clean)
2026-06-01 15:57:15 [35396] INFO  AutomationFramework - Clicking element: btnNotesAdd
2026-06-01 15:57:15 [35396] INFO  AutomationFramework - [OK] Click successful: btnNotesAdd
2026-06-01 15:57:15 [35396] INFO  AutomationFramework - Save confirmation dialog appeared -- confirming
2026-06-01 15:57:15 [35396] INFO  AutomationFramework - [OK] Save complete (btnSaveNotes)
2026-06-01 15:57:16 [35396] INFO  AutomationFramework - Clicking element: tabNotes
2026-06-01 15:57:17 [35396] INFO  AutomationFramework - [OK] Click successful: tabNotes
2026-06-01 15:57:19 [35396] INFO  AutomationFramework - Clicking element: tabNotes
2026-06-01 15:57:21 [35396] INFO  AutomationFramework - [OK] Click successful: tabNotes
2026-06-01 15:57:21 [35396] INFO  AutomationFramework - [OK] Notes ensured empty (DB clean)
  ok 299 [encore-locations] › specs\locations\location-notes.spec.ts:1086:7 › Location Notes @locations @notes › TC-LOC-NTS-035: Save empty row — persists as empty textarea, not No Notes Available (8.7s)
2026-06-01 15:57:21 [35396] INFO  AutomationFramework - LocationNotesPage initialized
2026-06-01 15:57:22 [35396] INFO  AutomationFramework - Clicking element: tabNotes
2026-06-01 15:57:23 [35396] INFO  AutomationFramework - [OK] Click successful: tabNotes
2026-06-01 15:57:23 [35396] INFO  AutomationFramework - [OK] Notes ensured empty (DB clean)
2026-06-01 15:57:24 [35396] INFO  AutomationFramework - [OK] Pasted 4001 chars into note row 0
2026-06-01 15:57:24 [35396] INFO  AutomationFramework - Save confirmation dialog appeared -- confirming
2026-06-01 15:57:24 [35396] INFO  AutomationFramework - [OK] Save complete (btnSaveNotes)
2026-06-01 15:57:25 [35396] INFO  AutomationFramework - Clicking element: tabNotes
2026-06-01 15:57:27 [35396] INFO  AutomationFramework - [OK] Click successful: tabNotes
2026-06-01 15:57:28 [35396] INFO  AutomationFramework - [OK] All note rows deleted
2026-06-01 15:57:28 [35396] INFO  AutomationFramework - Save confirmation dialog appeared -- confirming
2026-06-01 15:57:29 [35396] INFO  AutomationFramework - [OK] Save complete (btnSaveNotes)
2026-06-01 15:57:29 [35396] INFO  AutomationFramework - Clicking element: tabNotes
2026-06-01 15:57:31 [35396] INFO  AutomationFramework - [OK] Click successful: tabNotes
2026-06-01 15:57:31 [35396] INFO  AutomationFramework - [OK] Notes ensured empty (DB clean)
  ok 300 [encore-locations] › specs\locations\location-notes.spec.ts:1103:7 › Location Notes @locations @notes › TC-LOC-NTS-036: Overage content persists — 4001 chars save+reload without truncation (9.9s)
2026-06-01 15:57:31 [35396] INFO  AutomationFramework - LocationNotesPage initialized
2026-06-01 15:57:33 [35396] INFO  AutomationFramework - Clicking element: tabNotes
2026-06-01 15:57:34 [35396] INFO  AutomationFramework - [OK] Click successful: tabNotes
2026-06-01 15:57:34 [35396] INFO  AutomationFramework - [OK] Notes ensured empty (DB clean)
2026-06-01 15:57:34 [35396] INFO  AutomationFramework - Clicking element: btnNotesAdd
2026-06-01 15:57:34 [35396] INFO  AutomationFramework - [OK] Click successful: btnNotesAdd
2026-06-01 15:57:34 [35396] INFO  AutomationFramework - [OK] Filled note row 0 with 12 chars
2026-06-01 15:57:34 [35396] INFO  AutomationFramework - Save confirmation dialog appeared -- confirming
2026-06-01 15:57:35 [35396] INFO  AutomationFramework - [OK] Save complete (btnSaveNotes)
2026-06-01 15:57:36 [35396] INFO  AutomationFramework - Clicking element: tabNotes
2026-06-01 15:57:37 [35396] INFO  AutomationFramework - [OK] Click successful: tabNotes
2026-06-01 15:57:37 [35396] INFO  AutomationFramework - [OK] Deleted note row 0
2026-06-01 15:57:37 [35396] INFO  AutomationFramework - Save confirmation dialog appeared -- confirming
2026-06-01 15:57:38 [35396] INFO  AutomationFramework - [OK] Save complete (btnSaveNotes)
2026-06-01 15:57:39 [35396] INFO  AutomationFramework - Clicking element: tabNotes
2026-06-01 15:57:41 [35396] INFO  AutomationFramework - [OK] Click successful: tabNotes
  ok 301 [encore-locations] › specs\locations\location-notes.spec.ts:1121:7 › Location Notes @locations @notes › TC-LOC-NTS-037: Delete row persists without explicit textarea clear (10.2s)
2026-06-01 15:57:41 [35396] INFO  AutomationFramework - LocationPricingPage initialized
2026-06-01 15:57:46 [35396] INFO  AutomationFramework - [OK] Tab active: tabPricing
2026-06-01 15:57:46 [35396] INFO  AutomationFramework - [OK] Tab active: tabPricing
2026-06-01 15:57:46 [35396] INFO  AutomationFramework - Is Alternative [2021-Tier 3 Urban A]: checked=false disabled=false
2026-06-01 15:57:46 [35396] INFO  AutomationFramework - Is Alternative [2022-eCommerce]: checked=false disabled=false
2026-06-01 15:57:46 [35396] INFO  AutomationFramework - Is Alternative [2022-NP LB1]: checked=false disabled=false
2026-06-01 15:57:47 [35396] INFO  AutomationFramework - Save button disabled (btnSavePricing) -- skipping click
2026-06-01 15:57:47 [35396] INFO  AutomationFramework - Navigating to: https://cloudapps-e2e.encoreglobal.com/navigator/locations
2026-06-01 15:57:47 [35396] INFO  AutomationFramework - [OK] Navigation successful: https://cloudapps-e2e.encoreglobal.com/navigator/locations
2026-06-01 15:57:47 [35396] INFO  AutomationFramework - Navigating to locations/1604/settings/location
2026-06-01 15:57:47 [35396] INFO  AutomationFramework - Navigating to: https://cloudapps-e2e.encoreglobal.com/navigator/locations/1604/settings/location
2026-06-01 15:57:48 [35396] INFO  AutomationFramework - [OK] Navigation successful: https://cloudapps-e2e.encoreglobal.com/navigator/locations/1604/settings/location
2026-06-01 15:57:55 [35396] INFO  AutomationFramework - [OK] Tab active: tabPricing
  ok 302 [encore-locations] › specs\locations\location-pricing.spec.ts:52:7 › Location Pricing @locations @pricing › TC-LOC-PRI-001: Verify Pricing tab default state (14.3s)
2026-06-01 15:57:55 [35396] INFO  AutomationFramework - LocationPricingPage initialized
2026-06-01 15:57:55 [35396] INFO  AutomationFramework - drpPrimaryLaborPricingUSD enabled: true
2026-06-01 15:57:55 [35396] INFO  AutomationFramework - drpPrimaryEquipmentPricingUSD enabled: true
2026-06-01 15:57:55 [35396] INFO  AutomationFramework - drpPrimaryInternalEquipmentPricingUSD enabled: true
2026-06-01 15:57:55 [35396] INFO  AutomationFramework - drpPrimaryProductionLaborPricingUSD enabled: true
2026-06-01 15:57:55 [35396] INFO  AutomationFramework - drpPrimaryProductionEquipmentPricingUSD enabled: true
  ok 303 [encore-locations] › specs\locations\location-pricing.spec.ts:93:7 › Location Pricing @locations @pricing › TC-LOC-PRI-002: Verify Primary Pricing fields default state (5 editable dropdowns) (194ms)
2026-06-01 15:57:56 [35396] INFO  AutomationFramework - LocationPricingPage initialized
2026-06-01 15:57:56 [35396] INFO  AutomationFramework - Row "2021-Tier 3 Urban A" present: true
  ok 304 [encore-locations] › specs\locations\location-pricing.spec.ts:101:7 › Location Pricing @locations @pricing › TC-LOC-PRI-003: Verify Location Secondary Pricing grid structure (7 columns) (255ms)
2026-06-01 15:57:56 [35396] INFO  AutomationFramework - LocationPricingPage initialized
2026-06-01 15:57:56 [35396] INFO  AutomationFramework - Is Alternative [2021-Tier 3 Urban A]: checked=false disabled=false
2026-06-01 15:57:56 [35396] INFO  AutomationFramework - Use Effective Date [2021-Tier 3 Urban A]: checked=false disabled=true
2026-06-01 15:57:56 [35396] INFO  AutomationFramework - Start Date [2021-Tier 3 Urban A] enabled: false
2026-06-01 15:57:56 [35396] INFO  AutomationFramework - End Date [2021-Tier 3 Urban A] enabled: false
2026-06-01 15:57:56 [35396] INFO  AutomationFramework - Is Alternative [2022-eCommerce]: checked=false disabled=false
2026-06-01 15:57:56 [35396] INFO  AutomationFramework - Use Effective Date [2022-eCommerce]: checked=false disabled=true
2026-06-01 15:57:56 [35396] INFO  AutomationFramework - Start Date [2022-eCommerce] enabled: false
2026-06-01 15:57:56 [35396] INFO  AutomationFramework - End Date [2022-eCommerce] enabled: false
  ok 305 [encore-locations] › specs\locations\location-pricing.spec.ts:108:7 › Location Pricing @locations @pricing › TC-LOC-PRI-004: Verify grid row default state (350ms)
2026-06-01 15:57:56 [35396] INFO  AutomationFramework - LocationPricingPage initialized
2026-06-01 15:57:56 [35396] INFO  AutomationFramework - Use Effective Date [2021-Tier 3 Urban A]: checked=false disabled=true
2026-06-01 15:57:56 [35396] INFO  AutomationFramework - Is Alternative [2021-Tier 3 Urban A]: checked=false disabled=false
2026-06-01 15:57:57 [35396] INFO  AutomationFramework - Checked Is Alternative: 2021-Tier 3 Urban A
2026-06-01 15:57:57 [35396] INFO  AutomationFramework - Use Effective Date [2021-Tier 3 Urban A]: checked=false disabled=false
2026-06-01 15:57:57 [35396] INFO  AutomationFramework - Is Alternative [2021-Tier 3 Urban A]: checked=true disabled=false
2026-06-01 15:57:57 [35396] INFO  AutomationFramework - Unchecked Is Alternative: 2021-Tier 3 Urban A
2026-06-01 15:57:57 [35396] INFO  AutomationFramework - Row reset: 2021-Tier 3 Urban A
  ok 306 [encore-locations] › specs\locations\location-pricing.spec.ts:122:7 › Location Pricing @locations @pricing › TC-LOC-PRI-005: Enable Use Effective Date by checking Is Alternative (826ms)
2026-06-01 15:57:57 [35396] INFO  AutomationFramework - LocationPricingPage initialized
2026-06-01 15:57:57 [35396] INFO  AutomationFramework - Is Alternative [2022-eCommerce]: checked=false disabled=false
2026-06-01 15:57:57 [35396] INFO  AutomationFramework - Use Effective Date [2022-eCommerce]: checked=false disabled=true
2026-06-01 15:57:57 [35396] INFO  AutomationFramework - Is Alternative [2022-eCommerce]: checked=false disabled=false
  ok 307 [encore-locations] › specs\locations\location-pricing.spec.ts:137:7 › Location Pricing @locations @pricing › TC-LOC-PRI-006: Use Effective Date disabled cannot be clicked when Is Alternative unchecked (186ms)
2026-06-01 15:57:57 [35396] INFO  AutomationFramework - LocationPricingPage initialized
2026-06-01 15:57:57 [35396] INFO  AutomationFramework - Start Date [2021-Tier 3 Urban A] enabled: false
2026-06-01 15:57:57 [35396] INFO  AutomationFramework - End Date [2021-Tier 3 Urban A] enabled: false
2026-06-01 15:57:57 [35396] INFO  AutomationFramework - Is Alternative [2021-Tier 3 Urban A]: checked=false disabled=false
2026-06-01 15:57:58 [35396] INFO  AutomationFramework - Checked Is Alternative: 2021-Tier 3 Urban A
2026-06-01 15:57:58 [35396] INFO  AutomationFramework - Use Effective Date [2021-Tier 3 Urban A]: checked=false disabled=false
2026-06-01 15:57:58 [35396] INFO  AutomationFramework - Use Effective Date [2021-Tier 3 Urban A]: checked=false disabled=false
2026-06-01 15:57:58 [35396] INFO  AutomationFramework - Checked Use Effective Date: 2021-Tier 3 Urban A
2026-06-01 15:57:58 [35396] INFO  AutomationFramework - Start Date [2021-Tier 3 Urban A] enabled: true
2026-06-01 15:57:58 [35396] INFO  AutomationFramework - End Date [2021-Tier 3 Urban A] enabled: true
2026-06-01 15:57:58 [35396] INFO  AutomationFramework - Is Alternative [2021-Tier 3 Urban A]: checked=true disabled=false
2026-06-01 15:57:58 [35396] INFO  AutomationFramework - Unchecked Is Alternative: 2021-Tier 3 Urban A
2026-06-01 15:57:58 [35396] INFO  AutomationFramework - Row reset: 2021-Tier 3 Urban A
  ok 308 [encore-locations] › specs\locations\location-pricing.spec.ts:149:7 › Location Pricing @locations @pricing › TC-LOC-PRI-007: Full cascade -- Is Alternative + Use Effective Date enables Start/End Date (915ms)
2026-06-01 15:57:58 [35396] INFO  AutomationFramework - LocationPricingPage initialized
2026-06-01 15:57:58 [35396] INFO  AutomationFramework - Is Alternative [2022-NP LB1]: checked=false disabled=false
2026-06-01 15:57:58 [35396] INFO  AutomationFramework - Checked Is Alternative: 2022-NP LB1
2026-06-01 15:57:58 [35396] INFO  AutomationFramework - Use Effective Date [2022-NP LB1]: checked=false disabled=false
2026-06-01 15:57:59 [35396] INFO  AutomationFramework - Use Effective Date [2022-NP LB1]: checked=false disabled=false
2026-06-01 15:57:59 [35396] INFO  AutomationFramework - Start Date [2022-NP LB1] enabled: false
2026-06-01 15:57:59 [35396] INFO  AutomationFramework - End Date [2022-NP LB1] enabled: false
2026-06-01 15:57:59 [35396] INFO  AutomationFramework - Is Alternative [2022-NP LB1]: checked=true disabled=false
2026-06-01 15:57:59 [35396] INFO  AutomationFramework - Unchecked Is Alternative: 2022-NP LB1
2026-06-01 15:57:59 [35396] INFO  AutomationFramework - Row reset: 2022-NP LB1
  ok 309 [encore-locations] › specs\locations\location-pricing.spec.ts:168:7 › Location Pricing @locations @pricing › TC-LOC-PRI-008: Start/End Date remain disabled when Use Effective Date unchecked (670ms)
2026-06-01 15:57:59 [35396] INFO  AutomationFramework - LocationPricingPage initialized
2026-06-01 15:57:59 [35396] INFO  AutomationFramework - Is Alternative [2021-Tier 3 Urban A]: checked=false disabled=false
2026-06-01 15:57:59 [35396] INFO  AutomationFramework - Checked Is Alternative: 2021-Tier 3 Urban A
2026-06-01 15:57:59 [35396] INFO  AutomationFramework - Use Effective Date [2021-Tier 3 Urban A]: checked=false disabled=false
2026-06-01 15:57:59 [35396] INFO  AutomationFramework - Use Effective Date [2021-Tier 3 Urban A]: checked=false disabled=false
2026-06-01 15:57:59 [35396] INFO  AutomationFramework - Checked Use Effective Date: 2021-Tier 3 Urban A
2026-06-01 15:57:59 [35396] INFO  AutomationFramework - Full cascade enabled for 2021-Tier 3 Urban A
2026-06-01 15:58:00 [35396] INFO  AutomationFramework - Entered Start Date [2021-Tier 3 Urban A]: 03/01/2026
2026-06-01 15:58:01 [35396] INFO  AutomationFramework - Entered End Date [2021-Tier 3 Urban A]: 03/31/2026
2026-06-01 15:58:01 [35396] INFO  AutomationFramework - Use Effective Date [2021-Tier 3 Urban A]: checked=true disabled=false
2026-06-01 15:58:02 [35396] INFO  AutomationFramework - Unchecked Use Effective Date: 2021-Tier 3 Urban A
2026-06-01 15:58:02 [35396] INFO  AutomationFramework - Use Effective Date [2021-Tier 3 Urban A]: checked=false disabled=false
2026-06-01 15:58:02 [35396] INFO  AutomationFramework - Checked Use Effective Date: 2021-Tier 3 Urban A
2026-06-01 15:58:02 [35396] INFO  AutomationFramework - Is Alternative [2021-Tier 3 Urban A]: checked=true disabled=false
2026-06-01 15:58:02 [35396] INFO  AutomationFramework - Unchecked Is Alternative: 2021-Tier 3 Urban A
2026-06-01 15:58:02 [35396] INFO  AutomationFramework - Row reset: 2021-Tier 3 Urban A
  ok 310 [encore-locations] › specs\locations\location-pricing.spec.ts:185:7 › Location Pricing @locations @pricing › TC-LOC-PRI-009: Uncheck Use Effective Date clears Start/End Date values (3.2s)
2026-06-01 15:58:02 [35396] INFO  AutomationFramework - LocationPricingPage initialized
2026-06-01 15:58:02 [35396] INFO  AutomationFramework - Is Alternative [2021-Tier 3 Urban A]: checked=false disabled=false
2026-06-01 15:58:02 [35396] INFO  AutomationFramework - Checked Is Alternative: 2021-Tier 3 Urban A
2026-06-01 15:58:02 [35396] INFO  AutomationFramework - Use Effective Date [2021-Tier 3 Urban A]: checked=false disabled=false
2026-06-01 15:58:02 [35396] INFO  AutomationFramework - Use Effective Date [2021-Tier 3 Urban A]: checked=false disabled=false
2026-06-01 15:58:03 [35396] INFO  AutomationFramework - Checked Use Effective Date: 2021-Tier 3 Urban A
2026-06-01 15:58:03 [35396] INFO  AutomationFramework - Full cascade enabled for 2021-Tier 3 Urban A
2026-06-01 15:58:03 [35396] INFO  AutomationFramework - Entered Start Date [2021-Tier 3 Urban A]: 05/15/2026
2026-06-01 15:58:03 [35396] INFO  AutomationFramework - Is Alternative [2021-Tier 3 Urban A]: checked=true disabled=false
2026-06-01 15:58:04 [35396] INFO  AutomationFramework - Unchecked Is Alternative: 2021-Tier 3 Urban A
2026-06-01 15:58:04 [35396] INFO  AutomationFramework - Use Effective Date [2021-Tier 3 Urban A]: checked=false disabled=true
2026-06-01 15:58:04 [35396] INFO  AutomationFramework - Start Date [2021-Tier 3 Urban A] enabled: false
2026-06-01 15:58:04 [35396] INFO  AutomationFramework - End Date [2021-Tier 3 Urban A] enabled: false
2026-06-01 15:58:04 [35396] INFO  AutomationFramework - Navigating to: https://cloudapps-e2e.encoreglobal.com/navigator/locations
2026-06-01 15:58:04 [35396] INFO  AutomationFramework - [fixture] Auto-accepting beforeunload dialog
2026-06-01 15:58:04 [35396] INFO  AutomationFramework - [dialog] Auto-accepting beforeunload dialog during safe navigation
2026-06-01 15:58:04 [35396] INFO  AutomationFramework - [dialog] Beforeunload dialog already handled by another listener
2026-06-01 15:58:04 [35396] INFO  AutomationFramework - [OK] Navigation successful: https://cloudapps-e2e.encoreglobal.com/navigator/locations
2026-06-01 15:58:04 [35396] INFO  AutomationFramework - Navigating to locations/1604/settings/location
2026-06-01 15:58:04 [35396] INFO  AutomationFramework - Navigating to: https://cloudapps-e2e.encoreglobal.com/navigator/locations/1604/settings/location
2026-06-01 15:58:05 [35396] INFO  AutomationFramework - [OK] Navigation successful: https://cloudapps-e2e.encoreglobal.com/navigator/locations/1604/settings/location
2026-06-01 15:58:13 [35396] INFO  AutomationFramework - [OK] Tab active: tabPricing
  ok 311 [encore-locations] › specs\locations\location-pricing.spec.ts:201:7 › Location Pricing @locations @pricing › TC-LOC-PRI-010: Uncheck Is Alternative disables and clears all row fields (10.5s)
2026-06-01 15:58:13 [35396] INFO  AutomationFramework - LocationPricingPage initialized
2026-06-01 15:58:13 [35396] INFO  AutomationFramework - drpPrimaryLaborPricingUSD enabled: true
2026-06-01 15:58:13 [35396] INFO  AutomationFramework - drpPrimaryEquipmentPricingUSD enabled: true
2026-06-01 15:58:13 [35396] INFO  AutomationFramework - drpPrimaryInternalEquipmentPricingUSD enabled: true
2026-06-01 15:58:13 [35396] INFO  AutomationFramework - drpPrimaryProductionLaborPricingUSD enabled: true
2026-06-01 15:58:13 [35396] INFO  AutomationFramework - drpPrimaryProductionEquipmentPricingUSD enabled: true
2026-06-01 15:58:13 [35396] INFO  AutomationFramework - Unchecked Radix checkbox: chkCorporatePricing
2026-06-01 15:58:13 [35396] INFO  AutomationFramework - drpPrimaryLaborPricingUSD enabled: false
2026-06-01 15:58:13 [35396] INFO  AutomationFramework - drpPrimaryLaborPricingUSD enabled: false
2026-06-01 15:58:13 [35396] INFO  AutomationFramework - drpPrimaryEquipmentPricingUSD enabled: false
2026-06-01 15:58:13 [35396] INFO  AutomationFramework - drpPrimaryInternalEquipmentPricingUSD enabled: false
2026-06-01 15:58:13 [35396] INFO  AutomationFramework - drpPrimaryProductionLaborPricingUSD enabled: false
2026-06-01 15:58:13 [35396] INFO  AutomationFramework - drpPrimaryProductionEquipmentPricingUSD enabled: false
2026-06-01 15:58:13 [35396] INFO  AutomationFramework - Checked Radix checkbox: chkCorporatePricing
  ok 312 [encore-locations] › specs\locations\location-pricing.spec.ts:217:7 › Location Pricing @locations @pricing › TC-LOC-PRI-011: Corporate Pricing unchecked disables all Primary pricing dropdowns (720ms)
2026-06-01 15:58:13 [35396] INFO  AutomationFramework - LocationPricingPage initialized
2026-06-01 15:58:13 [35396] INFO  AutomationFramework - Is Alternative [2021-Tier 3 Urban A]: checked=false disabled=false
2026-06-01 15:58:14 [35396] INFO  AutomationFramework - Checked Is Alternative: 2021-Tier 3 Urban A
2026-06-01 15:58:14 [35396] INFO  AutomationFramework - Use Effective Date [2021-Tier 3 Urban A]: checked=false disabled=false
2026-06-01 15:58:14 [35396] INFO  AutomationFramework - Checked Use Effective Date: 2021-Tier 3 Urban A
2026-06-01 15:58:14 [35396] INFO  AutomationFramework - Unchecked Radix checkbox: chkCorporatePricing
2026-06-01 15:58:14 [35396] INFO  AutomationFramework - Is Alternative [2021-Tier 3 Urban A]: checked=true disabled=false
2026-06-01 15:58:14 [35396] INFO  AutomationFramework - Use Effective Date [2021-Tier 3 Urban A]: checked=true disabled=false
2026-06-01 15:58:15 [35396] INFO  AutomationFramework - Checked Radix checkbox: chkCorporatePricing
2026-06-01 15:58:15 [35396] INFO  AutomationFramework - Is Alternative [2021-Tier 3 Urban A]: checked=true disabled=false
2026-06-01 15:58:15 [35396] INFO  AutomationFramework - Unchecked Is Alternative: 2021-Tier 3 Urban A
2026-06-01 15:58:15 [35396] INFO  AutomationFramework - Row reset: 2021-Tier 3 Urban A
  ok 313 [encore-locations] › specs\locations\location-pricing.spec.ts:233:7 › Location Pricing @locations @pricing › TC-LOC-PRI-012: Corporate Pricing toggle does NOT disable grid fields (1.5s)
2026-06-01 15:58:15 [35396] INFO  AutomationFramework - LocationPricingPage initialized
2026-06-01 15:58:15 [35396] INFO  AutomationFramework - Unchecked Radix checkbox: chkCorporatePricing
2026-06-01 15:58:15 [35396] INFO  AutomationFramework - drpPrimaryLaborPricingUSD enabled: false
2026-06-01 15:58:15 [35396] INFO  AutomationFramework - drpPrimaryLaborPricingUSD enabled: false
2026-06-01 15:58:15 [35396] INFO  AutomationFramework - drpPrimaryEquipmentPricingUSD enabled: false
2026-06-01 15:58:15 [35396] INFO  AutomationFramework - drpPrimaryInternalEquipmentPricingUSD enabled: false
2026-06-01 15:58:15 [35396] INFO  AutomationFramework - drpPrimaryProductionLaborPricingUSD enabled: false
2026-06-01 15:58:15 [35396] INFO  AutomationFramework - drpPrimaryProductionEquipmentPricingUSD enabled: false
2026-06-01 15:58:15 [35396] INFO  AutomationFramework - Checked Radix checkbox: chkCorporatePricing
2026-06-01 15:58:15 [35396] INFO  AutomationFramework - drpPrimaryLaborPricingUSD enabled: true
2026-06-01 15:58:15 [35396] INFO  AutomationFramework - drpPrimaryEquipmentPricingUSD enabled: true
2026-06-01 15:58:16 [35396] INFO  AutomationFramework - drpPrimaryInternalEquipmentPricingUSD enabled: true
2026-06-01 15:58:16 [35396] INFO  AutomationFramework - drpPrimaryProductionLaborPricingUSD enabled: true
2026-06-01 15:58:16 [35396] INFO  AutomationFramework - drpPrimaryProductionEquipmentPricingUSD enabled: true
  ok 314 [encore-locations] › specs\locations\location-pricing.spec.ts:249:7 › Location Pricing @locations @pricing › TC-LOC-PRI-013: Re-enable Primary fields by checking Corporate Pricing (719ms)
2026-06-01 15:58:16 [35396] INFO  AutomationFramework - LocationPricingPage initialized
  ok 315 [encore-locations] › specs\locations\location-pricing.spec.ts:264:7 › Location Pricing @locations @pricing › TC-LOC-PRI-014: Currency filter displays "All" by default (133ms)
2026-06-01 15:58:16 [35396] INFO  AutomationFramework - LocationPricingPage initialized
  ok 316 [encore-locations] › specs\locations\location-pricing.spec.ts:270:7 › Location Pricing @locations @pricing › TC-LOC-PRI-015: Currency filter dropdown has expected options (377ms)
2026-06-01 15:58:16 [35396] INFO  AutomationFramework - LocationPricingPage initialized
2026-06-01 15:58:16 [35396] INFO  AutomationFramework - Grid row count: 44
2026-06-01 15:58:17 [35396] INFO  AutomationFramework - Currency filter -> USD
2026-06-01 15:58:17 [35396] INFO  AutomationFramework - Grid row count: 44
2026-06-01 15:58:17 [35396] INFO  AutomationFramework - Row "2021-Tier 3 Urban A" present: true
2026-06-01 15:58:18 [35396] INFO  AutomationFramework - Currency filter -> All
  ok 317 [encore-locations] › specs\locations\location-pricing.spec.ts:278:7 › Location Pricing @locations @pricing › TC-LOC-PRI-016: Filter grid by selecting USD keeps USD rows visible (1.8s)
2026-06-01 15:58:18 [35396] INFO  AutomationFramework - LocationPricingPage initialized
2026-06-01 15:58:18 [35396] INFO  AutomationFramework - drpPrimaryLaborPricingUSD enabled: true
  ok 318 [encore-locations] › specs\locations\location-pricing.spec.ts:295:7 › Location Pricing @locations @pricing › TC-LOC-PRI-017: Primary pricing dropdowns accept selections (139ms)
2026-06-01 15:58:18 [35396] INFO  AutomationFramework - LocationPricingPage initialized
2026-06-01 15:58:18 [35396] INFO  AutomationFramework - Is Alternative [2021-Tier 3 Urban A]: checked=false disabled=false
2026-06-01 15:58:18 [35396] INFO  AutomationFramework - Checked Is Alternative: 2021-Tier 3 Urban A
2026-06-01 15:58:18 [35396] INFO  AutomationFramework - Use Effective Date [2021-Tier 3 Urban A]: checked=false disabled=false
2026-06-01 15:58:19 [35396] INFO  AutomationFramework - Use Effective Date [2021-Tier 3 Urban A]: checked=false disabled=false
2026-06-01 15:58:19 [35396] INFO  AutomationFramework - Checked Use Effective Date: 2021-Tier 3 Urban A
2026-06-01 15:58:19 [35396] INFO  AutomationFramework - Full cascade enabled for 2021-Tier 3 Urban A
2026-06-01 15:58:19 [35396] INFO  AutomationFramework - Opened Start Date popover for 2021-Tier 3 Urban A
2026-06-01 15:58:22 [35396] INFO  AutomationFramework - Closed date popover
2026-06-01 15:58:22 [35396] INFO  AutomationFramework - Is Alternative [2021-Tier 3 Urban A]: checked=true disabled=false
2026-06-01 15:58:22 [35396] INFO  AutomationFramework - Unchecked Is Alternative: 2021-Tier 3 Urban A
2026-06-01 15:58:22 [35396] INFO  AutomationFramework - Row reset: 2021-Tier 3 Urban A
  ok 319 [encore-locations] › specs\locations\location-pricing.spec.ts:304:7 › Location Pricing @locations @pricing › TC-LOC-PRI-018: Start Date validates -- readOnly input prevents invalid date entry (4.1s)
2026-06-01 15:58:22 [35396] INFO  AutomationFramework - LocationPricingPage initialized
2026-06-01 15:58:22 [35396] INFO  AutomationFramework - Is Alternative [2021-Tier 3 Urban A]: checked=false disabled=false
2026-06-01 15:58:22 [35396] INFO  AutomationFramework - Row reset: 2021-Tier 3 Urban A
2026-06-01 15:58:22 [35396] INFO  AutomationFramework - Is Alternative [2021-Tier 3 Urban A]: checked=false disabled=false
2026-06-01 15:58:23 [35396] INFO  AutomationFramework - Checked Is Alternative: 2021-Tier 3 Urban A
2026-06-01 15:58:23 [35396] INFO  AutomationFramework - Use Effective Date [2021-Tier 3 Urban A]: checked=false disabled=false
2026-06-01 15:58:23 [35396] INFO  AutomationFramework - Use Effective Date [2021-Tier 3 Urban A]: checked=false disabled=false
2026-06-01 15:58:23 [35396] INFO  AutomationFramework - Checked Use Effective Date: 2021-Tier 3 Urban A
2026-06-01 15:58:23 [35396] INFO  AutomationFramework - Full cascade enabled for 2021-Tier 3 Urban A
2026-06-01 15:58:23 [35396] INFO  AutomationFramework - Opened End Date popover for 2021-Tier 3 Urban A
2026-06-01 15:58:26 [35396] INFO  AutomationFramework - Closed date popover
2026-06-01 15:58:26 [35396] INFO  AutomationFramework - Is Alternative [2021-Tier 3 Urban A]: checked=true disabled=false
2026-06-01 15:58:26 [35396] INFO  AutomationFramework - Unchecked Is Alternative: 2021-Tier 3 Urban A
2026-06-01 15:58:26 [35396] INFO  AutomationFramework - Row reset: 2021-Tier 3 Urban A
  ok 320 [encore-locations] › specs\locations\location-pricing.spec.ts:320:7 › Location Pricing @locations @pricing › TC-LOC-PRI-019: End Date validates -- readOnly input prevents invalid date entry (4.0s)
2026-06-01 15:58:26 [35396] INFO  AutomationFramework - LocationPricingPage initialized
2026-06-01 15:58:26 [35396] INFO  AutomationFramework - Is Alternative [2021-Tier 3 Urban A]: checked=false disabled=false
2026-06-01 15:58:26 [35396] INFO  AutomationFramework - Checked Is Alternative: 2021-Tier 3 Urban A
2026-06-01 15:58:27 [35396] INFO  AutomationFramework - Is Alternative [2022-eCommerce]: checked=false disabled=false
2026-06-01 15:58:27 [35396] INFO  AutomationFramework - Checked Is Alternative: 2022-eCommerce
2026-06-01 15:58:27 [35396] INFO  AutomationFramework - Is Alternative [2022-NP LB1]: checked=false disabled=false
2026-06-01 15:58:27 [35396] INFO  AutomationFramework - Checked Is Alternative: 2022-NP LB1
2026-06-01 15:58:27 [35396] INFO  AutomationFramework - Is Alternative [2021-Tier 3 Urban A]: checked=true disabled=false
2026-06-01 15:58:27 [35396] INFO  AutomationFramework - Is Alternative [2022-eCommerce]: checked=true disabled=false
2026-06-01 15:58:27 [35396] INFO  AutomationFramework - Is Alternative [2022-NP LB1]: checked=true disabled=false
2026-06-01 15:58:27 [35396] INFO  AutomationFramework - Is Alternative [2021-Tier 3 Urban A]: checked=true disabled=false
2026-06-01 15:58:27 [35396] INFO  AutomationFramework - Unchecked Is Alternative: 2021-Tier 3 Urban A
2026-06-01 15:58:27 [35396] INFO  AutomationFramework - Row reset: 2021-Tier 3 Urban A
2026-06-01 15:58:27 [35396] INFO  AutomationFramework - Is Alternative [2022-eCommerce]: checked=true disabled=false
2026-06-01 15:58:27 [35396] INFO  AutomationFramework - Unchecked Is Alternative: 2022-eCommerce
2026-06-01 15:58:27 [35396] INFO  AutomationFramework - Row reset: 2022-eCommerce
2026-06-01 15:58:28 [35396] INFO  AutomationFramework - Is Alternative [2022-NP LB1]: checked=true disabled=false
2026-06-01 15:58:28 [35396] INFO  AutomationFramework - Unchecked Is Alternative: 2022-NP LB1
2026-06-01 15:58:28 [35396] INFO  AutomationFramework - Row reset: 2022-NP LB1
  ok 321 [encore-locations] › specs\locations\location-pricing.spec.ts:342:7 › Location Pricing @locations @pricing › TC-LOC-PRI-021: Multiple price books can have alternate pricing simultaneously (1.5s)
2026-06-01 15:58:28 [35396] INFO  AutomationFramework - LocationPricingPage initialized
2026-06-01 15:58:28 [35396] INFO  AutomationFramework - Is Alternative [2021-Tier 3 Urban A]: checked=false disabled=false
2026-06-01 15:58:28 [35396] INFO  AutomationFramework - Checked Is Alternative: 2021-Tier 3 Urban A
2026-06-01 15:58:28 [35396] INFO  AutomationFramework - Use Effective Date [2021-Tier 3 Urban A]: checked=false disabled=false
2026-06-01 15:58:28 [35396] INFO  AutomationFramework - Use Effective Date [2021-Tier 3 Urban A]: checked=false disabled=false
2026-06-01 15:58:28 [35396] INFO  AutomationFramework - Checked Use Effective Date: 2021-Tier 3 Urban A
2026-06-01 15:58:28 [35396] INFO  AutomationFramework - Full cascade enabled for 2021-Tier 3 Urban A
2026-06-01 15:58:28 [35396] INFO  AutomationFramework - Is Alternative [2022-eCommerce]: checked=false disabled=false
2026-06-01 15:58:29 [35396] INFO  AutomationFramework - Checked Is Alternative: 2022-eCommerce
2026-06-01 15:58:29 [35396] INFO  AutomationFramework - Use Effective Date [2022-eCommerce]: checked=false disabled=false
2026-06-01 15:58:29 [35396] INFO  AutomationFramework - Use Effective Date [2022-eCommerce]: checked=false disabled=false
2026-06-01 15:58:29 [35396] INFO  AutomationFramework - Checked Use Effective Date: 2022-eCommerce
2026-06-01 15:58:29 [35396] INFO  AutomationFramework - Full cascade enabled for 2022-eCommerce
2026-06-01 15:58:29 [35396] INFO  AutomationFramework - Entered Start Date [2022-eCommerce]: 05/01/2026
2026-06-01 15:58:29 [35396] INFO  AutomationFramework - Opened Start Date popover for 2021-Tier 3 Urban A
2026-06-01 15:58:32 [35396] INFO  AutomationFramework - Closed date popover
2026-06-01 15:58:32 [35396] INFO  AutomationFramework - Is Alternative [2021-Tier 3 Urban A]: checked=true disabled=false
2026-06-01 15:58:33 [35396] INFO  AutomationFramework - Unchecked Is Alternative: 2021-Tier 3 Urban A
2026-06-01 15:58:33 [35396] INFO  AutomationFramework - Row reset: 2021-Tier 3 Urban A
2026-06-01 15:58:33 [35396] INFO  AutomationFramework - Is Alternative [2022-eCommerce]: checked=true disabled=false
2026-06-01 15:58:33 [35396] INFO  AutomationFramework - Unchecked Is Alternative: 2022-eCommerce
2026-06-01 15:58:33 [35396] INFO  AutomationFramework - Row reset: 2022-eCommerce
  ok 322 [encore-locations] › specs\locations\location-pricing.spec.ts:358:7 › Location Pricing @locations @pricing › TC-LOC-PRI-022: Grid validates all rows -- missing date shows validation error (5.2s)
  -  323 [encore-locations] › specs\locations\location-pricing.spec.ts:386:8 › Location Pricing @locations @pricing › TC-LOC-PRI-020: Valid dates persist after save
2026-06-01 15:58:33 [35396] INFO  AutomationFramework - LocationPricingPage initialized
2026-06-01 15:58:33 [35396] INFO  AutomationFramework - Navigating to: https://cloudapps-e2e.encoreglobal.com/navigator/locations
2026-06-01 15:58:33 [35396] INFO  AutomationFramework - [fixture] Auto-accepting beforeunload dialog
2026-06-01 15:58:33 [35396] INFO  AutomationFramework - [dialog] Auto-accepting beforeunload dialog during safe navigation
2026-06-01 15:58:33 [35396] INFO  AutomationFramework - [dialog] Beforeunload dialog already handled by another listener
2026-06-01 15:58:34 [35396] INFO  AutomationFramework - [OK] Navigation successful: https://cloudapps-e2e.encoreglobal.com/navigator/locations
2026-06-01 15:58:34 [35396] INFO  AutomationFramework - Navigating to locations/1604/settings/location
2026-06-01 15:58:34 [35396] INFO  AutomationFramework - Navigating to: https://cloudapps-e2e.encoreglobal.com/navigator/locations/1604/settings/location
2026-06-01 15:58:34 [35396] INFO  AutomationFramework - [OK] Navigation successful: https://cloudapps-e2e.encoreglobal.com/navigator/locations/1604/settings/location
2026-06-01 15:58:41 [35396] INFO  AutomationFramework - [OK] Tab active: tabPricing
2026-06-01 15:58:41 [35396] INFO  AutomationFramework - Pricing Save enabled: false
2026-06-01 15:58:42 [35396] INFO  AutomationFramework - Unchecked Radix checkbox: chkCorporatePricing
2026-06-01 15:58:42 [35396] INFO  AutomationFramework - [OK] Save button enabled
2026-06-01 15:58:42 [35396] INFO  AutomationFramework - Navigating to: https://cloudapps-e2e.encoreglobal.com/navigator/locations
2026-06-01 15:58:42 [35396] INFO  AutomationFramework - [fixture] Auto-accepting beforeunload dialog
2026-06-01 15:58:42 [35396] INFO  AutomationFramework - [dialog] Auto-accepting beforeunload dialog during safe navigation
2026-06-01 15:58:42 [35396] INFO  AutomationFramework - [dialog] Beforeunload dialog already handled by another listener
2026-06-01 15:58:42 [35396] INFO  AutomationFramework - [OK] Navigation successful: https://cloudapps-e2e.encoreglobal.com/navigator/locations
2026-06-01 15:58:42 [35396] INFO  AutomationFramework - Navigating to locations/1604/settings/location
2026-06-01 15:58:42 [35396] INFO  AutomationFramework - Navigating to: https://cloudapps-e2e.encoreglobal.com/navigator/locations/1604/settings/location
2026-06-01 15:58:43 [35396] INFO  AutomationFramework - [OK] Navigation successful: https://cloudapps-e2e.encoreglobal.com/navigator/locations/1604/settings/location
2026-06-01 15:58:50 [35396] INFO  AutomationFramework - [OK] Tab active: tabPricing
  ok 324 [encore-locations] › specs\locations\location-pricing.spec.ts:420:7 › Location Pricing @locations @pricing › TC-LOC-PRI-023: Verify Pricing tab has dedicated Save button (16.8s)
2026-06-01 15:58:50 [35396] INFO  AutomationFramework - LocationPricingPage initialized
2026-06-01 15:58:50 [35396] INFO  AutomationFramework - [OK] Tab active: tabPricing
2026-06-01 15:58:50 [35396] INFO  AutomationFramework - Unchecked Radix checkbox: chkPriceGuideInclusive
2026-06-01 15:58:50 [35396] INFO  AutomationFramework - [OK] Save button enabled
2026-06-01 15:58:51 [35396] INFO  AutomationFramework - Save confirmation dialog appeared -- confirming
2026-06-01 15:58:53 [35396] INFO  AutomationFramework - [OK] Save complete (btnSavePricing)
2026-06-01 15:58:53 [35396] INFO  AutomationFramework - Navigating to: https://cloudapps-e2e.encoreglobal.com/navigator/locations
2026-06-01 15:58:54 [35396] INFO  AutomationFramework - [OK] Navigation successful: https://cloudapps-e2e.encoreglobal.com/navigator/locations
2026-06-01 15:58:54 [35396] INFO  AutomationFramework - Navigating to locations/1604/settings/location
2026-06-01 15:58:54 [35396] INFO  AutomationFramework - Navigating to: https://cloudapps-e2e.encoreglobal.com/navigator/locations/1604/settings/location
2026-06-01 15:58:54 [35396] INFO  AutomationFramework - [OK] Navigation successful: https://cloudapps-e2e.encoreglobal.com/navigator/locations/1604/settings/location
2026-06-01 15:59:01 [35396] INFO  AutomationFramework - [OK] Tab active: tabPricing
2026-06-01 15:59:01 [35396] INFO  AutomationFramework - Checked Radix checkbox: chkPriceGuideInclusive
2026-06-01 15:59:01 [35396] INFO  AutomationFramework - [OK] Save button enabled
2026-06-01 15:59:02 [35396] INFO  AutomationFramework - Save confirmation dialog appeared -- confirming
2026-06-01 15:59:04 [35396] INFO  AutomationFramework - [OK] Save complete (btnSavePricing)
2026-06-01 15:59:04 [35396] INFO  AutomationFramework - Pricing Save enabled: false
2026-06-01 15:59:04 [35396] INFO  AutomationFramework - Navigating to: https://cloudapps-e2e.encoreglobal.com/navigator/locations
2026-06-01 15:59:05 [35396] INFO  AutomationFramework - [OK] Navigation successful: https://cloudapps-e2e.encoreglobal.com/navigator/locations
2026-06-01 15:59:05 [35396] INFO  AutomationFramework - Navigating to locations/1604/settings/location
2026-06-01 15:59:05 [35396] INFO  AutomationFramework - Navigating to: https://cloudapps-e2e.encoreglobal.com/navigator/locations/1604/settings/location
2026-06-01 15:59:05 [35396] INFO  AutomationFramework - [OK] Navigation successful: https://cloudapps-e2e.encoreglobal.com/navigator/locations/1604/settings/location
2026-06-01 15:59:12 [35396] INFO  AutomationFramework - [OK] Tab active: tabPricing
  ok 325 [encore-locations] › specs\locations\location-pricing.spec.ts:438:7 › Location Pricing @locations @pricing › TC-LOC-PRI-024: Include Service Fee in Price Guides -- uncheck, save, reload, verify persists; restore (22.9s)
  -  326 [encore-locations] › specs\locations\location-pricing.spec.ts:477:8 › Location Pricing @locations @pricing › TC-LOC-PRI-025: Corporate Pricing -- uncheck, save, reload, verify persists; restore
  -  327 [encore-locations] › specs\locations\location-pricing.spec.ts:520:10 › Location Pricing @locations @pricing › TC-LOC-PRI-026: Primary Labor Pricing -- bidirectional persist (toggle pattern)
  -  328 [encore-locations] › specs\locations\location-pricing.spec.ts:520:10 › Location Pricing @locations @pricing › TC-LOC-PRI-027: Primary Equipment Pricing -- bidirectional persist (toggle pattern)
  -  329 [encore-locations] › specs\locations\location-pricing.spec.ts:520:10 › Location Pricing @locations @pricing › TC-LOC-PRI-028: Primary Internal Equipment Pricing -- bidirectional persist (toggle pattern)
  -  330 [encore-locations] › specs\locations\location-pricing.spec.ts:520:10 › Location Pricing @locations @pricing › TC-LOC-PRI-029: Primary Production Labor Pricing -- bidirectional persist (toggle pattern)
  -  331 [encore-locations] › specs\locations\location-pricing.spec.ts:520:10 › Location Pricing @locations @pricing › TC-LOC-PRI-030: Primary Production Equipment Pricing -- bidirectional persist (toggle pattern)
2026-06-01 15:59:13 [35396] INFO  AutomationFramework - LocationPricingPage initialized
2026-06-01 15:59:13 [35396] INFO  AutomationFramework - Is Alternative [2021-Tier 3 Urban A]: checked=false disabled=false
2026-06-01 15:59:13 [35396] INFO  AutomationFramework - Checked Is Alternative: 2021-Tier 3 Urban A
2026-06-01 15:59:13 [35396] INFO  AutomationFramework - [OK] Save button enabled
2026-06-01 15:59:13 [35396] INFO  AutomationFramework - Clicked Save button — dialog opened
2026-06-01 15:59:14 [35396] INFO  AutomationFramework - Clicked Save Cancel — dialog dismissed
2026-06-01 15:59:14 [35396] INFO  AutomationFramework - Pricing Save enabled: true
2026-06-01 15:59:14 [35396] INFO  AutomationFramework - Navigating to: https://cloudapps-e2e.encoreglobal.com/navigator/locations
2026-06-01 15:59:14 [35396] INFO  AutomationFramework - [fixture] Auto-accepting beforeunload dialog
2026-06-01 15:59:14 [35396] INFO  AutomationFramework - [dialog] Auto-accepting beforeunload dialog during safe navigation
2026-06-01 15:59:14 [35396] INFO  AutomationFramework - [dialog] Beforeunload dialog already handled by another listener
2026-06-01 15:59:14 [35396] INFO  AutomationFramework - [OK] Navigation successful: https://cloudapps-e2e.encoreglobal.com/navigator/locations
2026-06-01 15:59:14 [35396] INFO  AutomationFramework - Navigating to locations/1604/settings/location
2026-06-01 15:59:14 [35396] INFO  AutomationFramework - Navigating to: https://cloudapps-e2e.encoreglobal.com/navigator/locations/1604/settings/location
2026-06-01 15:59:15 [35396] INFO  AutomationFramework - [OK] Navigation successful: https://cloudapps-e2e.encoreglobal.com/navigator/locations/1604/settings/location
2026-06-01 15:59:22 [35396] INFO  AutomationFramework - [OK] Tab active: tabPricing
2026-06-01 15:59:22 [35396] INFO  AutomationFramework - Is Alternative [2021-Tier 3 Urban A]: checked=false disabled=false
  ok 332 [encore-locations] › specs\locations\location-pricing.spec.ts:552:7 › Location Pricing @locations @pricing › TC-LOC-PRI-031: Save dialog Cancel -- edit, Save, Cancel, form stays dirty, no data saved (9.8s)
2026-06-01 15:59:22 [35396] INFO  AutomationFramework - LocationPricingPage initialized
2026-06-01 15:59:23 [35396] INFO  AutomationFramework - [OK] Tab active: tabPricing
2026-06-01 15:59:23 [35396] INFO  AutomationFramework - Unchecked Radix checkbox: chkCorporatePricing
2026-06-01 15:59:23 [35396] INFO  AutomationFramework - [OK] Save button enabled
2026-06-01 15:59:23 [35396] INFO  AutomationFramework - Clicked Stay on Unsaved Changes dialog
2026-06-01 15:59:23 [35396] INFO  AutomationFramework - Pricing Save enabled: true
2026-06-01 15:59:24 [35396] INFO  AutomationFramework - Checked Radix checkbox: chkCorporatePricing
2026-06-01 15:59:24 [35396] INFO  AutomationFramework - Navigating to: https://cloudapps-e2e.encoreglobal.com/navigator/locations
2026-06-01 15:59:24 [35396] INFO  AutomationFramework - [OK] Navigation successful: https://cloudapps-e2e.encoreglobal.com/navigator/locations
2026-06-01 15:59:24 [35396] INFO  AutomationFramework - Navigating to locations/1604/settings/location
2026-06-01 15:59:24 [35396] INFO  AutomationFramework - Navigating to: https://cloudapps-e2e.encoreglobal.com/navigator/locations/1604/settings/location
2026-06-01 15:59:24 [35396] INFO  AutomationFramework - [OK] Navigation successful: https://cloudapps-e2e.encoreglobal.com/navigator/locations/1604/settings/location
2026-06-01 15:59:33 [35396] INFO  AutomationFramework - [OK] Tab active: tabPricing
  ok 333 [encore-locations] › specs\locations\location-pricing.spec.ts:574:7 › Location Pricing @locations @pricing › TC-LOC-PRI-032: Unsaved changes dialog -- edit, navigate away, Stay returns to form (10.7s)
2026-06-01 15:59:33 [35396] INFO  AutomationFramework - LocationPricingPage initialized
2026-06-01 15:59:33 [35396] INFO  AutomationFramework - Navigating to: https://cloudapps-e2e.encoreglobal.com/navigator/locations
2026-06-01 15:59:34 [35396] INFO  AutomationFramework - [OK] Navigation successful: https://cloudapps-e2e.encoreglobal.com/navigator/locations
2026-06-01 15:59:34 [35396] INFO  AutomationFramework - Navigating to locations/1604/settings/location
2026-06-01 15:59:34 [35396] INFO  AutomationFramework - Navigating to: https://cloudapps-e2e.encoreglobal.com/navigator/locations/1604/settings/location
2026-06-01 15:59:34 [35396] INFO  AutomationFramework - [OK] Navigation successful: https://cloudapps-e2e.encoreglobal.com/navigator/locations/1604/settings/location
2026-06-01 15:59:40 [35396] INFO  AutomationFramework - [OK] Tab active: tabPricing
2026-06-01 15:59:40 [35396] INFO  AutomationFramework - Pricing Save enabled: false
2026-06-01 15:59:40 [35396] INFO  AutomationFramework - Is Alternative [2021-Tier 3 Urban A]: checked=false disabled=false
2026-06-01 15:59:41 [35396] INFO  AutomationFramework - Checked Is Alternative: 2021-Tier 3 Urban A
2026-06-01 15:59:41 [35396] INFO  AutomationFramework - Use Effective Date [2021-Tier 3 Urban A]: checked=false disabled=false
2026-06-01 15:59:41 [35396] INFO  AutomationFramework - Use Effective Date [2021-Tier 3 Urban A]: checked=false disabled=false
2026-06-01 15:59:41 [35396] INFO  AutomationFramework - Checked Use Effective Date: 2021-Tier 3 Urban A
2026-06-01 15:59:41 [35396] INFO  AutomationFramework - Start Date [2021-Tier 3 Urban A] enabled: true
2026-06-01 15:59:45 [35396] INFO  AutomationFramework - [WARN] Save button did not enable within timeout
2026-06-01 15:59:45 [35396] INFO  AutomationFramework - Entered Start Date [2021-Tier 3 Urban A]: 05/01/2026
2026-06-01 15:59:46 [35396] INFO  AutomationFramework - Entered End Date [2021-Tier 3 Urban A]: 05/31/2026
2026-06-01 15:59:46 [35396] INFO  AutomationFramework - [OK] Save button enabled
2026-06-01 15:59:46 [35396] INFO  AutomationFramework - Is Alternative [2021-Tier 3 Urban A]: checked=true disabled=false
2026-06-01 15:59:46 [35396] INFO  AutomationFramework - Unchecked Is Alternative: 2021-Tier 3 Urban A
2026-06-01 15:59:46 [35396] INFO  AutomationFramework - Row reset: 2021-Tier 3 Urban A
2026-06-01 15:59:46 [35396] INFO  AutomationFramework - Navigating to: https://cloudapps-e2e.encoreglobal.com/navigator/locations
2026-06-01 15:59:46 [35396] INFO  AutomationFramework - [fixture] Auto-accepting beforeunload dialog
2026-06-01 15:59:46 [35396] INFO  AutomationFramework - [dialog] Auto-accepting beforeunload dialog during safe navigation
2026-06-01 15:59:46 [35396] INFO  AutomationFramework - [dialog] Beforeunload dialog already handled by another listener
2026-06-01 15:59:46 [35396] INFO  AutomationFramework - [OK] Navigation successful: https://cloudapps-e2e.encoreglobal.com/navigator/locations
2026-06-01 15:59:46 [35396] INFO  AutomationFramework - Navigating to locations/1604/settings/location
2026-06-01 15:59:46 [35396] INFO  AutomationFramework - Navigating to: https://cloudapps-e2e.encoreglobal.com/navigator/locations/1604/settings/location
2026-06-01 15:59:47 [35396] INFO  AutomationFramework - [OK] Navigation successful: https://cloudapps-e2e.encoreglobal.com/navigator/locations/1604/settings/location
2026-06-01 15:59:53 [35396] INFO  AutomationFramework - [OK] Tab active: tabPricing
  ok 334 [encore-locations] › specs\locations\location-pricing.spec.ts:596:7 › Location Pricing @locations @pricing › TC-LOC-PRI-033: Grid validation errors block Save -- missing dates with cascade enabled (19.9s)
2026-06-01 15:59:53 [35396] INFO  AutomationFramework - LocationPricingPage initialized
2026-06-01 15:59:53 [35396] INFO  AutomationFramework - Read-only columns [2021-Tier 3 Urban A]: 0 interactive elements
  ok 335 [encore-locations] › specs\locations\location-pricing.spec.ts:629:7 › Location Pricing @locations @pricing › TC-LOC-PRI-035: Read-only columns (Pricing Strategy, Pricebook, Currency) have no interactive elements (202ms)
2026-06-01 15:59:53 [35396] INFO  AutomationFramework - LocationSharedSetupLocationsPage initialized
2026-06-01 15:59:54 [35396] INFO  AutomationFramework - [OK] Tab active: tabSharedSetupLocations
2026-06-01 15:59:54 [35396] INFO  AutomationFramework - Change Local Office dialog opened
2026-06-01 15:59:55 [35396] INFO  AutomationFramework - Dialog search: "A"
2026-06-01 15:59:55 [35396] INFO  AutomationFramework - Dialog Cancel clicked, dialog closed
2026-06-01 15:59:58 [35396] INFO  AutomationFramework - [OK] Tab active: tabSharedSetupLocations
  ok 336 [encore-locations] › specs\locations\location-shared-setup-locations.spec.ts:38:7 › Location Shared Setup Locations @locations @shared-setup › TC-LOC-SSL-033: 1-char search filter shows ≥1 result (BVA min) (5.1s)
2026-06-01 15:59:58 [35396] INFO  AutomationFramework - LocationSharedSetupLocationsPage initialized
2026-06-01 15:59:59 [35396] INFO  AutomationFramework - Change Local Office dialog opened
2026-06-01 15:59:59 [35396] INFO  AutomationFramework - Dialog search: "XXXXXXXXXXXXXXXXXXXXXXXXXXXXXXXXXXXXXXXXXXXXXXXXXXXXXXXXXXXXXXXXXXXXXXXXXXXXXXXXXXXXXXXXXXXXXXXXXXXXXXXXXXXXXXXXXXXXXXXXXXXXXXXXXXXXXXXXXXXXXXXXXXXXXXXXXXXXXXXXXXXXXXXXXXXXXXXXXXXXXXXXXXXXXXXXXXXXXXXX"
2026-06-01 15:59:59 [35396] INFO  AutomationFramework - Dialog Cancel clicked, dialog closed
2026-06-01 16:00:02 [35396] INFO  AutomationFramework - [OK] Tab active: tabSharedSetupLocations
  ok 337 [encore-locations] › specs\locations\location-shared-setup-locations.spec.ts:61:7 › Location Shared Setup Locations @locations @shared-setup › TC-LOC-SSL-034: 200-char search does not crash dialog (BVA max) (3.8s)
2026-06-01 16:00:02 [35396] INFO  AutomationFramework - LocationSharedSetupLocationsPage initialized
2026-06-01 16:00:02 [35396] INFO  AutomationFramework - Change Local Office dialog opened
2026-06-01 16:00:02 [35396] INFO  AutomationFramework - Dialog search: "Atlanta"
2026-06-01 16:00:02 [35396] INFO  AutomationFramework - Dialog search: ""
  x  338 [encore-locations] › specs\locations\location-shared-setup-locations.spec.ts:86:7 › Location Shared Setup Locations @locations @shared-setup › TC-LOC-SSL-035: clear-input restores full row count (BVA empty after non-empty) (10.3s)
2026-06-01 16:00:26 [29248] INFO  AutomationFramework - Loading credentials from env source
2026-06-01 16:00:26 [29248] INFO  AutomationFramework - [OK] Credentials loaded for: s-prd-clickauto@psav.com
2026-06-01 16:00:32 [29248] INFO  AutomationFramework - [OK] Authenticated session ready via shared storageState
2026-06-01 16:00:32 [29248] INFO  AutomationFramework - LocationSharedSetupLocationsPage initialized
2026-06-01 16:00:32 [29248] INFO  AutomationFramework - Navigating to locations/1604/settings/location
2026-06-01 16:00:32 [29248] INFO  AutomationFramework - Navigating to: https://cloudapps-e2e.encoreglobal.com/navigator/locations/1604/settings/location
2026-06-01 16:00:33 [29248] INFO  AutomationFramework - [OK] Navigation successful: https://cloudapps-e2e.encoreglobal.com/navigator/locations/1604/settings/location
2026-06-01 16:00:37 [29248] INFO  AutomationFramework - [OK] Tab active: tabSharedSetupLocations
2026-06-01 16:00:37 [29248] INFO  AutomationFramework - Change Local Office dialog opened
2026-06-01 16:00:37 [29248] INFO  AutomationFramework - Dialog search: "Atlanta"
2026-06-01 16:00:37 [29248] INFO  AutomationFramework - Dialog search: ""
  x  339 [encore-locations] › specs\locations\location-shared-setup-locations.spec.ts:86:7 › Location Shared Setup Locations @locations @shared-setup › TC-LOC-SSL-035: clear-input restores full row count (BVA empty after non-empty) (retry #1) (15.4s)
2026-06-01 16:00:50 [18860] INFO  AutomationFramework - Loading credentials from env source
2026-06-01 16:00:50 [18860] INFO  AutomationFramework - [OK] Credentials loaded for: s-prd-clickauto@psav.com
2026-06-01 16:00:57 [18860] INFO  AutomationFramework - [OK] Authenticated session ready via shared storageState
2026-06-01 16:00:57 [18860] INFO  AutomationFramework - LocationSharedSetupLocationsPage initialized
2026-06-01 16:00:57 [18860] INFO  AutomationFramework - Navigating to locations/1604/settings/location
2026-06-01 16:00:57 [18860] INFO  AutomationFramework - Navigating to: https://cloudapps-e2e.encoreglobal.com/navigator/locations/1604/settings/location
2026-06-01 16:00:57 [18860] INFO  AutomationFramework - [OK] Navigation successful: https://cloudapps-e2e.encoreglobal.com/navigator/locations/1604/settings/location
2026-06-01 16:01:01 [18860] INFO  AutomationFramework - [OK] Tab active: tabSharedSetupLocations
2026-06-01 16:01:01 [18860] INFO  AutomationFramework - Change Local Office dialog opened
2026-06-01 16:01:01 [18860] INFO  AutomationFramework - Dialog search: "&"'<>"
2026-06-01 16:01:02 [18860] INFO  AutomationFramework - Dialog Cancel clicked, dialog closed
2026-06-01 16:01:04 [18860] INFO  AutomationFramework - [OK] Tab active: tabSharedSetupLocations
  ok 340 [encore-locations] › specs\locations\location-shared-setup-locations.spec.ts:113:7 › Location Shared Setup Locations @locations @shared-setup › TC-LOC-SSL-036: special chars return clean empty-state (no crash) (7.8s)
2026-06-01 16:01:05 [18860] INFO  AutomationFramework - LocationSharedSetupLocationsPage initialized
2026-06-01 16:01:05 [18860] INFO  AutomationFramework - Change Local Office dialog opened
2026-06-01 16:01:05 [18860] INFO  AutomationFramework - Dialog search: "   "
2026-06-01 16:01:05 [18860] INFO  AutomationFramework - Dialog Cancel clicked, dialog closed
2026-06-01 16:01:09 [18860] INFO  AutomationFramework - [OK] Tab active: tabSharedSetupLocations
  ok 341 [encore-locations] › specs\locations\location-shared-setup-locations.spec.ts:137:7 › Location Shared Setup Locations @locations @shared-setup › TC-LOC-SSL-037: whitespace-only filter does not crash (4.7s)
2026-06-01 16:01:09 [18860] INFO  AutomationFramework - LocationSharedSetupLocationsPage initialized
2026-06-01 16:01:09 [18860] INFO  AutomationFramework - Change Local Office dialog opened
2026-06-01 16:01:09 [18860] INFO  AutomationFramework - Dialog search: "  Atlanta  "
2026-06-01 16:01:10 [18860] INFO  AutomationFramework - Dialog Cancel clicked, dialog closed
2026-06-01 16:01:13 [18860] INFO  AutomationFramework - [OK] Tab active: tabSharedSetupLocations
  ok 342 [encore-locations] › specs\locations\location-shared-setup-locations.spec.ts:160:7 › Location Shared Setup Locations @locations @shared-setup › TC-LOC-SSL-038: leading/trailing whitespace matches base term (4.2s)
2026-06-01 16:01:13 [18860] INFO  AutomationFramework - LocationSharedSetupLocationsPage initialized
2026-06-01 16:01:14 [18860] INFO  AutomationFramework - Change Local Office dialog opened
2026-06-01 16:01:14 [18860] INFO  AutomationFramework - Dialog search: "Atlanta"
2026-06-01 16:01:14 [18860] INFO  AutomationFramework - Dialog search: "Boston"
2026-06-01 16:01:14 [18860] INFO  AutomationFramework - Dialog Cancel clicked, dialog closed
2026-06-01 16:01:18 [18860] INFO  AutomationFramework - [OK] Tab active: tabSharedSetupLocations
  ok 343 [encore-locations] › specs\locations\location-shared-setup-locations.spec.ts:188:7 › Location Shared Setup Locations @locations @shared-setup › TC-LOC-SSL-039: type → clear → re-type swaps results (4.6s)
2026-06-01 16:01:18 [18860] INFO  AutomationFramework - LocationSharedSetupLocationsPage initialized
2026-06-01 16:01:18 [18860] INFO  AutomationFramework - Change Local Office dialog opened
2026-06-01 16:01:18 [18860] INFO  AutomationFramework - Dialog search: "Atlanta"
2026-06-01 16:01:18 [18860] INFO  AutomationFramework - Dialog search: ""
2026-06-01 16:01:22 [18860] INFO  AutomationFramework - Dialog Cancel clicked, dialog closed
2026-06-01 16:01:25 [18860] INFO  AutomationFramework - [OK] Tab active: tabSharedSetupLocations
  ok 344 [encore-locations] › specs\locations\location-shared-setup-locations.spec.ts:217:7 › Location Shared Setup Locations @locations @shared-setup › TC-LOC-SSL-040: clear-via-input restores baseline (6.7s)
2026-06-01 16:01:25 [18860] INFO  AutomationFramework - LocationSharedSetupLocationsPage initialized
  -  345 [encore-locations] › specs\locations\location-shared-setup-locations.spec.ts:247:7 › Location Shared Setup Locations @locations @shared-setup › TC-LOC-SSL-031: delete-MIDDLE row + save + reload (3 → 2 with middle gone)
2026-06-01 16:01:25 [18860] INFO  AutomationFramework - LocationSharedSetupLocationsPage initialized
  -  346 [encore-locations] › specs\locations\location-shared-setup-locations.spec.ts:282:7 › Location Shared Setup Locations @locations @shared-setup › TC-LOC-SSL-041: delete-ALL non-self + save + reload (2 → 0 non-self)
2026-06-01 16:01:25 [18860] INFO  AutomationFramework - LocationSharedSetupLocationsPage initialized
  -  347 [encore-locations] › specs\locations\location-shared-setup-locations.spec.ts:322:7 › Location Shared Setup Locations @locations @shared-setup › TC-LOC-SSL-042: cross-row edit-preserve (toggle non-self SI → self SI unchanged)
2026-06-01 16:01:25 [18860] INFO  AutomationFramework - LocationSharedSetupLocationsPage initialized
  -  348 [encore-locations] › specs\locations\location-shared-setup-locations.spec.ts:364:7 › Location Shared Setup Locations @locations @shared-setup › TC-LOC-SSL-032: 5-row N-boundary push (add 5 non-Miami + save + reload all 5 persist)
2026-06-01 16:01:25 [18860] INFO  AutomationFramework - LocationSharedSetupLocationsPage initialized
  -  349 [encore-locations] › specs\locations\location-shared-setup-locations.spec.ts:394:7 › Location Shared Setup Locations @locations @shared-setup › TC-LOC-SSL-043: cross-row independence pre-save (toggle non-self → self unchanged in-page)
2026-06-01 16:01:25 [18860] INFO  AutomationFramework - LocationSharedSetupLocationsPage initialized
  -  350 [encore-locations] › specs\locations\location-shared-setup-locations.spec.ts:437:7 › Location Shared Setup Locations @locations @shared-setup › TC-LOC-SSL-044: SI full round-trip ON → save → OFF → save persists each leg
2026-06-01 16:01:25 [18860] INFO  AutomationFramework - LocationSharedSetupLocationsPage initialized
2026-06-01 16:01:25 [18860] INFO  AutomationFramework - [OK] Tab active: tabSharedSetupLocations
  ok 351 [encore-locations] › specs\locations\location-shared-setup-locations.spec.ts:478:7 › Location Shared Setup Locations @locations @shared-setup › TC-LOC-SSL-001: Tab loads with shared-setup table and Add button (121ms)
2026-06-01 16:01:25 [18860] INFO  AutomationFramework - LocationSharedSetupLocationsPage initialized
  ok 352 [encore-locations] › specs\locations\location-shared-setup-locations.spec.ts:488:7 › Location Shared Setup Locations @locations @shared-setup › TC-LOC-SSL-002: Column headers are correct (37ms)
2026-06-01 16:01:25 [18860] INFO  AutomationFramework - LocationSharedSetupLocationsPage initialized
  ok 353 [encore-locations] › specs\locations\location-shared-setup-locations.spec.ts:493:7 › Location Shared Setup Locations @locations @shared-setup › TC-LOC-SSL-003: Self-location row shows correct data and default checkbox states (68ms)
2026-06-01 16:01:25 [18860] INFO  AutomationFramework - LocationSharedSetupLocationsPage initialized
  ok 354 [encore-locations] › specs\locations\location-shared-setup-locations.spec.ts:510:7 › Location Shared Setup Locations @locations @shared-setup › TC-LOC-SSL-004: Primary Office is read-only (disabled) for self-location (37ms)
2026-06-01 16:01:25 [18860] INFO  AutomationFramework - LocationSharedSetupLocationsPage initialized
  ok 355 [encore-locations] › specs\locations\location-shared-setup-locations.spec.ts:518:7 › Location Shared Setup Locations @locations @shared-setup › TC-LOC-SSL-005: Delete button is disabled for self-location (30ms)
2026-06-01 16:01:26 [18860] INFO  AutomationFramework - LocationSharedSetupLocationsPage initialized
2026-06-01 16:01:26 [18860] INFO  AutomationFramework - Toggled self Shares Inventory
2026-06-01 16:01:26 [18860] INFO  AutomationFramework - Toggled self Shares Inventory
  ok 356 [encore-locations] › specs\locations\location-shared-setup-locations.spec.ts:523:7 › Location Shared Setup Locations @locations @shared-setup › TC-LOC-SSL-006: Toggling Shares Inventory ON enables left-panel Save (341ms)
2026-06-01 16:01:26 [18860] INFO  AutomationFramework - LocationSharedSetupLocationsPage initialized
  -  357 [encore-locations] › specs\locations\location-shared-setup-locations.spec.ts:533:7 › Location Shared Setup Locations @locations @shared-setup › TC-LOC-SSL-007: Reverting Shares Inventory to original state disables Save
2026-06-01 16:01:26 [18860] INFO  AutomationFramework - LocationSharedSetupLocationsPage initialized
2026-06-01 16:01:26 [18860] INFO  AutomationFramework - Toggled self Shares Inventory
2026-06-01 16:01:26 [18860] INFO  AutomationFramework - Save confirmation dialog appeared -- confirming
2026-06-01 16:01:27 [18860] INFO  AutomationFramework - [OK] Save complete (btnSave)
2026-06-01 16:01:30 [18860] INFO  AutomationFramework - [OK] Tab active: tabSharedSetupLocations
2026-06-01 16:01:30 [18860] INFO  AutomationFramework - Toggled self Shares Inventory
2026-06-01 16:01:30 [18860] INFO  AutomationFramework - Save confirmation dialog appeared -- confirming
2026-06-01 16:01:31 [18860] INFO  AutomationFramework - [OK] Save complete (btnSave)
  ok 358 [encore-locations] › specs\locations\location-shared-setup-locations.spec.ts:546:7 › Location Shared Setup Locations @locations @shared-setup › TC-LOC-SSL-008: Shares Inventory save persists after reload (5.2s)
2026-06-01 16:01:31 [18860] INFO  AutomationFramework - LocationSharedSetupLocationsPage initialized
2026-06-01 16:01:31 [18860] INFO  AutomationFramework - Change Local Office dialog opened
2026-06-01 16:01:33 [18860] INFO  AutomationFramework - Dialog Cancel clicked, dialog closed
  ok 359 [encore-locations] › specs\locations\location-shared-setup-locations.spec.ts:558:7 › Location Shared Setup Locations @locations @shared-setup › TC-LOC-SSL-009: Add button opens Change Local Office dialog (4.5s)
2026-06-01 16:01:36 [18860] INFO  AutomationFramework - LocationSharedSetupLocationsPage initialized
2026-06-01 16:01:36 [18860] INFO  AutomationFramework - Change Local Office dialog opened
2026-06-01 16:01:36 [18860] INFO  AutomationFramework - Dialog search: "Boston"
2026-06-01 16:01:36 [18860] INFO  AutomationFramework - Dialog Cancel clicked, dialog closed
  ok 360 [encore-locations] › specs\locations\location-shared-setup-locations.spec.ts:571:7 › Location Shared Setup Locations @locations @shared-setup › TC-LOC-SSL-010: Dialog search filters results by location name (741ms)
2026-06-01 16:01:36 [18860] INFO  AutomationFramework - LocationSharedSetupLocationsPage initialized
2026-06-01 16:01:37 [18860] INFO  AutomationFramework - Change Local Office dialog opened
2026-06-01 16:01:37 [18860] INFO  AutomationFramework - Dialog search: "990002"
2026-06-01 16:01:38 [18860] INFO  AutomationFramework - Dialog Cancel clicked, dialog closed
  ok 361 [encore-locations] › specs\locations\location-shared-setup-locations.spec.ts:580:7 › Location Shared Setup Locations @locations @shared-setup › TC-LOC-SSL-011: Dialog search filters results by location number (exact match) (1.4s)
2026-06-01 16:01:38 [18860] INFO  AutomationFramework - LocationSharedSetupLocationsPage initialized
2026-06-01 16:01:38 [18860] INFO  AutomationFramework - Change Local Office dialog opened
2026-06-01 16:01:38 [18860] INFO  AutomationFramework - Dialog search: "990002"
2026-06-01 16:01:39 [18860] INFO  AutomationFramework - Selected first dialog row
2026-06-01 16:01:39 [18860] INFO  AutomationFramework - Dialog Cancel clicked, dialog closed
  ok 362 [encore-locations] › specs\locations\location-shared-setup-locations.spec.ts:591:7 › Location Shared Setup Locations @locations @shared-setup › TC-LOC-SSL-012: Selecting a dialog row enables the Select button (1.5s)
2026-06-01 16:01:39 [18860] INFO  AutomationFramework - LocationSharedSetupLocationsPage initialized
2026-06-01 16:01:39 [18860] INFO  AutomationFramework - Change Local Office dialog opened
2026-06-01 16:01:40 [18860] INFO  AutomationFramework - Dialog search: "990002"
2026-06-01 16:01:40 [18860] INFO  AutomationFramework - Selected first dialog row
2026-06-01 16:01:40 [18860] INFO  AutomationFramework - Dialog Select confirmed, dialog closed
  ok 363 [encore-locations] › specs\locations\location-shared-setup-locations.spec.ts:604:7 › Location Shared Setup Locations @locations @shared-setup › TC-LOC-SSL-013: Selecting a location via dialog adds it to the table (1.0s)
2026-06-01 16:01:40 [18860] INFO  AutomationFramework - LocationSharedSetupLocationsPage initialized
  ok 364 [encore-locations] › specs\locations\location-shared-setup-locations.spec.ts:616:7 › Location Shared Setup Locations @locations @shared-setup › TC-LOC-SSL-014: Non-self row has correct state (Primary Office disabled, Shares Inventory editable) (47ms)
2026-06-01 16:01:40 [18860] INFO  AutomationFramework - LocationSharedSetupLocationsPage initialized
2026-06-01 16:01:41 [18860] INFO  AutomationFramework - Deleted row at index 2
2026-06-01 16:01:42 [18860] INFO  AutomationFramework - [fixture] Auto-accepting beforeunload dialog
2026-06-01 16:01:45 [18860] INFO  AutomationFramework - [OK] Tab active: tabSharedSetupLocations
  ok 365 [encore-locations] › specs\locations\location-shared-setup-locations.spec.ts:627:7 › Location Shared Setup Locations @locations @shared-setup › TC-LOC-SSL-015: Delete removes non-self row instantly with no confirmation dialog (4.4s)
2026-06-01 16:01:45 [18860] INFO  AutomationFramework - LocationSharedSetupLocationsPage initialized
2026-06-01 16:01:48 [18860] INFO  AutomationFramework - [OK] Tab active: tabSharedSetupLocations
2026-06-01 16:01:48 [18860] INFO  AutomationFramework - Change Local Office dialog opened
2026-06-01 16:01:48 [18860] INFO  AutomationFramework - Dialog search: "Boston"
2026-06-01 16:01:50 [18860] INFO  AutomationFramework - Selected first dialog row
2026-06-01 16:01:50 [18860] INFO  AutomationFramework - Dialog Cancel clicked, dialog closed
  ok 366 [encore-locations] › specs\locations\location-shared-setup-locations.spec.ts:641:7 › Location Shared Setup Locations @locations @shared-setup › TC-LOC-SSL-016: Cancelling the dialog after row selection leaves table and Save unchanged (5.2s)
2026-06-01 16:01:50 [18860] INFO  AutomationFramework - LocationSharedSetupLocationsPage initialized
2026-06-01 16:01:50 [18860] INFO  AutomationFramework - In-tab Save buttons found: 0
2026-06-01 16:01:50 [18860] INFO  AutomationFramework - Toggled self Shares Inventory
2026-06-01 16:01:50 [18860] INFO  AutomationFramework - Save confirmation dialog appeared -- confirming
2026-06-01 16:01:52 [18860] INFO  AutomationFramework - [OK] Save complete (btnSave)
2026-06-01 16:01:52 [18860] INFO  AutomationFramework - Toggled self Shares Inventory
2026-06-01 16:01:52 [18860] INFO  AutomationFramework - Save confirmation dialog appeared -- confirming
2026-06-01 16:01:54 [18860] INFO  AutomationFramework - [OK] Save complete (btnSave)
  ok 367 [encore-locations] › specs\locations\location-shared-setup-locations.spec.ts:664:7 › Location Shared Setup Locations @locations @shared-setup › TC-LOC-SSL-017: Tab uses left-panel Save with dialog (no dedicated in-tab Save button) (3.4s)
2026-06-01 16:01:54 [18860] INFO  AutomationFramework - LocationSharedSetupLocationsPage initialized
2026-06-01 16:01:56 [18860] INFO  AutomationFramework - [OK] Tab active: tabSharedSetupLocations
2026-06-01 16:01:56 [18860] INFO  AutomationFramework - Change Local Office dialog opened
2026-06-01 16:01:57 [18860] INFO  AutomationFramework - Dialog search: "Chicago"
2026-06-01 16:01:58 [18860] INFO  AutomationFramework - Selected first dialog row
2026-06-01 16:01:58 [18860] INFO  AutomationFramework - Dialog Select confirmed, dialog closed
2026-06-01 16:01:58 [18860] INFO  AutomationFramework - Save confirmation dialog appeared -- confirming
2026-06-01 16:02:00 [18860] INFO  AutomationFramework - [OK] Save complete (btnSave)
2026-06-01 16:02:03 [18860] INFO  AutomationFramework - [OK] Tab active: tabSharedSetupLocations
2026-06-01 16:02:03 [18860] INFO  AutomationFramework - Deleted row at index 1
2026-06-01 16:02:03 [18860] INFO  AutomationFramework - Save confirmation dialog appeared -- confirming
2026-06-01 16:02:05 [18860] INFO  AutomationFramework - [OK] Save complete (btnSave)
  ok 368 [encore-locations] › specs\locations\location-shared-setup-locations.spec.ts:677:7 › Location Shared Setup Locations @locations @shared-setup › TC-LOC-SSL-018: Add location via dialog -> save -> reload -> row persists (11.2s)
2026-06-01 16:02:05 [18860] INFO  AutomationFramework - LocationSharedSetupLocationsPage initialized
2026-06-01 16:02:08 [18860] INFO  AutomationFramework - [OK] Tab active: tabSharedSetupLocations
2026-06-01 16:02:08 [18860] INFO  AutomationFramework - Change Local Office dialog opened
2026-06-01 16:02:08 [18860] INFO  AutomationFramework - Dialog search: "Boston"
2026-06-01 16:02:09 [18860] INFO  AutomationFramework - Selected first dialog row
2026-06-01 16:02:09 [18860] INFO  AutomationFramework - Dialog Select confirmed, dialog closed
2026-06-01 16:02:10 [18860] INFO  AutomationFramework - Save confirmation dialog appeared -- confirming
2026-06-01 16:02:10 [18860] INFO  AutomationFramework - [OK] Save complete (btnSave)
2026-06-01 16:02:14 [18860] INFO  AutomationFramework - [OK] Tab active: tabSharedSetupLocations
2026-06-01 16:02:14 [18860] INFO  AutomationFramework - Toggled non-self Shares Inventory at row 1
2026-06-01 16:02:14 [18860] INFO  AutomationFramework - Save confirmation dialog appeared -- confirming
2026-06-01 16:02:15 [18860] INFO  AutomationFramework - [OK] Save complete (btnSave)
2026-06-01 16:02:18 [18860] INFO  AutomationFramework - [OK] Tab active: tabSharedSetupLocations
2026-06-01 16:02:18 [18860] INFO  AutomationFramework - Deleted row at index 1
2026-06-01 16:02:18 [18860] INFO  AutomationFramework - Save confirmation dialog appeared -- confirming
2026-06-01 16:02:19 [18860] INFO  AutomationFramework - [OK] Save complete (btnSave)
  ok 369 [encore-locations] › specs\locations\location-shared-setup-locations.spec.ts:709:7 › Location Shared Setup Locations @locations @shared-setup › TC-LOC-SSL-019: Non-self Shares Inventory toggle -> save -> reload -> persisted (14.1s)
2026-06-01 16:02:19 [18860] INFO  AutomationFramework - LocationSharedSetupLocationsPage initialized
2026-06-01 16:02:22 [18860] INFO  AutomationFramework - [OK] Tab active: tabSharedSetupLocations
2026-06-01 16:02:22 [18860] INFO  AutomationFramework - Change Local Office dialog opened
2026-06-01 16:02:22 [18860] INFO  AutomationFramework - Dialog search: "Dallas"
2026-06-01 16:02:24 [18860] INFO  AutomationFramework - Selected first dialog row
2026-06-01 16:02:24 [18860] INFO  AutomationFramework - Dialog Select confirmed, dialog closed
2026-06-01 16:02:24 [18860] INFO  AutomationFramework - Save confirmation dialog appeared -- confirming
2026-06-01 16:02:26 [18860] INFO  AutomationFramework - [OK] Save complete (btnSave)
2026-06-01 16:02:29 [18860] INFO  AutomationFramework - [OK] Tab active: tabSharedSetupLocations
2026-06-01 16:02:29 [18860] INFO  AutomationFramework - Deleted row at index 1
2026-06-01 16:02:30 [18860] INFO  AutomationFramework - Save confirmation dialog appeared -- confirming
2026-06-01 16:02:30 [18860] INFO  AutomationFramework - [OK] Save complete (btnSave)
2026-06-01 16:02:34 [18860] INFO  AutomationFramework - [OK] Tab active: tabSharedSetupLocations
  ok 370 [encore-locations] › specs\locations\location-shared-setup-locations.spec.ts:744:7 › Location Shared Setup Locations @locations @shared-setup › TC-LOC-SSL-020: Delete location -> save -> reload -> row removed (15.4s)
2026-06-01 16:02:34 [18860] INFO  AutomationFramework - LocationSharedSetupLocationsPage initialized
2026-06-01 16:02:38 [18860] INFO  AutomationFramework - [OK] Tab active: tabSharedSetupLocations
2026-06-01 16:02:38 [18860] INFO  AutomationFramework - Toggled self Shares Inventory
2026-06-01 16:02:38 [18860] INFO  AutomationFramework - Change Local Office dialog opened
2026-06-01 16:02:38 [18860] INFO  AutomationFramework - Dialog search: "Denver"
2026-06-01 16:02:39 [18860] INFO  AutomationFramework - Selected first dialog row
2026-06-01 16:02:40 [18860] INFO  AutomationFramework - Dialog Select confirmed, dialog closed
2026-06-01 16:02:40 [18860] INFO  AutomationFramework - Save confirmation dialog appeared -- confirming
2026-06-01 16:02:41 [18860] INFO  AutomationFramework - [OK] Save complete (btnSave)
2026-06-01 16:02:44 [18860] INFO  AutomationFramework - [OK] Tab active: tabSharedSetupLocations
2026-06-01 16:02:44 [18860] INFO  AutomationFramework - Unchecked Radix checkbox: chkSelfSharesInventory
2026-06-01 16:02:44 [18860] INFO  AutomationFramework - Deleted row at index 2
2026-06-01 16:02:45 [18860] INFO  AutomationFramework - Save confirmation dialog appeared -- confirming
2026-06-01 16:02:45 [18860] INFO  AutomationFramework - [OK] Save complete (btnSave)
  ok 371 [encore-locations] › specs\locations\location-shared-setup-locations.spec.ts:771:7 › Location Shared Setup Locations @locations @shared-setup › TC-LOC-SSL-021: Combined self SI + add location -> save -> reload -> both persisted (10.9s)
2026-06-01 16:02:45 [18860] INFO  AutomationFramework - LocationSharedSetupLocationsPage initialized
2026-06-01 16:02:48 [18860] INFO  AutomationFramework - [OK] Tab active: tabSharedSetupLocations
2026-06-01 16:02:48 [18860] INFO  AutomationFramework - Toggled self Shares Inventory
2026-06-01 16:02:49 [18860] INFO  AutomationFramework - Clicking element: btnSave
2026-06-01 16:02:49 [18860] INFO  AutomationFramework - [OK] Click successful: btnSave
2026-06-01 16:02:49 [18860] INFO  AutomationFramework - Waiting for element: dlgSaveChanges
2026-06-01 16:02:49 [18860] INFO  AutomationFramework - [OK] Element visible: dlgSaveChanges
2026-06-01 16:02:49 [18860] INFO  AutomationFramework - [OK] Save Changes dialog opened (not confirmed)
2026-06-01 16:02:49 [18860] INFO  AutomationFramework - Clicking element: btnSaveChangesCancel
2026-06-01 16:02:49 [18860] INFO  AutomationFramework - [OK] Click successful: btnSaveChangesCancel
2026-06-01 16:02:49 [18860] INFO  AutomationFramework - Cancelled Save Changes dialog
2026-06-01 16:02:49 [18860] INFO  AutomationFramework - [fixture] Auto-accepting beforeunload dialog
2026-06-01 16:02:52 [18860] INFO  AutomationFramework - [OK] Tab active: tabSharedSetupLocations
  ok 372 [encore-locations] › specs\locations\location-shared-setup-locations.spec.ts:803:7 › Location Shared Setup Locations @locations @shared-setup › TC-LOC-SSL-022: Cancel Save dialog -> changes not persisted after reload (6.7s)
2026-06-01 16:02:52 [18860] INFO  AutomationFramework - LocationSharedSetupLocationsPage initialized
2026-06-01 16:02:55 [18860] INFO  AutomationFramework - [OK] Tab active: tabSharedSetupLocations
2026-06-01 16:02:55 [18860] INFO  AutomationFramework - Toggled self Shares Inventory
2026-06-01 16:02:55 [18860] INFO  AutomationFramework - [fixture] Auto-accepting beforeunload dialog
2026-06-01 16:02:55 [18860] INFO  AutomationFramework - Navigating to: https://cloudapps-e2e.encoreglobal.com/navigator/navigator/locations/1604/home
2026-06-01 16:02:56 [18860] INFO  AutomationFramework - [OK] Navigation successful: https://cloudapps-e2e.encoreglobal.com/navigator/navigator/locations/1604/home
2026-06-01 16:03:00 [18860] INFO  AutomationFramework - Navigating to locations/1604/settings/location
2026-06-01 16:03:00 [18860] INFO  AutomationFramework - Navigating to: https://cloudapps-e2e.encoreglobal.com/navigator/locations/1604/settings/location
2026-06-01 16:03:00 [18860] INFO  AutomationFramework - [OK] Navigation successful: https://cloudapps-e2e.encoreglobal.com/navigator/locations/1604/settings/location
2026-06-01 16:03:03 [18860] INFO  AutomationFramework - [OK] Tab active: tabSharedSetupLocations
  ok 373 [encore-locations] › specs\locations\location-shared-setup-locations.spec.ts:822:7 › Location Shared Setup Locations @locations @shared-setup › TC-LOC-SSL-023: Beforeunload fires when SSL form is dirty (11.2s)
2026-06-01 16:03:03 [18860] INFO  AutomationFramework - LocationSharedSetupLocationsPage initialized
2026-06-01 16:03:06 [18860] INFO  AutomationFramework - [OK] Tab active: tabSharedSetupLocations
2026-06-01 16:03:07 [18860] INFO  AutomationFramework - Change Local Office dialog opened
2026-06-01 16:03:07 [18860] INFO  AutomationFramework - Dialog search: "Atlanta"
2026-06-01 16:03:08 [18860] INFO  AutomationFramework - Selected first dialog row
2026-06-01 16:03:09 [18860] INFO  AutomationFramework - Dialog Select confirmed, dialog closed
2026-06-01 16:03:09 [18860] INFO  AutomationFramework - Save confirmation dialog appeared -- confirming
2026-06-01 16:03:10 [18860] INFO  AutomationFramework - [OK] Save complete (btnSave)
2026-06-01 16:03:11 [18860] INFO  AutomationFramework - Change Local Office dialog opened
2026-06-01 16:03:11 [18860] INFO  AutomationFramework - Dialog search: "1565"
  x  374 [encore-locations] › specs\locations\location-shared-setup-locations.spec.ts:837:7 › Location Shared Setup Locations @locations @shared-setup › TC-LOC-SSL-024: Already-added location is absent from Change Local Office dialog (9.4s)
2026-06-01 16:03:15 [23576] INFO  AutomationFramework - Loading credentials from env source
2026-06-01 16:03:15 [23576] INFO  AutomationFramework - [OK] Credentials loaded for: s-prd-clickauto@psav.com
2026-06-01 16:03:23 [23576] INFO  AutomationFramework - [OK] Authenticated session ready via shared storageState
2026-06-01 16:03:23 [23576] INFO  AutomationFramework - LocationSharedSetupLocationsPage initialized
2026-06-01 16:03:23 [23576] INFO  AutomationFramework - Navigating to locations/1604/settings/location
2026-06-01 16:03:23 [23576] INFO  AutomationFramework - Navigating to: https://cloudapps-e2e.encoreglobal.com/navigator/locations/1604/settings/location
2026-06-01 16:03:24 [23576] INFO  AutomationFramework - [OK] Navigation successful: https://cloudapps-e2e.encoreglobal.com/navigator/locations/1604/settings/location
2026-06-01 16:03:28 [23576] INFO  AutomationFramework - [OK] Tab active: tabSharedSetupLocations
2026-06-01 16:03:31 [23576] INFO  AutomationFramework - [OK] Tab active: tabSharedSetupLocations
2026-06-01 16:03:31 [23576] INFO  AutomationFramework - [CLEANUP] Dirty state: non-self=true, SI=true — cleaning
2026-06-01 16:03:31 [23576] INFO  AutomationFramework - Deleted row at index 1
2026-06-01 16:03:31 [23576] INFO  AutomationFramework - Save confirmation dialog appeared -- confirming
2026-06-01 16:03:33 [23576] INFO  AutomationFramework - [OK] Save complete (btnSave)
2026-06-01 16:03:36 [23576] INFO  AutomationFramework - [OK] Tab active: tabSharedSetupLocations
2026-06-01 16:03:37 [23576] INFO  AutomationFramework - Change Local Office dialog opened
2026-06-01 16:03:37 [23576] INFO  AutomationFramework - Dialog search: "Atlanta"
2026-06-01 16:03:38 [23576] INFO  AutomationFramework - Selected first dialog row
2026-06-01 16:03:39 [23576] INFO  AutomationFramework - Dialog Select confirmed, dialog closed
2026-06-01 16:03:39 [23576] INFO  AutomationFramework - Save confirmation dialog appeared -- confirming
2026-06-01 16:03:40 [23576] INFO  AutomationFramework - [OK] Save complete (btnSave)
2026-06-01 16:03:40 [23576] INFO  AutomationFramework - Change Local Office dialog opened
2026-06-01 16:03:40 [23576] INFO  AutomationFramework - Dialog search: "1565"
  x  375 [encore-locations] › specs\locations\location-shared-setup-locations.spec.ts:837:7 › Location Shared Setup Locations @locations @shared-setup › TC-LOC-SSL-024: Already-added location is absent from Change Local Office dialog (retry #1) (19.2s)
2026-06-01 16:03:45 [28408] INFO  AutomationFramework - Loading credentials from env source
2026-06-01 16:03:45 [28408] INFO  AutomationFramework - [OK] Credentials loaded for: s-prd-clickauto@psav.com
2026-06-01 16:03:51 [28408] INFO  AutomationFramework - [OK] Authenticated session ready via shared storageState
2026-06-01 16:03:51 [28408] INFO  AutomationFramework - LocationSharedSetupLocationsPage initialized
2026-06-01 16:03:51 [28408] INFO  AutomationFramework - Navigating to locations/1604/settings/location
2026-06-01 16:03:51 [28408] INFO  AutomationFramework - Navigating to: https://cloudapps-e2e.encoreglobal.com/navigator/locations/1604/settings/location
2026-06-01 16:03:52 [28408] INFO  AutomationFramework - [OK] Navigation successful: https://cloudapps-e2e.encoreglobal.com/navigator/locations/1604/settings/location
2026-06-01 16:03:55 [28408] INFO  AutomationFramework - [OK] Tab active: tabSharedSetupLocations
  ok 376 [encore-locations] › specs\locations\location-shared-setup-locations.spec.ts:868:7 › Location Shared Setup Locations @locations @shared-setup › TC-LOC-SSL-025: Each column header testid resolves to expected text (4.1s)
2026-06-01 16:03:55 [28408] INFO  AutomationFramework - LocationSharedSetupLocationsPage initialized
  -  377 [encore-locations] › specs\locations\location-shared-setup-locations.spec.ts:878:7 › Location Shared Setup Locations @locations @shared-setup › TC-LOC-SSL-026: Dialog number-search "1233" returns exactly the Miami Marriott office
2026-06-01 16:03:56 [28408] INFO  AutomationFramework - LocationSharedSetupLocationsPage initialized
2026-06-01 16:03:59 [28408] INFO  AutomationFramework - [OK] Tab active: tabSharedSetupLocations
2026-06-01 16:03:59 [28408] INFO  AutomationFramework - [CLEANUP] Dirty state: non-self=true, SI=true — cleaning
2026-06-01 16:03:59 [28408] INFO  AutomationFramework - Deleted row at index 1
2026-06-01 16:03:59 [28408] INFO  AutomationFramework - Save confirmation dialog appeared -- confirming
2026-06-01 16:04:00 [28408] INFO  AutomationFramework - [OK] Save complete (btnSave)
2026-06-01 16:04:03 [28408] INFO  AutomationFramework - [OK] Tab active: tabSharedSetupLocations
2026-06-01 16:04:03 [28408] INFO  AutomationFramework - Toggled self Shares Inventory
2026-06-01 16:04:03 [28408] INFO  AutomationFramework - Change Local Office dialog opened
2026-06-01 16:04:03 [28408] INFO  AutomationFramework - Dialog search: "Chicago"
2026-06-01 16:04:06 [28408] INFO  AutomationFramework - Selected first dialog row
2026-06-01 16:04:07 [28408] INFO  AutomationFramework - Dialog Select confirmed, dialog closed
2026-06-01 16:04:07 [28408] INFO  AutomationFramework - Save confirmation dialog appeared -- confirming
2026-06-01 16:04:08 [28408] INFO  AutomationFramework - [OK] Save complete (btnSave)
2026-06-01 16:04:11 [28408] INFO  AutomationFramework - [OK] Tab active: tabSharedSetupLocations
2026-06-01 16:04:12 [28408] INFO  AutomationFramework - Unchecked Radix checkbox: chkSelfSharesInventory
2026-06-01 16:04:12 [28408] INFO  AutomationFramework - Deleted row at index 1
2026-06-01 16:04:12 [28408] INFO  AutomationFramework - Save confirmation dialog appeared -- confirming
2026-06-01 16:04:13 [28408] INFO  AutomationFramework - [OK] Save complete (btnSave)
  ok 378 [encore-locations] › specs\locations\location-shared-setup-locations.spec.ts:893:7 › Location Shared Setup Locations @locations @shared-setup › TC-LOC-SSL-027: Combined self SI + add non-Miami row + save persists both after reload (17.1s)
2026-06-01 16:04:13 [28408] INFO  AutomationFramework - LocationSharedSetupLocationsPage initialized
2026-06-01 16:04:16 [28408] INFO  AutomationFramework - [OK] Tab active: tabSharedSetupLocations
2026-06-01 16:04:16 [28408] INFO  AutomationFramework - [CLEANUP] Dirty state: non-self=false, SI=true — cleaning
2026-06-01 16:04:16 [28408] INFO  AutomationFramework - Unchecked Radix checkbox: chkSelfSharesInventory
2026-06-01 16:04:16 [28408] INFO  AutomationFramework - Save confirmation dialog appeared -- confirming
2026-06-01 16:04:17 [28408] INFO  AutomationFramework - [OK] Save complete (btnSave)
2026-06-01 16:04:21 [28408] INFO  AutomationFramework - [OK] Tab active: tabSharedSetupLocations
2026-06-01 16:04:21 [28408] INFO  AutomationFramework - Toggled self Shares Inventory
2026-06-01 16:04:22 [28408] INFO  AutomationFramework - Clicked top-level tab: tabLocationManagementHistory
2026-06-01 16:04:22 [28408] INFO  AutomationFramework - Navigating to: https://cloudapps-e2e.encoreglobal.com/navigator/navigator/locations/1604/home
2026-06-01 16:04:22 [28408] INFO  AutomationFramework - [fixture] Auto-accepting beforeunload dialog
2026-06-01 16:04:22 [28408] INFO  AutomationFramework - [OK] Navigation successful: https://cloudapps-e2e.encoreglobal.com/navigator/navigator/locations/1604/home
2026-06-01 16:04:26 [28408] INFO  AutomationFramework - Navigating to locations/1604/settings/location
2026-06-01 16:04:26 [28408] INFO  AutomationFramework - Navigating to: https://cloudapps-e2e.encoreglobal.com/navigator/locations/1604/settings/location
2026-06-01 16:04:27 [28408] INFO  AutomationFramework - [OK] Navigation successful: https://cloudapps-e2e.encoreglobal.com/navigator/locations/1604/settings/location
2026-06-01 16:04:30 [28408] INFO  AutomationFramework - [OK] Tab active: tabSharedSetupLocations
  ok 379 [encore-locations] › specs\locations\location-shared-setup-locations.spec.ts:927:7 › Location Shared Setup Locations @locations @shared-setup › TC-LOC-SSL-028: Top-tab switch with dirty form shows Unsaved Changes dialog; Stay preserves state (17.0s)
2026-06-01 16:04:30 [28408] INFO  AutomationFramework - LocationSharedSetupLocationsPage initialized
2026-06-01 16:04:30 [28408] INFO  AutomationFramework - rapidClickAdd: fired 5 clicks at 50ms intervals
2026-06-01 16:04:30 [28408] INFO  AutomationFramework - Dialog Cancel clicked, dialog closed
  ok 380 [encore-locations] › specs\locations\location-shared-setup-locations.spec.ts:943:7 › Location Shared Setup Locations @locations @shared-setup › TC-LOC-SSL-029: Five rapid Add-button clicks open exactly one dialog (693ms)
2026-06-01 16:04:30 [28408] INFO  AutomationFramework - LocationSharedSetupLocationsPage initialized
  -  381 [encore-locations] › specs\locations\location-shared-setup-locations.spec.ts:972:7 › Location Shared Setup Locations @locations @shared-setup › TC-LOC-SSL-030: Add three non-Miami rows + save + reload → all three persist
2026-06-01 16:04:31 [31244] INFO  AutomationFramework - Global teardown complete


  1) [encore-local-office] › specs\local-office\local-office-history.spec.ts:55:7 › Local Office Settings — History Tab @locations @local-office-history › TC-LOS-HIS-006: History tab is read-only — no Save, no editable fields 

    Error: [2mexpect([22m[31mreceived[39m[2m).[22mtoBe[2m([22m[32mexpected[39m[2m) // Object.is equality[22m

    Expected: [32mtrue[39m
    Received: [31mfalse[39m

      55 |   test('TC-LOS-HIS-006: History tab is read-only — no Save, no editable fields', async ({ localOfficeHistoryPage, dependencyGate }) => {
      56 |     dependencyGate(['TC-LOS-HIS-001']);
    > 57 |     expect(await localOfficeHistoryPage.isHistoryTabReadOnly()).toBe(true);
         |                                                                 ^
      58 |   });
      59 |
      60 |   test('TC-LOS-HIS-007: Sort buttons present', async ({ localOfficeHistoryPage, dependencyGate }) => {
        at C:\Users\rutvi\projects\encore_framework\clients\encore\specs\local-office\local-office-history.spec.ts:57:65

    attachment #1: screenshot (image/png) ──────────────────────────────────────────────────────────
    reports\test-results\local-office-history-Local-c0425--no-Save-no-editable-fields-encore-local-office\test-failed-1.png
    ────────────────────────────────────────────────────────────────────────────────────────────────

    Error Context: reports\test-results\local-office-history-Local-c0425--no-Save-no-editable-fields-encore-local-office\error-context.md

    attachment #4: trace (application/zip) ─────────────────────────────────────────────────────────
    reports\test-results\local-office-history-Local-c0425--no-Save-no-editable-fields-encore-local-office\trace.zip
    Usage:

        npx playwright show-trace reports\test-results\local-office-history-Local-c0425--no-Save-no-editable-fields-encore-local-office\trace.zip

    ────────────────────────────────────────────────────────────────────────────────────────────────

    Retry #1 ───────────────────────────────────────────────────────────────────────────────────────

    Error: [2mexpect([22m[31mreceived[39m[2m).[22mtoBe[2m([22m[32mexpected[39m[2m) // Object.is equality[22m

    Expected: [32mtrue[39m
    Received: [31mfalse[39m

      55 |   test('TC-LOS-HIS-006: History tab is read-only — no Save, no editable fields', async ({ localOfficeHistoryPage, dependencyGate }) => {
      56 |     dependencyGate(['TC-LOS-HIS-001']);
    > 57 |     expect(await localOfficeHistoryPage.isHistoryTabReadOnly()).toBe(true);
         |                                                                 ^
      58 |   });
      59 |
      60 |   test('TC-LOS-HIS-007: Sort buttons present', async ({ localOfficeHistoryPage, dependencyGate }) => {
        at C:\Users\rutvi\projects\encore_framework\clients\encore\specs\local-office\local-office-history.spec.ts:57:65

    attachment #1: screenshot (image/png) ──────────────────────────────────────────────────────────
    reports\test-results\local-office-history-Local-c0425--no-Save-no-editable-fields-encore-local-office-retry1\test-failed-1.png
    ────────────────────────────────────────────────────────────────────────────────────────────────

    Error Context: reports\test-results\local-office-history-Local-c0425--no-Save-no-editable-fields-encore-local-office-retry1\error-context.md

    attachment #4: trace (application/zip) ─────────────────────────────────────────────────────────
    reports\test-results\local-office-history-Local-c0425--no-Save-no-editable-fields-encore-local-office-retry1\trace.zip
    Usage:

        npx playwright show-trace reports\test-results\local-office-history-Local-c0425--no-Save-no-editable-fields-encore-local-office-retry1\trace.zip

    ────────────────────────────────────────────────────────────────────────────────────────────────

  2) [encore-local-office] › specs\local-office\local-office-settings.spec.ts:878:7 › Local Office Settings — Basic Information @locations @local-office-settings › TC-LOS-BAS-065: Clear Return offset → save → reload → app re-applies default 1 

    Error: [2mexpect([22m[31mreceived[39m[2m).[22mtoBe[2m([22m[32mexpected[39m[2m) // Object.is equality[22m

    Expected: [32m"1"[39m
    Received: [31m""[39m

      887 |     await localOfficeSettingsPage.reloadBasicInfo(OFFICE_NO);
      888 |     const value = await localOfficeSettingsPage.getInputValue('txtReturnDateOffset');
    > 889 |     expect(value).toBe('1');
          |                   ^
      890 |     // No additional cleanup needed — app already restored '1'.
      891 |   });
      892 |
        at C:\Users\rutvi\projects\encore_framework\clients\encore\specs\local-office\local-office-settings.spec.ts:889:19

    attachment #1: screenshot (image/png) ──────────────────────────────────────────────────────────
    reports\test-results\local-office-settings-Loca-b79d6--→-app-re-applies-default-1-encore-local-office\test-failed-1.png
    ────────────────────────────────────────────────────────────────────────────────────────────────

    Error Context: reports\test-results\local-office-settings-Loca-b79d6--→-app-re-applies-default-1-encore-local-office\error-context.md

    attachment #4: trace (application/zip) ─────────────────────────────────────────────────────────
    reports\test-results\local-office-settings-Loca-b79d6--→-app-re-applies-default-1-encore-local-office\trace.zip
    Usage:

        npx playwright show-trace reports\test-results\local-office-settings-Loca-b79d6--→-app-re-applies-default-1-encore-local-office\trace.zip

    ────────────────────────────────────────────────────────────────────────────────────────────────

    Retry #1 ───────────────────────────────────────────────────────────────────────────────────────

    Error: [2mexpect([22m[31mreceived[39m[2m).[22mtoBe[2m([22m[32mexpected[39m[2m) // Object.is equality[22m

    Expected: [32m"1"[39m
    Received: [31m""[39m

      887 |     await localOfficeSettingsPage.reloadBasicInfo(OFFICE_NO);
      888 |     const value = await localOfficeSettingsPage.getInputValue('txtReturnDateOffset');
    > 889 |     expect(value).toBe('1');
          |                   ^
      890 |     // No additional cleanup needed — app already restored '1'.
      891 |   });
      892 |
        at C:\Users\rutvi\projects\encore_framework\clients\encore\specs\local-office\local-office-settings.spec.ts:889:19

    attachment #1: screenshot (image/png) ──────────────────────────────────────────────────────────
    reports\test-results\local-office-settings-Loca-b79d6--→-app-re-applies-default-1-encore-local-office-retry1\test-failed-1.png
    ────────────────────────────────────────────────────────────────────────────────────────────────

    Error Context: reports\test-results\local-office-settings-Loca-b79d6--→-app-re-applies-default-1-encore-local-office-retry1\error-context.md

    attachment #4: trace (application/zip) ─────────────────────────────────────────────────────────
    reports\test-results\local-office-settings-Loca-b79d6--→-app-re-applies-default-1-encore-local-office-retry1\trace.zip
    Usage:

        npx playwright show-trace reports\test-results\local-office-settings-Loca-b79d6--→-app-re-applies-default-1-encore-local-office-retry1\trace.zip

    ────────────────────────────────────────────────────────────────────────────────────────────────

  3) [encore-locations] › specs\locations\location-management-history.spec.ts:183:7 › Location Management History @locations @management-history › TC-LOC-MGH-015: Read-only -- no Add/Edit/Delete controls present 

    Error: [2mexpect([22m[31mreceived[39m[2m).[22mtoBe[2m([22m[32mexpected[39m[2m) // Object.is equality[22m

    Expected: [32mtrue[39m
    Received: [31mfalse[39m

      183 |   test('TC-LOC-MGH-015: Read-only -- no Add/Edit/Delete controls present', async ({ locationManagementHistoryPage, dependencyGate }) => {
      184 |     dependencyGate(['TC-LOC-MGH-001']);
    > 185 |     expect(await locationManagementHistoryPage.isReadOnly()).toBe(true);
          |                                                              ^
      186 |   });
      187 |
      188 |   test('TC-LOC-MGH-016: Read-only -- table cells are not interactive', async ({ locationManagementHistoryPage, dependencyGate }) => {
        at C:\Users\rutvi\projects\encore_framework\clients\encore\specs\locations\location-management-history.spec.ts:185:62

    attachment #1: screenshot (image/png) ──────────────────────────────────────────────────────────
    reports\test-results\location-management-histor-8e5dd-dit-Delete-controls-present-encore-locations\test-failed-1.png
    ────────────────────────────────────────────────────────────────────────────────────────────────

    Error Context: reports\test-results\location-management-histor-8e5dd-dit-Delete-controls-present-encore-locations\error-context.md

    attachment #4: trace (application/zip) ─────────────────────────────────────────────────────────
    reports\test-results\location-management-histor-8e5dd-dit-Delete-controls-present-encore-locations\trace.zip
    Usage:

        npx playwright show-trace reports\test-results\location-management-histor-8e5dd-dit-Delete-controls-present-encore-locations\trace.zip

    ────────────────────────────────────────────────────────────────────────────────────────────────

    Retry #1 ───────────────────────────────────────────────────────────────────────────────────────

    Error: [2mexpect([22m[31mreceived[39m[2m).[22mtoBe[2m([22m[32mexpected[39m[2m) // Object.is equality[22m

    Expected: [32mtrue[39m
    Received: [31mfalse[39m

      183 |   test('TC-LOC-MGH-015: Read-only -- no Add/Edit/Delete controls present', async ({ locationManagementHistoryPage, dependencyGate }) => {
      184 |     dependencyGate(['TC-LOC-MGH-001']);
    > 185 |     expect(await locationManagementHistoryPage.isReadOnly()).toBe(true);
          |                                                              ^
      186 |   });
      187 |
      188 |   test('TC-LOC-MGH-016: Read-only -- table cells are not interactive', async ({ locationManagementHistoryPage, dependencyGate }) => {
        at C:\Users\rutvi\projects\encore_framework\clients\encore\specs\locations\location-management-history.spec.ts:185:62

    attachment #1: screenshot (image/png) ──────────────────────────────────────────────────────────
    reports\test-results\location-management-histor-8e5dd-dit-Delete-controls-present-encore-locations-retry1\test-failed-1.png
    ────────────────────────────────────────────────────────────────────────────────────────────────

    Error Context: reports\test-results\location-management-histor-8e5dd-dit-Delete-controls-present-encore-locations-retry1\error-context.md

    attachment #4: trace (application/zip) ─────────────────────────────────────────────────────────
    reports\test-results\location-management-histor-8e5dd-dit-Delete-controls-present-encore-locations-retry1\trace.zip
    Usage:

        npx playwright show-trace reports\test-results\location-management-histor-8e5dd-dit-Delete-controls-present-encore-locations-retry1\trace.zip

    ────────────────────────────────────────────────────────────────────────────────────────────────

  4) [encore-locations] › specs\locations\location-shared-setup-locations.spec.ts:86:7 › Location Shared Setup Locations @locations @shared-setup › TC-LOC-SSL-035: clear-input restores full row count (BVA empty after non-empty) 

    Error: [2mexpect([22m[31mreceived[39m[2m).[22mtoBeGreaterThan[2m([22m[32mexpected[39m[2m)[22m

    Expected: > [32m3000[39m
    Received:   [31m2653[39m

    Call Log:
    - Timeout 10000ms exceeded while waiting on the predicate

       99 |       },
      100 |       expectBeforeSave: async () => {
    > 101 |         await expect.poll(() => pg.getDialogRowCount(), { timeout: 10_000 }).toBeGreaterThan(SEARCH_BULK_LOWER_BOUND);
          |                                                                              ^
      102 |       },
      103 |       saveAndConfirm: () => pg.clickDialogCancel(),
      104 |       reload: () => pg.reloadAndNavigateToSSLTab(OFFICE_NO),
        at Object.expectBeforeSave (C:\Users\rutvi\projects\encore_framework\clients\encore\specs\locations\location-shared-setup-locations.spec.ts:101:78)
        at saveAndVerifyCase (C:\Users\rutvi\projects\encore_framework\clients\encore\src\core\field-case-runner.ts:48:37)
        at C:\Users\rutvi\projects\encore_framework\clients\encore\specs\locations\location-shared-setup-locations.spec.ts:89:5

    attachment #1: screenshot (image/png) ──────────────────────────────────────────────────────────
    reports\test-results\location-shared-setup-loca-7c26d--BVA-empty-after-non-empty--encore-locations\test-failed-1.png
    ────────────────────────────────────────────────────────────────────────────────────────────────

    Error Context: reports\test-results\location-shared-setup-loca-7c26d--BVA-empty-after-non-empty--encore-locations\error-context.md

    attachment #4: trace (application/zip) ─────────────────────────────────────────────────────────
    reports\test-results\location-shared-setup-loca-7c26d--BVA-empty-after-non-empty--encore-locations\trace.zip
    Usage:

        npx playwright show-trace reports\test-results\location-shared-setup-loca-7c26d--BVA-empty-after-non-empty--encore-locations\trace.zip

    ────────────────────────────────────────────────────────────────────────────────────────────────

    Retry #1 ───────────────────────────────────────────────────────────────────────────────────────

    Error: [2mexpect([22m[31mreceived[39m[2m).[22mtoBeGreaterThan[2m([22m[32mexpected[39m[2m)[22m

    Expected: > [32m3000[39m
    Received:   [31m2653[39m

    Call Log:
    - Timeout 10000ms exceeded while waiting on the predicate

       99 |       },
      100 |       expectBeforeSave: async () => {
    > 101 |         await expect.poll(() => pg.getDialogRowCount(), { timeout: 10_000 }).toBeGreaterThan(SEARCH_BULK_LOWER_BOUND);
          |                                                                              ^
      102 |       },
      103 |       saveAndConfirm: () => pg.clickDialogCancel(),
      104 |       reload: () => pg.reloadAndNavigateToSSLTab(OFFICE_NO),
        at Object.expectBeforeSave (C:\Users\rutvi\projects\encore_framework\clients\encore\specs\locations\location-shared-setup-locations.spec.ts:101:78)
        at saveAndVerifyCase (C:\Users\rutvi\projects\encore_framework\clients\encore\src\core\field-case-runner.ts:48:37)
        at C:\Users\rutvi\projects\encore_framework\clients\encore\specs\locations\location-shared-setup-locations.spec.ts:89:5

    attachment #1: screenshot (image/png) ──────────────────────────────────────────────────────────
    reports\test-results\location-shared-setup-loca-7c26d--BVA-empty-after-non-empty--encore-locations-retry1\test-failed-1.png
    ────────────────────────────────────────────────────────────────────────────────────────────────

    Error Context: reports\test-results\location-shared-setup-loca-7c26d--BVA-empty-after-non-empty--encore-locations-retry1\error-context.md

    attachment #4: trace (application/zip) ─────────────────────────────────────────────────────────
    reports\test-results\location-shared-setup-loca-7c26d--BVA-empty-after-non-empty--encore-locations-retry1\trace.zip
    Usage:

        npx playwright show-trace reports\test-results\location-shared-setup-loca-7c26d--BVA-empty-after-non-empty--encore-locations-retry1\trace.zip

    ────────────────────────────────────────────────────────────────────────────────────────────────

  5) [encore-locations] › specs\locations\location-shared-setup-locations.spec.ts:837:7 › Location Shared Setup Locations @locations @shared-setup › TC-LOC-SSL-024: Already-added location is absent from Change Local Office dialog 

    Error: [2mexpect([22m[31mreceived[39m[2m).[22mnot[2m.[22mtoBe[2m([22m[32mexpected[39m[2m) // Object.is equality[22m

    Expected: not [32m"1565"[39m

      858 |     await expect.poll(() => pg.getDialogRowCount(), { timeout: 8_000 }).toBe(1);
      859 |     const row = await pg.getFirstDialogRowText();
    > 860 |     expect(row.localOffice).not.toBe(added!.localOffice);
          |                                 ^
      861 |     await pg.clickDialogCancel();
      862 |  // Cleanup: delete + save (use dynamic index)
      863 |     await pg.deleteNonSelfRow(added!.index);
        at C:\Users\rutvi\projects\encore_framework\clients\encore\specs\locations\location-shared-setup-locations.spec.ts:860:33

    attachment #1: screenshot (image/png) ──────────────────────────────────────────────────────────
    reports\test-results\location-shared-setup-loca-68b59--Change-Local-Office-dialog-encore-locations\test-failed-1.png
    ────────────────────────────────────────────────────────────────────────────────────────────────

    Error Context: reports\test-results\location-shared-setup-loca-68b59--Change-Local-Office-dialog-encore-locations\error-context.md

    attachment #4: trace (application/zip) ─────────────────────────────────────────────────────────
    reports\test-results\location-shared-setup-loca-68b59--Change-Local-Office-dialog-encore-locations\trace.zip
    Usage:

        npx playwright show-trace reports\test-results\location-shared-setup-loca-68b59--Change-Local-Office-dialog-encore-locations\trace.zip

    ────────────────────────────────────────────────────────────────────────────────────────────────

    Retry #1 ───────────────────────────────────────────────────────────────────────────────────────

    Error: [2mexpect([22m[31mreceived[39m[2m).[22mnot[2m.[22mtoBe[2m([22m[32mexpected[39m[2m) // Object.is equality[22m

    Expected: not [32m"1565"[39m

      858 |     await expect.poll(() => pg.getDialogRowCount(), { timeout: 8_000 }).toBe(1);
      859 |     const row = await pg.getFirstDialogRowText();
    > 860 |     expect(row.localOffice).not.toBe(added!.localOffice);
          |                                 ^
      861 |     await pg.clickDialogCancel();
      862 |  // Cleanup: delete + save (use dynamic index)
      863 |     await pg.deleteNonSelfRow(added!.index);
        at C:\Users\rutvi\projects\encore_framework\clients\encore\specs\locations\location-shared-setup-locations.spec.ts:860:33

    attachment #1: screenshot (image/png) ──────────────────────────────────────────────────────────
    reports\test-results\location-shared-setup-loca-68b59--Change-Local-Office-dialog-encore-locations-retry1\test-failed-1.png
    ────────────────────────────────────────────────────────────────────────────────────────────────

    Error Context: reports\test-results\location-shared-setup-loca-68b59--Change-Local-Office-dialog-encore-locations-retry1\error-context.md

    attachment #4: trace (application/zip) ─────────────────────────────────────────────────────────
    reports\test-results\location-shared-setup-loca-68b59--Change-Local-Office-dialog-encore-locations-retry1\trace.zip
    Usage:

        npx playwright show-trace reports\test-results\location-shared-setup-loca-68b59--Change-Local-Office-dialog-encore-locations-retry1\trace.zip

    ────────────────────────────────────────────────────────────────────────────────────────────────

  6) [encore-local-office] › specs\local-office\local-office-settings.spec.ts:136:7 › Local Office Settings — Basic Information @locations @local-office-settings › TC-LOS-BAS-006: Non-numeric input triggers aria-invalid, Save disabled 

    Error: [2mexpect([22m[31mreceived[39m[2m).[22mtoBe[2m([22m[32mexpected[39m[2m) // Object.is equality[22m

    Expected: [32mtrue[39m
    Received: [31mfalse[39m

    Call Log:
    - Timeout 5000ms exceeded while waiting on the predicate

      137 |     dependencyGate(['TC-LOS-BAS-001']);
      138 |     await localOfficeSettingsPage.fillAndTab('txtPrepDateOffset', DATE_OFFSET_TEST_VALUES.invalid);
    > 139 |     await expect.poll(() => localOfficeSettingsPage.isFieldInvalid('txtPrepDateOffset'), { timeout: 5_000 }).toBe(true);
          |                                                                                                              ^
      140 |     expect(await localOfficeSettingsPage.isSaveEnabled()).toBe(false);
      141 |  // Reload to ensure clean Angular model — typing 'abc' then '-1' can leave Prep model as NaN
      142 |     await localOfficeSettingsPage.reloadBasicInfo(OFFICE_NO);
        at C:\Users\rutvi\projects\encore_framework\clients\encore\specs\local-office\local-office-settings.spec.ts:139:110

    attachment #1: screenshot (image/png) ──────────────────────────────────────────────────────────
    reports\test-results\local-office-settings-Loca-1b296--aria-invalid-Save-disabled-encore-local-office\test-failed-1.png
    ────────────────────────────────────────────────────────────────────────────────────────────────

    Error Context: reports\test-results\local-office-settings-Loca-1b296--aria-invalid-Save-disabled-encore-local-office\error-context.md

    attachment #4: trace (application/zip) ─────────────────────────────────────────────────────────
    reports\test-results\local-office-settings-Loca-1b296--aria-invalid-Save-disabled-encore-local-office\trace.zip
    Usage:

        npx playwright show-trace reports\test-results\local-office-settings-Loca-1b296--aria-invalid-Save-disabled-encore-local-office\trace.zip

    ────────────────────────────────────────────────────────────────────────────────────────────────

  7) [encore-locations] › specs\locations\history\location-hist-notes.spec.ts:189:7 › Location Management HIST — Notes col 69 @locations @management-history @notes-hist › TC-LOC-NTS-032: HIST col 69 — unicode (Latin diacritic + CJK + dingbat) 

    TimeoutError: locator.click: Timeout 10000ms exceeded.
    Call log:
    [2m  - waiting for locator('[data-testid="location-settings-sub-tab-notes"]')[22m


       at src\core\base-page.ts:123

      121 |       try {
      122 |         const element = this.getElement(elementName);
    > 123 |         await element.click({ timeout });
          |                       ^
      124 |         callRecord.push({ attemptN: attempt, durationMs: Date.now() - startMs, outcome: 'pass' });
      125 |         recordRetryCall('click', callRecord);
      126 |         Log.info(`[OK] Click successful: ${elementName}`);
        at LocationNotesPage.clickWithRetry (C:\Users\rutvi\projects\encore_framework\clients\encore\src\core\base-page.ts:123:23)
        at LocationNotesPage.clickNotesTab (C:\Users\rutvi\projects\encore_framework\clients\encore\src\pages\locations\location-notes.page.ts:37:5)
        at C:\Users\rutvi\projects\encore_framework\clients\encore\specs\locations\history\location-hist-notes.spec.ts:204:7

    attachment #1: screenshot (image/png) ──────────────────────────────────────────────────────────
    reports\test-results\history-location-hist-note-f637b-atin-diacritic-CJK-dingbat--encore-locations\test-failed-1.png
    ────────────────────────────────────────────────────────────────────────────────────────────────

    Error Context: reports\test-results\history-location-hist-note-f637b-atin-diacritic-CJK-dingbat--encore-locations\error-context.md

    attachment #4: trace (application/zip) ─────────────────────────────────────────────────────────
    reports\test-results\history-location-hist-note-f637b-atin-diacritic-CJK-dingbat--encore-locations\trace.zip
    Usage:

        npx playwright show-trace reports\test-results\history-location-hist-note-f637b-atin-diacritic-CJK-dingbat--encore-locations\trace.zip

    ────────────────────────────────────────────────────────────────────────────────────────────────

  8) [encore-locations] › specs\locations\location-account-address.spec.ts:70:7 › Location Account and Address @locations @account-address › TC-LOC-ACC-030: Account List Account Number filter returns matching account 

    TimeoutError: page.waitForFunction: Timeout 15000ms exceeded.

       at src\pages\locations\location-account-address.page.ts:274

      272 |     // 30×500ms = 15s. Selector is rebuilt from the same testid (single source of truth).
      273 |     const firstDataCellSelector = `${this.getLocator('tblAccListResults')} tbody tr:first-child td:nth-child(2)`;
    > 274 |     await this.page.waitForFunction(
          |                     ^
      275 |       (selector: string) => {
      276 |         const el = document.querySelector(selector);
      277 |         return !!el && (el.textContent ?? '').trim().length > 0;
        at LocationAccountAddressPage.searchAccountByFilter (C:\Users\rutvi\projects\encore_framework\clients\encore\src\pages\locations\location-account-address.page.ts:274:21)
        at LocationAccountAddressPage.searchAccountByNumber (C:\Users\rutvi\projects\encore_framework\clients\encore\src\pages\locations\location-account-address.page.ts:260:5)
        at C:\Users\rutvi\projects\encore_framework\clients\encore\specs\locations\location-account-address.spec.ts:74:5

    attachment #1: screenshot (image/png) ──────────────────────────────────────────────────────────
    reports\test-results\location-account-address-L-e12fc-er-returns-matching-account-encore-locations\test-failed-1.png
    ────────────────────────────────────────────────────────────────────────────────────────────────

    Error Context: reports\test-results\location-account-address-L-e12fc-er-returns-matching-account-encore-locations\error-context.md

    attachment #4: trace (application/zip) ─────────────────────────────────────────────────────────
    reports\test-results\location-account-address-L-e12fc-er-returns-matching-account-encore-locations\trace.zip
    Usage:

        npx playwright show-trace reports\test-results\location-account-address-L-e12fc-er-returns-matching-account-encore-locations\trace.zip

    ────────────────────────────────────────────────────────────────────────────────────────────────

  9) [encore-locations] › specs\locations\location-account-address.spec.ts:273:7 › Location Account and Address @locations @account-address › TC-LOC-ACC-020: Save changes persist after page reload 

    Error: [2mexpect([22m[31mreceived[39m[2m).[22mtoBe[2m([22m[32mexpected[39m[2m) // Object.is equality[22m

    Expected: [32m"555-000-0001"[39m
    Received: [31m""[39m

    Call Log:
    - Timeout 5000ms exceeded while waiting on the predicate

      278 |  // Defensive poll: reloadAndNavigate now awaits getLocationDetail hydration (where phone2
      279 |  // binds), so phone2 should be populated by the time we read. Poll retained as safety net.
    > 280 |     await expect.poll(() => locationAccountAddressPage.getPhone2Value(), { timeout: 5_000 }).toBe(TEST_PHONE2_VALUE);
          |                                                                                              ^
      281 |     expect(await locationAccountAddressPage.isSaveEnabled()).toBe(false);
      282 |  // Cleanup: restore Phone 2 to empty baseline
      283 |     await locationAccountAddressPage.fillPhone2('');
        at C:\Users\rutvi\projects\encore_framework\clients\encore\specs\locations\location-account-address.spec.ts:280:94

    attachment #1: screenshot (image/png) ──────────────────────────────────────────────────────────
    reports\test-results\location-account-address-L-70a79-s-persist-after-page-reload-encore-locations\test-failed-1.png
    ────────────────────────────────────────────────────────────────────────────────────────────────

    Error Context: reports\test-results\location-account-address-L-70a79-s-persist-after-page-reload-encore-locations\error-context.md

    attachment #4: trace (application/zip) ─────────────────────────────────────────────────────────
    reports\test-results\location-account-address-L-70a79-s-persist-after-page-reload-encore-locations\trace.zip
    Usage:

        npx playwright show-trace reports\test-results\location-account-address-L-70a79-s-persist-after-page-reload-encore-locations\trace.zip

    ────────────────────────────────────────────────────────────────────────────────────────────────

  10) [encore-locations] › specs\locations\location-currency.spec.ts:212:7 › Location Currency @locations @currency › TC-LOC-CUR-021: Selected currency persists after save and reload 

    Error: [2mexpect([22m[31mreceived[39m[2m).[22mtoBe[2m([22m[32mexpected[39m[2m) // Object.is equality[22m

    Expected: [32mtrue[39m
    Received: [31mfalse[39m

      222 |  // Reload and verify persistence
      223 |     await locationCurrencyPage.reloadAndNavigateToCurrencyTab();
    > 224 |     expect((await locationCurrencyPage.getCheckboxState('chkCADSelected')).checked).toBe(true);
          |                                                                                     ^
      225 |  // Cleanup: uncheck CAD → save
      226 |     await locationCurrencyPage.uncheckCheckbox('chkCADSelected');
      227 |     await locationCurrencyPage.clickSave();
        at C:\Users\rutvi\projects\encore_framework\clients\encore\specs\locations\location-currency.spec.ts:224:85

    attachment #1: screenshot (image/png) ──────────────────────────────────────────────────────────
    reports\test-results\location-currency-Location-8b022-sists-after-save-and-reload-encore-locations\test-failed-1.png
    ────────────────────────────────────────────────────────────────────────────────────────────────

    Error Context: reports\test-results\location-currency-Location-8b022-sists-after-save-and-reload-encore-locations\error-context.md

    attachment #4: trace (application/zip) ─────────────────────────────────────────────────────────
    reports\test-results\location-currency-Location-8b022-sists-after-save-and-reload-encore-locations\trace.zip
    Usage:

        npx playwright show-trace reports\test-results\location-currency-Location-8b022-sists-after-save-and-reload-encore-locations\trace.zip

    ────────────────────────────────────────────────────────────────────────────────────────────────

  11) [encore-locations] › specs\locations\location-notes.spec.ts:42:7 › Location Notes — FCC @locations @notes @fcc › TC-LOC-NTS-039: 1-char persist (BVA min) 

    [31mTest timeout of 30000ms exceeded while running "beforeEach" hook.[39m

      33 |   // D-2 lifecycle refactor 2026-05-21: DOM-presence beats url.includes
      34 |   // (shared `settings/location` URL across sub-tabs).
    > 35 |   test.beforeEach(async ({ locationNotesPage }) => {
         |        ^
      36 |     if (!(await locationNotesPage.isOnNotesTab())) {
      37 |       await locationNotesPage.navigateToNotesTab(OFFICE_NO);
      38 |     }
        at C:\Users\rutvi\projects\encore_framework\clients\encore\specs\locations\location-notes.spec.ts:35:8

    TimeoutError: locator.waitFor: Timeout 30000ms exceeded.
    Call log:
    [2m  - waiting for locator('[data-testid="location-settings-sub-tab-notes"]') to be visible[22m


       at src\core\base-page.ts:447

      445 |     }
      446 |     const tab = this.getElement(tabKey);
    > 447 |     await tab.waitFor({ state: 'visible', timeout: 30_000 });
          |               ^
      448 |     const isSelected = await tab.getAttribute('aria-selected').catch(() => null);
      449 |     if (isSelected !== 'true') {
      450 |       await tab.click();
        at LocationNotesPage.navigateToSubTab (C:\Users\rutvi\projects\encore_framework\clients\encore\src\core\base-page.ts:447:15)
        at LocationNotesPage.navigateToNotesTab (C:\Users\rutvi\projects\encore_framework\clients\encore\src\pages\locations\location-notes.page.ts:18:16)
        at C:\Users\rutvi\projects\encore_framework\clients\encore\specs\locations\location-notes.spec.ts:37:31

    attachment #1: screenshot (image/png) ──────────────────────────────────────────────────────────
    reports\test-results\location-notes-Location-No-79a66-039-1-char-persist-BVA-min--encore-locations\test-failed-1.png
    ────────────────────────────────────────────────────────────────────────────────────────────────

    Error Context: reports\test-results\location-notes-Location-No-79a66-039-1-char-persist-BVA-min--encore-locations\error-context.md

    attachment #4: trace (application/zip) ─────────────────────────────────────────────────────────
    reports\test-results\location-notes-Location-No-79a66-039-1-char-persist-BVA-min--encore-locations\trace.zip
    Usage:

        npx playwright show-trace reports\test-results\location-notes-Location-No-79a66-039-1-char-persist-BVA-min--encore-locations\trace.zip

    ────────────────────────────────────────────────────────────────────────────────────────────────

  5 failed
    [encore-local-office] › specs\local-office\local-office-history.spec.ts:55:7 › Local Office Settings — History Tab @locations @local-office-history › TC-LOS-HIS-006: History tab is read-only — no Save, no editable fields 
    [encore-local-office] › specs\local-office\local-office-settings.spec.ts:878:7 › Local Office Settings — Basic Information @locations @local-office-settings › TC-LOS-BAS-065: Clear Return offset → save → reload → app re-applies default 1 
    [encore-locations] › specs\locations\location-management-history.spec.ts:183:7 › Location Management History @locations @management-history › TC-LOC-MGH-015: Read-only -- no Add/Edit/Delete controls present 
    [encore-locations] › specs\locations\location-shared-setup-locations.spec.ts:86:7 › Location Shared Setup Locations @locations @shared-setup › TC-LOC-SSL-035: clear-input restores full row count (BVA empty after non-empty) 
    [encore-locations] › specs\locations\location-shared-setup-locations.spec.ts:837:7 › Location Shared Setup Locations @locations @shared-setup › TC-LOC-SSL-024: Already-added location is absent from Change Local Office dialog 
  6 flaky
    [encore-local-office] › specs\local-office\local-office-settings.spec.ts:136:7 › Local Office Settings — Basic Information @locations @local-office-settings › TC-LOS-BAS-006: Non-numeric input triggers aria-invalid, Save disabled 
    [encore-locations] › specs\locations\history\location-hist-notes.spec.ts:189:7 › Location Management HIST — Notes col 69 @locations @management-history @notes-hist › TC-LOC-NTS-032: HIST col 69 — unicode (Latin diacritic + CJK + dingbat) 
    [encore-locations] › specs\locations\location-account-address.spec.ts:70:7 › Location Account and Address @locations @account-address › TC-LOC-ACC-030: Account List Account Number filter returns matching account 
    [encore-locations] › specs\locations\location-account-address.spec.ts:273:7 › Location Account and Address @locations @account-address › TC-LOC-ACC-020: Save changes persist after page reload 
    [encore-locations] › specs\locations\location-currency.spec.ts:212:7 › Location Currency @locations @currency › TC-LOC-CUR-021: Selected currency persists after save and reload 
    [encore-locations] › specs\locations\location-notes.spec.ts:42:7 › Location Notes — FCC @locations @notes @fcc › TC-LOC-NTS-039: 1-char persist (BVA min) 
  22 skipped
  337 passed (32.7m)
PLAYWRIGHT_EXIT=1
RUN2 END 16:04:33
